record_id,label,logit_seed_20262259,logit_seed_20262260,logit_seed_20262261,ensemble_logit,ensemble_probability
sub-I0002150000076_ses-1,0,-1.1441507935523987,-1.7977692801505327,-2.0425720810890198,-1.6614973849306505,0.15956109322510384
sub-I0002150000367_ses-1,0,-1.2609323263168335,-0.7296589128673077,-0.820263147354126,-0.9369514621794224,0.28151654412203286
sub-I0002150000453_ses-1,0,-5.116552323102951,-4.766582360491157,-5.491778641939163,-5.12497110851109,0.005911238628757727
sub-I0002150000540_ses-2,0,-4.604143835604191,-4.790725626051426,-4.331176549196243,-4.575348670283954,0.010197642983487066
sub-I0002150000686_ses-1,1,1.7998363375663757,2.0612674355506897,2.0903156399726868,1.9838064710299175,0.8790863495759493
sub-I0002150001365_ses-1,0,0.9149395823478699,0.9307356337085366,0.797435998916626,0.8810370716576775,0.7070370817161119
sub-I0002150001401_ses-2,1,3.1578271985054016,3.655305027961731,3.1307185888290405,3.314616938432058,0.9649268677186073
sub-I0002150001677_ses-1,0,-2.2144035696983337,-2.2103264559991658,-1.9962800964713097,-2.140336707389603,0.10523768002747483
sub-I0002150001924_ses-1,0,-0.12361785769462585,-0.05045565962791443,0.05049813911318779,-0.04119179273645083,0.48970350766766235
sub-I0002150002150_ses-2,1,2.254416346549988,2.1255503594875336,2.5302257984876633,2.3033975015083947,0.9091580279798591
sub-I0002150002662_ses-1,1,4.225216865539551,4.402029275894165,4.342756271362305,4.323334137598674,0.9869177988626979
sub-I0002150002983_ses-1,0,2.6942416429519653,2.7035268247127533,2.4222325682640076,2.606667011976242,0.9312894266075048
sub-I0002150002994_ses-1,1,3.3343394994735718,3.250489830970764,3.8989279866218567,3.4945857723553977,0.9705333248897997
sub-I0002150003498_ses-2,0,-3.9290120899677277,-3.0511752367019653,-4.001952171325684,-3.660713165998459,0.025069525726446593
sub-I0002150003895_ses-1,0,-1.115329772233963,-1.3039282280951738,-0.6830710954964161,-1.0341096986085176,0.26228812949336594
sub-I0002150004526_ses-1,1,1.6290257573127747,1.6455352045595646,1.6432839632034302,1.6392816416919231,0.8374371665826704
sub-I0002150004552_ses-1,0,-0.9542310237884521,-1.9155486822128296,-1.966471403837204,-1.6120837032794952,0.16629951972809578
sub-I0002150005178_ses-1,0,1.2086607813835144,1.3749927580356598,0.38152044266462326,0.9883913273612658,0.7287700623110283
sub-I0002150005420_ses-1,1,2.32999587059021,2.3685168027877808,1.9504332691431046,2.2163153141736984,0.901705093929879
sub-I0002150005764_ses-1,0,2.005694329738617,1.541833832859993,0.957182914018631,1.5015703588724136,0.8178085728544489
sub-I0002150005830_ses-1,1,0.9427087754011154,1.9292826652526855,1.0953445732593536,1.3224453379710515,0.7895882593414296
sub-I0002150005907_ses-1,0,-2.5939886569976807,-1.9443087577819824,-2.5097525119781494,-2.3493499755859375,0.08711745371157127
sub-I0002150006084_ses-1,0,2.72244656085968,2.9606908559799194,2.509457528591156,2.7308649818102517,0.9388235353241186
sub-I0002150006420_ses-1,0,0.38484352827072144,0.9548509418964386,0.6002440303564072,0.646646166841189,0.6562542865523389
sub-I0002150007137_ses-1,1,2.4590805172920227,3.37113881111145,2.222778022289276,2.6843324502309165,0.9360957829802695
sub-I0002150007182_ses-1,0,-1.528186023235321,-0.3607270121574402,-0.8653692305088043,-0.9180940886338552,0.2853463959871597
sub-I0002150007608_ses-2,0,-3.4697452783584595,-2.6236366033554077,-3.5192512664943933,-3.2042110494027534,0.0390075607209838
sub-I0002150007890_ses-1,0,1.7453795075416565,2.3140901923179626,2.038987636566162,2.0328191121419272,0.8842000405351782
sub-I0002150008997_ses-2,0,-3.527349352836609,-2.8427127599716187,-1.9149141311645508,-2.7616587479909263,0.059431575065059715
sub-I0002150011720_ses-2,0,-1.0297633409500122,-0.293973445892334,-0.7625610828399658,-0.6954326232274374,0.3328256507858736
sub-I0002150012879_ses-2,0,-3.91184663772583,-3.6204209327697754,-3.2221129536628723,-3.584793508052826,0.026993530419966275
sub-I0002150013405_ses-1,1,-0.6129953861236572,-0.5399255752563477,-0.7897840738296509,-0.6475683450698853,0.3435377142289597
sub-I0002150014113_ses-1,1,2.3705171942710876,2.326931744813919,2.814076915383339,2.5038419514894485,0.9244107165505486
sub-I0002150014983_ses-2,1,2.5187724232673645,2.364333391189575,2.3014813661575317,2.394862393538157,0.916434695425672
sub-I0002150021789_ses-1,0,1.886587679386139,2.1482874155044556,2.5153380632400513,2.1834043860435486,0.8987492886625364
sub-I0002150021811_ses-1,0,-3.377423942089081,-3.492738962173462,-2.296826660633087,-3.0556631882985434,0.044973606220664375
sub-I0002150021933_ses-2,0,0.7152601778507233,1.0382746756076813,0.8976521492004395,0.8837290008862814,0.7075943652910817
sub-I0002150021958_ses-6,1,0.2254277467727661,0.2136053740978241,-0.4495809078216553,-0.0035159289836883545,0.4991210186595572
sub-I0002150022030_ses-1,0,-2.37747859954834,-2.7809270322322845,-2.6889691948890686,-2.615791608889898,0.0681289884035537
sub-I0002150022286_ses-1,0,-0.375447154045105,-0.017042040824890137,-0.5109661817550659,-0.3011517922083537,0.42527594218076986
sub-I0002150022408_ses-1,0,-3.666460543870926,-2.9418576285243034,-3.5952211767435074,-3.4011797830462456,0.032258613905123065
sub-I0002150022822_ses-1,0,-2.4197717905044556,-1.881406307220459,-2.705311417579651,-2.335496505101522,0.08822551277047312
sub-I0002150022948_ses-1,0,-4.110861718654633,-3.8591819182038307,-4.538718223571777,-4.1695872868100805,0.01522330718468373
sub-I0002150023029_ses-1,0,0.9922074154019356,0.8988911882042885,0.8547554761171341,0.9152846932411194,0.7140803560252191
sub-I0002150023048_ses-1,0,-4.0042301416397095,-3.936248004436493,-3.4243560805916786,-3.78827807555596,0.02213356025994507
sub-I0002150023772_ses-3,0,-0.7228989601135254,-0.6423492431640625,-0.455111026763916,-0.6067864100138346,0.3527926092880271
sub-I0002150023931_ses-1,0,0.44315169751644135,0.20409203320741653,0.4372408390045166,0.36149485657612485,0.5894022484565965
sub-I0002150024091_ses-1,0,-4.236337721347809,-3.9750385880470276,-4.697586491703987,-4.302987600366275,0.013347515785843119
sub-I0002150024135_ses-1,0,-2.352762281894684,-0.7051146626472473,-1.6820401549339294,-1.5799723664919536,0.17079939563656862
sub-I0002150024301_ses-1,0,-1.168271541595459,-0.6017247438430786,0.008798032999038696,-0.5870660841464996,0.35730831362700455
sub-I0002150024406_ses-3,0,-0.42393314838409424,0.12649083137512207,-1.427676498889923,-0.5750396052996317,0.3600747773216375
sub-I0002150024475_ses-3,0,-1.4055373668670654,-0.36423152685165405,-0.9374714493751526,-0.9024134476979574,0.28855478574644583
sub-I0002150024576_ses-2,1,0.45513902604579926,0.1709577441215515,0.9309208691120148,0.5190058797597885,0.6269152783847978
sub-I0002150024833_ses-1,0,0.6672901511192322,0.32514554262161255,1.4253230690956116,0.8059195876121521,0.6912393122319335
sub-I0002150024978_ses-1,0,1.1330487579107285,1.1120788753032684,1.1457946002483368,1.1303074111541112,0.7558956262724383
sub-I0002150024990_ses-1,0,-0.6799075901508331,-0.767962634563446,-0.7171195149421692,-0.7216632465521494,0.32702682990456855
sub-I0002150025056_ses-1,0,0.8822857663035393,0.9247294618398882,1.1927273571491241,0.9999141950975172,0.7310417080277806
sub-I0002150025449_ses-2,0,2.2389577627182007,2.156094253063202,2.065329074859619,2.153460363547007,0.8959916923264135
sub-I0002150025496_ses-1,1,-1.0320862531661987,-1.573026180267334,0.15461181104183197,-0.8168335407972336,0.3064362243861356
sub-I0002150025589_ses-1,0,-0.9443669319152832,-1.0374017357826233,-0.21966105699539185,-0.7338099082310995,0.3243592267286484
sub-I0002150025673_ses-1,1,1.2932248711585999,2.1414448022842407,1.17398402094841,1.5362178981304169,0.8229142461234576
sub-I0002150025770_ses-3,0,-1.6677152663469315,-2.883995895215776,-1.459481567144394,-2.003730909569034,0.11881175663966172
sub-I0002150025802_ses-2,0,2.8295358419418335,2.483992040157318,2.4636932015419006,2.5924070278803506,0.9303713073050381
sub-I0002150025883_ses-3,0,-2.3192392587661743,-2.890965759754181,-2.2024864554405212,-2.470897157986959,0.07792374844378469
sub-I0002150026011_ses-2,0,-0.8053984940052032,-1.122157096862793,-0.6550623308867216,-0.860872640584906,0.297157058276992
sub-I0002150026055_ses-1,0,-2.5874508023262024,-2.939840719103813,-2.4140996634960175,-2.647130394975344,0.06616609647738077
sub-I0002150026121_ses-1,1,-1.2887018918991089,-0.23882079124450684,-0.6931285858154297,-0.7402170896530151,0.3229566740556802
sub-I0002150026469_ses-2,0,3.753895401954651,4.389725208282471,4.7852418422698975,4.309620817502339,0.986739558036182
sub-I0002150026540_ses-2,0,-4.51482218503952,-3.6675733625888824,-4.185892105102539,-4.122762550910314,0.01594145331090999
sub-I0002150026709_ses-1,0,-0.5932703018188477,-0.10623455047607422,-0.41686832904815674,-0.3721243937810262,0.40802779304435594
sub-I0002150026955_ses-3,0,-1.8647027015686035,0.07674741744995117,-0.5962083339691162,-0.7947212060292562,0.3111558349857672
sub-I0002150027306_ses-1,0,2.054593801498413,2.493449091911316,2.3243919610977173,2.290811618169149,0.9081131968621006
sub-I0002150027361_ses-4,0,-6.114562749862671,-9.263735294342041,-4.582727670669556,-6.653675238291423,0.0012876149048995646
sub-I0002150027404_ses-2,0,1.0931811332702637,1.0806146934628487,0.8243427721317858,0.9993795329549661,0.7309365699169967
sub-I0002150027630_ses-2,0,-4.17152976244688,-4.113912897184491,-3.5106820166110992,-3.9320415587474904,0.019226697084293084
sub-I0002150027698_ses-1,0,-2.904215019196272,-3.9564086790196598,-2.5446486473083496,-3.135090781841427,0.04168277899298754
sub-I0002150027704_ses-1,0,-1.3689351081848145,-1.7119354009628296,-1.2254801988601685,-1.4354502360026042,0.19225089452073618
sub-I0002150027762_ses-1,1,0.33430832624435425,-0.49692946672439575,0.5761329084634781,0.13783725599447885,0.534404859432808
sub-I0002150027837_ses-1,0,1.6401830315589905,2.1434287428855896,0.9741087183356285,1.5859068309267361,0.8300394432908113
sub-I0002150027991_ses-1,0,-1.6875922232866287,-1.6173459887504578,-1.4669665545225143,-1.5906349221865337,0.1692945865822856
sub-I0002150028041_ses-1,0,-2.793591260910034,-2.8949114084243774,-3.288367299363017,-2.9922899895658097,0.04777540359841832
sub-I0002150028100_ses-1,0,-4.751895010471344,-5.852330207824707,-3.6959123760461807,-4.766712531447411,0.00843652449523605
sub-I0002150028102_ses-1,0,-3.5288020968437195,-3.3743220269680023,-3.2021790742874146,-3.368434399366379,0.033296665584481945
sub-I0002150028106_ses-1,0,-2.1718255281448364,-2.3837669491767883,-2.8856260553002357,-2.4804061775406203,0.07724324615919301
sub-I0002150028129_ses-2,0,-2.2684115171432495,-1.258497416973114,-2.5783970952033997,-2.0351020097732544,0.11556641776398205
sub-I0002150028151_ses-1,0,-2.7736306190490723,-2.306966185569763,-2.477929711341858,-2.5195088386535645,0.07450180429538775
sub-I0002150028152_ses-1,0,-3.550742745399475,-2.460891842842102,-4.35760360211134,-3.456412730117639,0.030578192423519973
sub-I0002150028160_ses-1,0,-2.81556636095047,-3.2909311102121137,-3.110203266143799,-3.0722335791021274,0.044267233866415755
sub-I0002150028167_ses-1,0,-1.8280848115682602,-1.9259000848978758,-2.2820756658911705,-2.0120201874524355,0.11794664486776052
sub-I0002150028175_ses-1,0,-3.9911829233169556,-3.5458552576601505,-3.8555603101849556,-3.797532830387354,0.02193413682046872
sub-I0002150028177_ses-1,0,-0.33096233010292053,-0.028705764561891556,-0.22578255832195282,-0.19515021766225496,0.45136669202421986
sub-I0002150028179_ses-2,0,1.3847901672124863,1.431823045015335,1.6466229259967804,1.4877453794082005,0.8157396251832865
sub-I0002150028200_ses-2,0,-0.4916006922721863,-0.43313276767730713,-0.9642419219017029,-0.6296584606170654,0.34758798485817427
sub-I0002150028201_ses-1,0,-2.4894415140151978,-2.0965424701571465,-2.8861949257552624,-2.490726303309202,0.07651086318729569
sub-I0002150028211_ses-1,0,-2.273513376712799,-2.347733974456787,-2.23147115111351,-2.284239500761032,0.09243667727145627
sub-I0002150028213_ses-1,0,-3.5420812219381332,-2.2779688239097595,-2.550381049513817,-2.790143698453903,0.057859121568491975
sub-I0002150028214_ses-3,0,2.51478374004364,2.448249399662018,2.56175434589386,2.508262495199839,0.9247190255170934
sub-I0002150028218_ses-1,0,-3.4352669715881348,-4.302309155464172,-4.461012065410614,-4.066196064154307,0.016853561772664675
sub-I0002150028223_ses-1,0,-2.0880308747291565,-1.8526278734207153,-1.4008443355560303,-1.7805010279019673,0.14424127832052192
sub-I0002150028226_ses-1,0,-4.683087229728699,-4.828417663404252,-5.654950946569443,-5.055485279900798,0.00633389870757559
sub-I0002150028231_ses-2,0,-0.6001207232475281,-0.04140534996986389,-0.2605876624584198,-0.30070457855860394,0.4253852521441981
sub-I0002150028245_ses-1,0,-4.642406590282917,-4.419127479195595,-4.954582542181015,-4.672038870553176,0.009266508823266253
sub-I0002150028247_ses-1,0,-0.8469133377075195,-0.18842613697052002,-0.3843669891357422,-0.47323548793792725,0.38385073345597354
sub-I0002150028255_ses-1,0,-4.989004611968994,-5.4170613288879395,-3.72661292552948,-4.710892955462138,0.00891652068507032
sub-I0002150028257_ses-1,0,-4.542527288198471,-4.589105099439621,-4.122155167162418,-4.417929184933503,0.011915487777816534
sub-I0002150028261_ses-1,0,1.8279868960380554,1.440586507320404,0.4407193958759308,1.23643093307813,0.7749421555706052
sub-I0002150028285_ses-1,0,-3.001002073287964,-3.3209365606307983,-3.581875294446945,-3.301271309455236,0.03552760162476392
sub-I0002150028298_ses-1,0,-0.43636977672576904,-1.3389121294021606,0.061699360609054565,-0.571194181839625,0.3609613193101746
sub-I0002150028319_ses-1,0,-2.0924350544810295,-1.8622421119362116,-1.8632666766643524,-1.939314614360531,0.12572317262698482
sub-I0002150028328_ses-1,0,0.47052517533302307,0.008720342069864273,0.05384761095046997,0.1776977094511191,0.544307898068901
sub-I0002150028332_ses-1,0,-3.096153497695923,-3.073651909828186,-3.081118761561811,-3.0836413896953068,0.04378709764911264
sub-I0002150028343_ses-2,0,-0.41869688034057617,0.2940702438354492,-1.2175931334495544,-0.4474065899848938,0.38997754914825866
sub-I0002150028357_ses-3,0,-2.08126300573349,-2.2052141577005386,-2.7001943103969097,-2.3288904912769794,0.08875835973230307
sub-I0002150028365_ses-1,0,-0.9343124628067017,-0.9126267433166504,-1.7066315412521362,-1.184523582458496,0.2342398191017163
sub-I0002150028366_ses-1,0,-0.266771137714386,-0.463531494140625,-0.146113783121109,-0.29213880499204,0.427480333010899
sub-I0002150028369_ses-2,0,-1.203632652759552,-1.2132750749588013,-1.7390574365854263,-1.3853217214345932,0.20015566775996774
sub-I0002150028370_ses-1,0,-3.6097607612609863,-3.4084304943680763,-4.1406330317258835,-3.719608095784982,0.023669633129054322
sub-I0002150028372_ses-1,0,-1.7879902720451355,-2.208734452724457,-2.6212806701660156,-2.206001798311869,0.09921281887094918
sub-I0002150028374_ses-1,0,-2.0723660588264465,-2.0498363077640533,-2.303951859474182,-2.142051408688227,0.10507632836349277
sub-I0002150028377_ses-1,0,-2.7629830837249756,-1.2173808813095093,-3.064242362976074,-2.348202109336853,0.0872087844967688
sub-I0002150028391_ses-1,0,-1.6579384803771973,-0.5512950420379639,-1.6862308979034424,-1.2984881401062012,0.214419570456736
sub-I0002150028394_ses-5,0,-1.0549700260162354,-1.9381996393203735,-2.45729798078537,-1.8168225487073262,0.13981557890554713
sub-I0002150028400_ses-1,0,-5.441360414028168,-4.703328043222427,-5.170111298561096,-5.10493325193723,0.00603016040651698
sub-I0002150028410_ses-1,0,-5.220273390412331,-5.057406648993492,-5.403251196723431,-5.226977078709751,0.005341053044162736
sub-I0002150028416_ses-1,0,-1.5706234574317932,-1.5260432064533234,-1.5904295146465302,-1.5623653928438823,0.17330749051829797
sub-I0002150028417_ses-1,0,-4.530157404951751,-3.578008060285356,-4.8361130356788635,-4.314759500305324,0.013193372243618561
sub-I0002150028434_ses-2,0,0.1526341438293457,-0.3900974493008107,-0.014518886804580688,-0.08399406409201522,0.47901382065598835
sub-I0002150028449_ses-1,0,-3.031001813709736,-3.194865718483925,-2.0701082348823547,-2.765325255692005,0.059226950023456085
sub-I0002150028451_ses-1,0,0.9470095634460449,0.8966522216796875,1.147101640701294,0.9969211419423422,0.7304528079304436
sub-I0002150028458_ses-2,0,-1.4826837480068207,-1.8987725153565407,-0.7279572933912277,-1.3698045189181964,0.2026514311767547
sub-I0002150028504_ses-1,0,-4.7925097942352295,-4.5085766315460205,-4.743186056613922,-4.68142416079839,0.009180741492362665
sub-I0002150028506_ses-1,0,0.43099868297576904,1.3692723512649536,0.46664631366729736,0.75563911596934,0.6804061907923947
sub-I0002150028510_ses-1,0,-3.123102307319641,-2.0926943123340607,-2.542293933685869,-2.5860301844465234,0.0700429234579202
sub-I0002150028512_ses-1,0,-0.33268600702285767,-1.0211130380630493,0.20901793241500854,-0.3815937042236328,0.40574257256427254
sub-I0002150028530_ses-1,0,-4.799089670181274,-3.834144651889801,-4.7115360498428345,-4.44825679063797,0.011563660310450868
sub-I0002150028536_ses-2,0,-0.10570497810840607,0.4729987038881518,-0.14849792420864105,0.07293193385703489,0.5182249058890628
sub-I0002150028540_ses-1,0,-2.471475303173065,-2.5053811073303223,-1.2462466955184937,-2.0743677020072937,0.11161322074416347
sub-I0002150028541_ses-1,0,-1.8479237630963326,-2.987985311076045,-1.8837961852550507,-2.239901753142476,0.09622408541078523
sub-I0002150028545_ses-1,0,-4.960181951522827,-5.080424189567566,-4.8035173416137695,-4.948041160901387,0.007047281133206829
sub-I0002150028553_ses-2,0,-1.0795347094535828,-1.0546665787696838,-0.3011586666107178,-0.8117866516113281,0.30750990180341525
sub-I0002150028558_ses-1,0,-2.501849353313446,-2.682588554918766,-2.1927593797445297,-2.459065762658914,0.07877811007944177
sub-I0002150028560_ses-1,0,-1.178470253944397,-0.18117642402648926,-1.8225527741014957,-1.060733150690794,0.2571693735785106
sub-I0002150028561_ses-1,0,1.047570988535881,1.0494446708471514,0.662602037191391,0.9198725655248078,0.7150161393367508
sub-I0002150028563_ses-4,0,-2.8522143363952637,-2.622893989086151,-2.548222780227661,-2.674443701903025,0.06449832378259103
sub-I0002150028565_ses-1,0,-0.5897299647331238,-0.4446468949317932,0.31328651309013367,-0.2403634488582611,0.440196786419859
sub-I0002150028568_ses-1,0,-3.4334509670734406,-3.279354080557823,-2.96534077078104,-3.2260486061374345,0.03819714927979778
sub-I0002150028574_ses-1,0,-1.3504855632781982,-1.3291618824005127,-0.9076068103313446,-1.1957514186700184,0.23223187759839511
sub-I0002150028575_ses-1,1,0.7367571592330933,2.476001739501953,2.2237130403518677,1.8121573130289714,0.8596224029771957
sub-I0002150028586_ses-1,0,-2.119472309947014,-3.077193431556225,-1.8905873596668243,-2.362417700390021,0.08608379540065632
sub-I0002150028594_ses-1,0,-0.02671194076538086,-1.0315364599227905,-0.9304700195789337,-0.662906140089035,0.3400870899574128
sub-I0002150028595_ses-1,0,-2.5344035625457764,-2.9354825019836426,-2.0039558969438076,-2.491280653824409,0.07647170366425311
sub-I0002150028608_ses-1,0,0.8317579478025436,0.24977433681488037,1.0055102705955505,0.6956808517376581,0.667229466746694
sub-I0002150028611_ses-1,0,-0.23950505256652832,-0.33361735939979553,-0.7293621301651001,-0.434161514043808,0.3931330395133884
sub-I0002150028613_ses-1,0,-0.5861434936523438,0.09367060661315918,-0.04196906089782715,-0.1781473159790039,0.45558058518550854
sub-I0002150028614_ses-1,0,2.492090180516243,2.4213035330176353,2.267271101474762,2.3935549383362136,0.9163345131706083
sub-I0002150028617_ses-1,0,-0.08375024795532227,0.5390571355819702,0.3031329810619354,0.25281328956286114,0.5628688257733893
sub-I0002150028625_ses-1,0,-2.5860708951950073,-2.2786189019680023,-2.3804890513420105,-2.41505961616834,0.08203151056473192
sub-I0002150028629_ses-1,0,-2.5933904200792313,-2.6199716106057167,-2.574157401919365,-2.5958398108681044,0.06940664343395604
sub-I0002150028632_ses-1,0,-5.909441590309143,-6.128309041261673,-4.966721072793007,-5.668157234787941,0.0034423341442252967
sub-I0002150028638_ses-1,0,1.2447783648967743,1.4642863869667053,1.2009424902498722,1.3033357473711173,0.786395848572352
sub-I0002150028653_ses-1,0,-5.058129847049713,-4.9349841475486755,-4.585667431354523,-4.8595938086509705,0.007693976442695371
sub-I0002150028655_ses-1,0,-4.001548632979393,-4.947101309895515,-2.9935814142227173,-3.9807437856992087,0.01832950257022516
sub-I0002150028661_ses-1,0,-3.2462191730737686,-2.42183868563734,-3.7281460016965866,-3.1320679534692317,0.04180369428021376
sub-I0002150028667_ses-1,0,2.029489226639271,2.026908273866866,1.967802733182907,2.0080667445630147,0.8816414361401056
sub-I0002150028674_ses-1,0,-0.6925982236862183,-1.2276440858840942,-0.9838070869445801,-0.9680164655049642,0.2752760391995594
sub-I0002150028678_ses-2,0,-3.443701446056366,-4.222094371914864,-3.1883848160505295,-3.618060211340586,0.026133398275246366
sub-I0002150028702_ses-1,0,-3.982336461544037,-3.2547231912612915,-4.199048653244972,-3.812036102016767,0.02162514550578094
sub-I0002150028714_ses-1,0,2.767366647720337,2.202128689736128,3.0352251529693604,2.668240163475275,0.9351263525265459
sub-I0002150028715_ses-1,0,0.4167095869779587,-0.8949732184410095,0.353533823043108,-0.04157660280664762,0.4896073463290091
sub-I0002150028733_ses-1,0,-5.0108915865421295,-5.0899569392204285,-4.961155503988266,-5.020668009916942,0.006556840384189256
sub-I0002150028740_ses-2,0,-1.6521445214748383,-2.185111291706562,-1.622941441833973,-1.820065751671791,0.13942598346962082
sub-I0002150028742_ses-1,0,-2.9331028312444687,-2.9092825553379953,-3.104145608842373,-2.9821769984749458,0.04823758280169243
sub-I0002150028754_ses-1,0,-3.3676798045635223,-4.08582117408514,-3.284856166690588,-3.5794523817797503,0.02713416943345408
sub-I0002150028757_ses-1,0,-2.784716486930847,-4.221330285072327,-3.1986739337444305,-3.401573568582535,0.032246322973953946
sub-I0002150028761_ses-2,0,-0.427010178565979,0.4467523992061615,0.2780326008796692,0.09925827383995056,0.5247942153276081
sub-I0002150028766_ses-1,0,-1.4256895035505295,-2.319780856370926,-1.5450085699558258,-1.7634929766257603,0.14635340866298038
sub-I0002150028769_ses-1,0,-1.3047125935554504,-0.8658602237701416,-0.6199421733617783,-0.9301716635624567,0.2828898889896182
sub-I0002150028780_ses-1,1,-0.8680806159973145,-1.0097360610961914,-0.5298966765403748,-0.8025711178779602,0.30947580063833185
sub-I0002150028799_ses-1,1,0.29129087924957275,0.45296743512153625,0.7117793560028076,0.48534589012463886,0.6190094317620601
sub-I0002150028802_ses-1,0,-5.06913360953331,-4.706203028559685,-5.209332436323166,-4.9948896914720535,0.0067269103329867085
sub-I0002150028804_ses-1,0,0.5097316652536392,0.5887393280863762,0.20793965458869934,0.43547021597623825,0.6071791461715625
sub-I0002150028822_ses-1,0,-4.567566454410553,-5.935901269316673,-5.039298191666603,-5.180921971797943,0.005591380616035378
sub-I0002150028824_ses-1,0,-3.9992323517799377,-3.3765628337860107,-3.762774407863617,-3.7128565311431885,0.02382616040599657
sub-I0002150028825_ses-1,0,-3.351891279220581,-3.219570629298687,-3.5217906460165977,-3.364417518178622,0.03342620361640921
sub-I0002150028829_ses-1,0,-4.006143927574158,-4.178251147270203,-4.289300441741943,-4.157898505528768,0.015399536818117796
sub-I0002150028840_ses-1,0,-1.3258558511734009,-1.0278732776641846,-0.582687497138977,-0.9788055419921875,0.27312885451848445
sub-I0002150028842_ses-1,0,0.20140518248081207,0.5110303238034248,0.36389752477407455,0.35877767701943714,0.588744511963048
sub-I0002150028859_ses-1,0,-3.495104670524597,-3.665367364883423,-4.545828938484192,-3.9021003246307373,0.01979950258290619
sub-I0002150028866_ses-2,0,-0.8977984189987183,-0.02141129970550537,-0.5906786322593689,-0.5032961169878641,0.3767663823043775
sub-I0002150028867_ses-1,0,1.7294874787330627,1.9651485085487366,1.7978522181510925,1.8308294018109639,0.8618605025392609
sub-I0002150028872_ses-1,0,-5.683192014694214,-5.237836182117462,-5.863485544919968,-5.594837913910548,0.0037032368231603168
sub-I0002150028877_ses-1,0,0.8009829521179199,-1.2377113103866577,0.6098293960094452,0.05770034591356913,0.5144210856543942
sub-I0002150028897_ses-1,0,0.6485748738050461,1.0243533849716187,1.738569289445877,1.1371658494075139,0.7571589055990646
sub-I0002150028908_ses-2,0,-2.6370469331741333,-1.480018824338913,-2.4458517115563154,-2.187639156356454,0.10086600165364949
sub-I0002150028910_ses-1,0,1.431942343711853,1.4183078706264496,1.2717902064323425,1.374013473590215,0.7980278167340157
sub-I0002150028925_ses-1,0,-4.16592812538147,-4.144750565290451,-3.834979087114334,-4.048552592595418,0.017148411375443706
sub-I0002150028946_ses-2,0,-2.104259878396988,-2.28585422039032,-2.335242047905922,-2.2417853822310767,0.09606040012829609
sub-I0002150028948_ses-1,0,-3.390753209590912,-3.8405259251594543,-3.514691114425659,-3.5819900830586753,0.02706725975991543
sub-I0002150028958_ses-1,0,-2.296247363090515,-2.0247381925582886,-2.3892080783843994,-2.236731211344401,0.09650016481487356
sub-I0002150028962_ses-1,0,-3.9884351789951324,-4.806494176387787,-3.8230180889368057,-4.205982481439908,0.014687204437066828
sub-I0002150028975_ses-1,0,0.9278097897768021,0.5392547119408846,1.9526405036449432,1.13990166845421,0.7576615847560971
sub-I0002150028978_ses-2,0,-0.07361779361963272,-0.8047849908471107,-0.01922053098678589,-0.29920777181784314,0.42575116136435465
sub-I0002150028980_ses-1,0,0.5738389790058136,0.5703328102827072,0.4055522233247757,0.5165746708710989,0.6263464615978152
sub-I0002150028988_ses-1,0,-0.02223283052444458,-1.3544854372739792,0.2857542783021927,-0.36365466316541034,0.410075163826605
sub-I0002150028998_ses-1,0,0.3345426321029663,1.017952024936676,0.27394938468933105,0.5421480139096578,0.6323119588873009
sub-I0002150029006_ses-1,0,-1.0934994369745255,-1.3998117446899414,-1.50692480802536,-1.3334119965632756,0.2085955410316671
sub-I0002150029007_ses-1,0,-3.194012612104416,-2.460840582847595,-2.3893975764513016,-2.681416923801104,0.06407884708490592
sub-I0002150029025_ses-1,0,-2.922245532274246,-2.5538090765476227,-2.9877479523420334,-2.8212675203879676,0.0561856806010416
sub-I0002150029038_ses-2,0,2.1407653093338013,2.536413788795471,1.6624605059623718,2.1132132013638816,0.8921808143292991
sub-I0002150029061_ses-1,0,2.1470280587673187,2.2545628249645233,2.403129594400525,2.2682401593774557,0.9062123230687308
sub-I0002150029068_ses-2,0,-1.224061667919159,-1.3717437982559204,-1.274488627910614,-1.2900980313618977,0.21583621845964865
sub-I0002150029084_ses-1,0,-1.5157831907272339,-1.4125033617019653,-1.4886437952518463,-1.4723101158936818,0.18659174164053144
sub-I0002150029087_ses-1,0,-0.7483037114143372,-1.483095958828926,-0.7782623469829559,-1.0032206724087398,0.2683086701589869
sub-I0002150029096_ses-2,0,-1.9859396666288376,-2.900389175862074,-2.237290859222412,-2.374539900571108,0.08513487389809517
sub-I0002150029105_ses-1,0,-2.864811033010483,-2.481831803917885,-2.7106900364160538,-2.6857776244481406,0.0638178204867203
sub-I0002150029112_ses-1,1,1.6070088744163513,1.6605092287063599,1.8547701835632324,1.7074294288953145,0.8465025720155798
sub-I0002150029115_ses-1,0,-2.8665847778320312,-3.580180525779724,-3.844851315021515,-3.4305388728777566,0.03135456176198469
sub-I0002150029120_ses-1,0,0.05825795233249664,-0.5814485549926758,0.8114559352397919,0.09608844419320424,0.5240036451068933
sub-I0002150029132_ses-1,0,-2.5461097061634064,-2.9070126712322235,-2.3554927930235863,-2.602871723473072,0.06895382962869125
sub-I0002150029135_ses-2,0,-3.4223384261131287,-3.593040317296982,-3.067550554871559,-3.3609764327605567,0.03353755995033358
sub-I0002150029136_ses-1,0,-3.6583176851272583,-3.001866936683655,-2.7332635074853897,-3.131149376432101,0.041840504425979475
sub-I0002150029141_ses-1,0,0.4571547359228134,-0.6917694807052612,0.7611727714538574,0.1755193422238032,0.5437675308685112
sub-I0002150029152_ses-1,0,-0.9765497446060181,-0.8403304815292358,-0.6753089427947998,-0.8307297229766846,0.303490796201916
sub-I0002150029160_ses-3,0,-0.16843059659004211,-1.5516008734703064,-0.07619582116603851,-0.5987424304087957,0.3546314585507456
sub-I0002150029185_ses-1,0,1.791873961687088,2.0640923902392387,1.9413450956344604,1.932437149186929,0.8735189301228434
sub-I0002150029204_ses-1,0,-6.221759431064129,-5.644452385604382,-5.701345734298229,-5.8558525169889135,0.0028549198213266556
sub-I0002150029213_ses-1,0,-3.7188823521137238,-3.6579581052064896,-4.310613006353378,-3.8958178212245307,0.01992179870461995
sub-I0002150029222_ses-1,0,-1.4395063519477844,-1.316531777381897,-1.2168890237808228,-1.3243090510368347,0.21010227301655318
sub-I0002150029228_ses-1,0,-1.7727970480918884,-1.1588987708091736,-1.6638203859329224,-1.5318387349446614,0.17772481619031244
sub-I0002150029238_ses-1,0,-5.180037677288055,-5.529133465141058,-5.325283005833626,-5.344818049420913,0.004750147944674304
sub-I0002150029264_ses-1,0,1.7672621011734009,1.9913423955440521,1.7578125968575478,1.8388056978583336,0.8628073981806779
sub-I0002150029266_ses-1,0,2.467257857322693,2.5853331089019775,1.738501876592636,2.2636976142724357,0.9058255320694658
sub-I0002150029272_ses-2,0,-2.314972937107086,-1.9229050874710083,-1.6969197988510132,-1.9782659411430359,0.1215038109844803
sub-I0002150029285_ses-1,0,-3.908799707889557,-4.498645320534706,-4.738609340041876,-4.382018122822046,0.01234578280002642
sub-I0002150029303_ses-1,0,-3.712749719619751,-4.367765784263611,-2.335156500339508,-3.47189066807429,0.0301226959165228
sub-I0002150029312_ses-1,0,1.1793125718832016,1.2875496103079058,1.0966621339321136,1.1878414387077403,0.7663547849975378
sub-I0002150029317_ses-3,0,-2.078510344028473,-1.4741823822259903,-1.846992701292038,-1.7998951425155003,0.14186382961226202
sub-I0002150029337_ses-1,1,-0.026022136211395264,0.6991940289735794,0.07782416045665741,0.25033201773961383,0.5622582200798533
sub-I0002150029365_ses-1,0,-3.796481266617775,-5.249030262231827,-3.6604558378458023,-4.235322455565135,0.014268601819672806
sub-I0002150029367_ses-2,0,2.391103982925415,2.2792693376541138,2.273749053478241,2.3147074580192566,0.9100878014939168
sub-I0002150029371_ses-1,0,-2.5846399515867233,-3.3062231242656708,-1.9254068732261658,-2.60542331635952,0.06879019946730758
sub-I0002150029386_ses-1,0,-3.1423648595809937,-2.494001865386963,-2.4081310629844666,-2.681499262650808,0.06407390917502612
sub-I0002150029404_ses-1,0,-5.407119408249855,-5.371508372947574,-5.725254289805889,-5.501294023667772,0.0040648956629765805
sub-I0002150029416_ses-1,0,-1.9476088881492615,-1.6445253789424896,-2.034007430076599,-1.8753805657227833,0.13292037290119632
sub-I0002150029438_ses-3,0,-0.07142877578735352,-0.23522257804870605,-1.3304302021861076,-0.5456938520073891,0.36686404408859785
sub-I0002150029472_ses-2,0,-1.5671188235282898,-1.9008667469024658,-1.5246810019016266,-1.6642221907774608,0.15919603194813736
sub-I0002150029476_ses-1,0,-3.0406481623649597,-2.377376437187195,-2.2880654335021973,-2.568696677684784,0.07118042349364243
sub-I0002150029516_ses-1,0,-1.1057275831699371,-1.696626991033554,-1.513934813439846,-1.4387631292144458,0.1917369581656037
sub-I0002150029520_ses-1,1,0.7450222969055176,0.2589140981435776,0.6951851975172758,0.5663738641887903,0.6379260429284114
sub-I0002150029528_ses-1,0,-0.059452950954437256,0.06883305311203003,0.06639397144317627,0.02525802453358968,0.5063141704505123
sub-I0002150029533_ses-1,1,1.9952916949987411,1.5295108263380826,1.87029168009758,1.7983647338114679,0.8579497586181136
sub-I0002150029535_ses-1,0,0.1199694275856018,-0.5583954453468323,0.12828445434570312,-0.10338052113850911,0.47417786352937774
sub-I0002150029564_ses-1,0,-0.35985083878040314,-0.5329070575535297,-0.5629272307269275,-0.4852283756869535,0.38101828284917305
sub-I0002150029567_ses-2,0,-1.506144642829895,-1.2752811908721924,-1.2272975444793701,-1.3362411260604858,0.2081288836317996
sub-I0002150029575_ses-3,0,-0.6299192905426025,-0.9413889497518539,-0.6860732473433018,-0.7524604958792528,0.3202854076191135
sub-I0002150029578_ses-1,0,-4.5893382132053375,-5.353397108614445,-4.34276556968689,-4.761833630502224,0.00847743624412466
sub-I0002150029589_ses-1,0,-0.9961618408560753,-1.3380056665628217,-1.6657049506902695,-1.3332908193697222,0.20861554608617067
sub-I0002150029612_ses-1,0,-3.6459072828292847,-4.1587140411138535,-4.411157958209515,-4.071926427384217,0.016758874818779797
sub-I0002150029618_ses-1,0,-1.2178022861480713,-0.7957448959350586,-0.8366727232933044,-0.9500733017921448,0.2788700806335376
sub-I0002150029648_ses-3,0,-1.1641147136688232,-1.1204834580421448,-1.241469830274582,-1.17535600066185,0.23588822684030744
sub-I0002150029650_ses-1,0,-2.1068140864372253,-2.2068560123443604,-2.8980819769203663,-2.4039173585673175,0.08287446567124583
sub-I0002150029675_ses-1,0,-4.3436638712883,-4.632346838712692,-4.007564522325993,-4.3278584107756615,0.013023916485291614
sub-I0002150029699_ses-1,0,-5.050103425979614,-5.026201784610748,-4.565223574638367,-4.880509595076243,0.0075359222728177645
sub-I0002150029712_ses-1,0,0.03430601954460144,-0.17447194457054138,0.5928454995155334,0.15089319149653116,0.5376518844245833
sub-I0002150029713_ses-1,0,1.6097934264689684,1.5078898398205638,2.375267133116722,1.8309834664687514,0.8618788439890632
sub-I0002150029730_ses-2,0,-2.1811020970344543,-2.3192185163497925,-1.288467288017273,-1.9295959671338399,0.12679530719209287
sub-I0002150029848_ses-4,0,-7.056561529636383,-7.557705283164978,-5.677424192428589,-6.763897001743317,0.0011533886053521263
sub-I0002150029859_ses-1,0,-0.33029797673225403,-0.5008814930915833,-0.6781430244445801,-0.5031074980894724,0.3768106735928319
sub-I0002150029887_ses-1,1,2.092832088470459,2.7947516441345215,2.418590784072876,2.4353915055592856,0.9194865751964791
sub-I0002150030068_ses-1,1,4.233387529850006,4.461644291877747,4.667481780052185,4.454171200593312,0.9885037461316404
sub-I0002150030167_ses-1,1,0.09450781345367432,0.04133594036102295,-0.9817174673080444,-0.2819579044977824,0.4299738351928953
sub-I0002150030285_ses-1,1,2.977112293243408,3.2580891847610474,3.0614133477211,3.0988716085751853,0.9568461760151051
sub-I0002150030549_ses-4,1,1.437927469611168,0.9017528891563416,0.9371224343776703,1.09226759771506,0.7488084844939359
sub-I0002150030947_ses-1,1,3.076192617416382,3.4180749654769897,2.14511003321968,2.8797925387043506,0.9468384219175104
sub-I0002150030976_ses-1,1,1.444132849574089,1.13957878947258,1.8109446913003922,1.4648854434490204,0.8122787536256504
sub-I0002150031018_ses-1,1,-0.9144205451011658,-0.614127516746521,-0.3938336968421936,-0.6407939195632935,0.3450670948478678
sub-I0002150031255_ses-1,1,2.19013911485672,1.4221928715705872,1.5486754477024078,1.7203358113765717,0.8481720859121988
sub-I0002150031272_ses-1,1,3.178462505340576,4.025917887687683,3.2089608907699585,3.4711137612660727,0.9698545982155036
sub-I0002150031632_ses-1,1,0.4862949848175049,0.5118043422698975,0.3650660514831543,0.45438845952351886,0.6116821214882002
sub-I0002150031680_ses-1,1,2.7491681575775146,2.3273666352033615,2.7586894035339355,2.611741398771604,0.9316134239557186
sub-I0002150032072_ses-1,1,3.2395792603492737,2.8276286721229553,2.9924656748771667,3.0198912024497986,0.9534646984014359
sub-I0002150032377_ses-1,1,-0.6001081466674805,0.8326611518859863,-0.03749656677246094,0.06501881281534831,0.5162489793002106
sub-I0002150032513_ses-3,1,-0.9432841539382935,-0.5531144142150879,-0.3879750967025757,-0.6281245549519857,0.3479359108037662
sub-I0002150032519_ses-1,1,-1.5841840505599976,0.011431455612182617,-1.641729474067688,-1.0714940230051677,0.2551190661510249
sub-I0002150032928_ses-1,1,-5.420485496520996,-8.313394784927368,-3.6104907989501953,-5.78145702679952,0.0030747351894036164
sub-I0002150033119_ses-1,1,-1.0551155507564545,-0.5115440487861633,-1.1404359377920628,-0.9023651791115602,0.28856469495015347
sub-I0002150033296_ses-1,1,0.9659652709960938,1.078147292137146,1.6526426076889038,1.232251723607381,0.7742124355579172
sub-I0002150033313_ses-2,1,3.6242576837539673,2.5766147077083588,3.3862180709838867,3.1956968208154044,0.9606720194431208
sub-I0002150033511_ses-1,1,-0.8668971061706543,-0.22624421119689941,0.5795197486877441,-0.17120718955993652,0.45730244723320285
sub-I0002150033780_ses-1,1,0.3147578835487366,0.3466249108314514,0.8149787783622742,0.49212052424748737,0.6206058462834317
sub-I0002150035516_ses-1,1,2.1302032470703125,2.816131293773651,3.280262678861618,2.7421990732351937,0.9394712679128817
sub-I0002150035573_ses-2,1,0.39581213891506195,-0.2027161717414856,-0.43512991070747375,-0.0806779811779658,0.47984143775323496
sub-I0002150038163_ses-1,0,-0.42330145835876465,-1.784714013338089,-0.8893616385757923,-1.0324590367575486,0.2626076464169772
sub-I0002150041954_ses-1,1,4.152524650096893,5.26872980594635,4.190593585371971,4.537282680471738,0.9894108804617627
sub-I0002150043019_ses-1,0,-3.1711012721061707,-3.535073697566986,-3.018432281911373,-3.2415357505281768,0.03763223218385011
sub-I0002150044617_ses-1,0,0.6124973744153976,0.39582359790802,0.6963122263550758,0.5682110662261645,0.6383502856317682
sub-I0002150047984_ses-1,0,0.22252798080444336,0.24320268630981445,0.5312756299972534,0.3323354323705037,0.5823275147728044
sub-I0002150049462_ses-1,0,-4.096447825431824,-4.153830736875534,-3.7447235956788063,-3.9983340526620545,0.01801565874132969
sub-I0002150050194_ses-1,0,1.5644478350877762,1.7982187271118164,2.145409680902958,1.8360254143675168,0.8624779617295898
sub-I0002150053592_ses-1,1,2.7350160479545593,2.400427997112274,2.7729820609092712,2.6361420353253684,0.9331517079264984
sub-I0002150055001_ses-1,0,0.3473159074783325,-0.16528761386871338,0.32082295417785645,0.1676170825958252,0.5418064354404427
sub-I0002150055149_ses-1,0,-6.083984434604645,-6.300238162279129,-5.832667365670204,-6.072296654184659,0.0023005665251876325
sub-I0002150057093_ses-1,0,-1.1625256836414337,-0.8138739690184593,-0.7688101381063461,-0.915069930255413,0.285963494063824
sub-I0002150058421_ses-1,0,-2.44130939245224,-2.103245794773102,-2.0692188143730164,-2.2045913338661194,0.09933894284074565
sub-I0002150059900_ses-1,1,-2.3271026015281677,-1.5698014497756958,-1.5392278283834457,-1.8120439598957698,0.14039127609878363
sub-I0002150175557_ses-1,0,2.1275161504745483,2.041387140750885,2.016869455575943,2.061924248933792,0.8871469639634508
sub-I0002150656547_ses-1,0,-0.7674442529678345,-1.9246011972427368,-0.5461306273937225,-1.079392025868098,0.25362108736365385
sub-I0002150662474_ses-1,0,-6.42584365606308,-6.929732710123062,-6.0632056295871735,-6.4729273319244385,0.0015423148568339076
sub-I0002150689773_ses-1,0,-5.316666543483734,-5.023245811462402,-5.434295624494553,-5.258069326480229,0.005178389541631378
sub-I0002150734011_ses-2,0,-1.0468386709690094,-1.7891191225498915,-0.7878563553094864,-1.2079380496094625,0.23006609264161162
sub-I0002150806090_ses-1,0,-2.2705091685056686,-1.6651541739702225,-1.8180334568023682,-1.9178989330927532,0.12809604581445297
sub-I0002150932292_ses-1,0,-1.5951839089393616,-1.5344270169734955,-1.3255524635314941,-1.485054463148117,0.1846651860690967
sub-I0002150960610_ses-1,0,-0.0726528512313962,-1.3944399402826093,0.6247941851615906,-0.28076620211747166,0.4302659414219974
sub-I0002150986191_ses-1,0,-0.3475325107574463,-0.6221339702606201,-1.1840858235955238,-0.7179174348711967,0.32785174271426226
sub-I0002151043873_ses-1,0,-3.670984797179699,-4.27022779447725,-2.5515652298927307,-3.497592607183227,0.029380806028268487
sub-I0002151156281_ses-1,0,-3.8914400339126587,-4.287679672241211,-3.178133860230446,-3.7857511887947717,0.022188317443393626
sub-I0002151256431_ses-1,0,-2.537578761577606,-3.008035659790039,-3.0047366619110107,-2.850117027759552,0.05467526821758323
sub-I0002151272825_ses-1,0,-2.540921926498413,-2.501233160495758,-2.709139108657837,-2.5837647318840027,0.07019063185467672
sub-I0002151372314_ses-1,0,0.001554727554321289,1.3419292494654655,0.5300230979919434,0.6245023583372434,0.6512418458621098
sub-I0006179000001_ses-1,0,-0.34356074035167694,-0.1625663787126541,-0.8810838758945465,-0.46240366498629254,0.38641576284418927
sub-I0006179000007_ses-1,0,-0.9658550173044205,-0.9937107991427183,-1.315025120973587,-1.0915303124735753,0.2513302201235942
sub-I0006179000018_ses-1,0,-0.42427896335721016,-0.47382596594979987,-0.9204592853784561,-0.6061880715618221,0.35292923992760233
sub-I0006179000020_ses-1,0,-1.035876989364624,-1.1155932545661926,-0.5877198874950409,-0.9130633771419525,0.28637338478220253
sub-I0006179000025_ses-1,0,-1.7123922556638718,-1.664531473943498,-2.42833212018013,-1.9350852832624998,0.12618878374705875
sub-I0006179000031_ses-1,0,0.6831986010074615,0.7912669731886126,1.1611657962203026,0.8785437901387922,0.7065203677751041
sub-I0006179000052_ses-1,0,-1.0305331200361252,-1.104973390698433,-0.8071676045656204,-0.9808913717667261,0.27271495182585004
sub-I0006179000066_ses-1,0,-1.7986186742782593,-2.0113847851753235,-2.531303234398365,-2.1137688979506493,0.10776574252559289
sub-I0006179000082_ses-1,0,-0.39742229133844376,-1.264966600225307,0.3526550531387329,-0.4365779461416726,0.3925566775841455
sub-I0006179000088_ses-1,0,0.015145748853683472,-0.01921936869621277,-0.18167986534535885,-0.061917828395962715,0.4845254864568408
sub-I0006179000090_ses-1,0,-0.4399099349975586,-0.24218124151229858,0.1372955497354269,-0.18159854225814342,0.4547247202313533
sub-I0006179000093_ses-1,1,1.6283552944660187,1.8392930924892426,1.6868048310279846,1.718151072661082,0.8478905295073806
sub-I0006179000097_ses-1,0,-0.03949177265167236,-0.07016658317297697,-0.5052999556064606,-0.20498610381036997,0.44893216849742756
sub-I0006179000104_ses-1,0,0.9009028971195221,1.2842054050415754,1.0907386392354965,1.0919489804655313,0.7487485496424876
sub-I0006179000112_ses-1,0,-2.8962991535663605,-2.5015606731176376,-2.8541146963834763,-2.750658174355825,0.06004948971883705
sub-I0006179000125_ses-1,0,1.6677250862121582,0.269761323928833,2.333525985479355,1.4236707985401154,0.805913236886355
sub-I0006179000128_ses-1,0,-0.5695742070674896,-0.7251380980014801,-0.6946979239583015,-0.6631367430090904,0.34003533814592685
sub-I0006179000155_ses-2,0,-0.27239056676626205,0.06988422112772241,0.034384116530418396,-0.05604074303604042,0.4859934797479311
sub-I0006179000169_ses-1,0,-2.2709675431251526,-2.0049763321876526,-1.9374924302101135,-2.0711454351743064,0.1119331269801534
sub-I0006179000171_ses-1,0,0.5948153138160706,0.3356381319463253,0.28023459017276764,0.4035626786450545,0.5995433301883761
sub-I0006179000175_ses-1,1,-0.9473467618227005,-1.394691352674272,0.010858327150344849,-0.7770599291155426,0.3149538843021143
sub-I0006179000201_ses-1,0,-3.5368563532829285,-3.4906040830537677,-3.6972499303519726,-3.5749034555628896,0.02725451021073402
sub-I0006179000208_ses-1,0,-2.039806082844734,-2.273824361152947,-2.1256118565797806,-2.1464141001924872,0.10466678764670129
sub-I0006179000243_ses-1,0,-0.7647703588008881,-1.2403842210769653,0.633722672238946,-0.4571439692129691,0.38766357204697643
sub-I0006179000244_ses-2,0,1.1886647045612335,1.2812756299972534,1.8024266213178635,1.4241223186254501,0.8059838525897934
sub-I0006179000246_ses-2,0,1.8850048780441284,1.7501740083098412,1.6682892441749573,1.7678227101763089,0.854186694803565
sub-I0006179000263_ses-1,0,-2.2383088171482086,-2.2152440324425697,-2.321922041475773,-2.258491630355517,0.09461950694571751
sub-I0006179000268_ses-1,0,-1.095502719283104,-1.1217596493661404,-1.0125902742147446,-1.0766175476213296,0.25414664789108116
sub-I0006179000270_ses-1,0,2.050453007221222,2.326115906238556,2.187603712081909,2.188057541847229,0.8991719362488949
sub-I0006179000276_ses-1,0,-4.326838836073875,-3.599817603826523,-3.8606140688061714,-3.9290901695688567,0.019282430564644962
sub-I0006179000307_ses-1,0,1.6795238554477692,0.7429047226905823,1.9999602735042572,1.4741296172142029,0.8136842561889915
sub-I0006179000308_ses-1,0,-3.8434714674949646,-2.534627318382263,-2.3029290437698364,-2.893675943215688,0.05246707064867935
sub-I0006179000325_ses-1,0,-2.690877079963684,-2.2844743337482214,-2.376229416579008,-2.4505269434303045,0.07940002336866071
sub-I0006179000341_ses-1,0,-2.1727559566497803,-1.7893477724283002,-2.09583880007267,-2.0193141763835833,0.11718992512423984
sub-I0006179000348_ses-1,1,3.519456624984741,3.559678554534912,4.258094429969788,3.7790765364964805,0.9776664065481608
sub-I0006179000362_ses-1,0,-0.7410104274749756,-1.0432948842644691,-1.2983661033213139,-1.0275571383535862,0.26355797787073737
sub-I0006179000366_ses-1,0,0.09141021966934204,-0.2060786634683609,0.4190201163291931,0.10145055751005809,0.5253409085969332
sub-I0006179000373_ses-1,0,-0.3989620506763458,-0.2586077153682709,0.4652189463376999,-0.0641169399023056,0.48397625409257006
sub-I0006179000390_ses-1,0,-1.0857758671045303,-1.0528739243745804,0.6084213256835938,-0.5100761552651724,0.3751756731293409
sub-I0006179000400_ses-1,0,-1.2587073147296906,-0.13472551107406616,-1.1750003099441528,-0.8561443785826365,0.2981455244037726
sub-I0006179000405_ses-1,0,-0.6796079874038696,-1.3535587415099144,-0.015445306897163391,-0.6828706786036491,0.33562089833065334
sub-I0006179000408_ses-1,0,-0.2096467912197113,0.283625501440838,0.27639494091272354,0.11679121704461674,0.5291646608394743
sub-I0006179000419_ses-1,1,1.766830861568451,2.06521213054657,1.6444792598485947,1.8255074173212051,0.8612256620683391
sub-I0006179000424_ses-1,0,-0.057010263204574585,0.039421651512384415,-0.29489890858531,-0.10416250675916672,0.4739828924856177
sub-I0006179000427_ses-1,0,0.03937159478664398,-1.1746217714389786,-0.08986733853816986,-0.4083725050635015,0.3993024280339589
sub-I0006179000431_ses-1,0,1.1438868679106236,1.0115126325399615,1.528798684477806,1.228066061642797,0.7734799105920462
sub-I0006179000439_ses-1,0,-1.3604384064674377,-1.3684202283620834,-0.9049732144922018,-1.211277283107241,0.22947512845431317
sub-I0006179000458_ses-1,0,0.8193603157997131,0.7907370626926422,-0.4893806269392371,0.3735722505177061,0.5923218772594163
sub-I0006179000466_ses-1,0,-2.086449086666107,-2.3736143708229065,-2.0227291584014893,-2.160930871963501,0.10331418329233598
sub-I0006179000467_ses-1,0,-0.03814533352851868,-0.38829372078180313,0.8947029039263725,0.1560879498720169,0.5389429541676046
sub-I0006179000472_ses-1,0,-1.658744752407074,-1.0836451351642609,-0.8344676792621613,-1.1922858556111653,0.23285036161190956
sub-I0006179000477_ses-1,0,2.2744818329811096,2.448875844478607,1.9737232029438019,2.2323602934678397,0.9031180714132084
sub-I0006179000532_ses-1,0,-1.9624298214912415,-2.0492157712578773,-1.5457847118377686,-1.8524767681956291,0.13558235823019887
sub-I0006179000534_ses-1,0,-3.456275925040245,-2.6797026358544827,-3.3696118742227554,-3.168530145039161,0.04036731591207916
sub-I0006179000552_ses-1,0,1.259709671139717,1.212448626756668,0.737590029835701,1.0699161092440288,0.744580961798015
sub-I0006179000562_ses-1,0,0.43242424726486206,0.04482047399505973,0.2323378473520279,0.2365275228706499,0.5588577352483098
sub-I0006179000583_ses-1,0,-0.3250003457069397,0.4734647870063782,-0.6094824969768524,-0.15367268522580466,0.46165725527791
sub-I0006179000586_ses-1,0,-3.0183487236499786,-2.941088229417801,-2.794033795595169,-2.9178235828876495,0.051279480035041486
sub-I0006179000593_ses-1,0,-1.1618942022323608,-0.9238461256027222,-0.5787457823753357,-0.8881620367368063,0.29148926410242293
sub-I0006179000610_ses-1,0,-1.6398144140839577,-1.260809313505888,-1.1343562453985214,-1.3449933243294556,0.20669010744037092
sub-I0006179000617_ses-1,0,-4.706802487373352,-4.882635027170181,-4.479287415742874,-4.6895749767621355,0.009106893800094983
sub-I0006179000619_ses-1,0,-1.4193987846374512,-1.3715461717220023,-1.1507373861968517,-1.313894114185435,0.21183594748232318
sub-I0006179000641_ses-1,0,-1.6495510041713715,-1.3049286603927612,-0.9861539378762245,-1.3135445341467857,0.21189431976216672
sub-I0006179000645_ses-2,0,-4.039338663220406,-3.774276618787553,-3.4560269117355347,-3.7565473979144977,0.02283084285241125
sub-I0006179000691_ses-1,0,1.7182476073503494,1.4452806860208511,1.7504421323537827,1.6379901419083278,0.837261270132059
sub-I0006179000692_ses-1,1,1.6395301669836044,1.4829871114343405,1.2360624969005585,1.4528599251061678,0.8104381890608977
sub-I0006179000737_ses-1,1,0.4872189164161682,0.7417065426707268,0.8239946961402893,0.6843067184090614,0.6646992334991272
sub-I0006179000760_ses-1,0,-1.322231262922287,-1.2034563020570204,-0.9873982667922974,-1.171028610590535,0.2366691084018253
sub-I0006179000812_ses-1,0,-0.09060704708099365,-0.7474766131490469,0.19679738581180573,-0.21376209147274494,0.44676204519931967
sub-I0006179000833_ses-1,0,-1.2293230444192886,-2.024539716541767,-1.1939662098884583,-1.482609656949838,0.18503356957515127
sub-I0006179000847_ses-1,0,-3.346751779317856,-4.092348046600819,-4.0009657591581345,-3.813355195025603,0.021597254401224394
sub-I0006179000852_ses-1,0,-3.224523365497589,-3.168093264102936,-2.8872112333774567,-3.093275954325994,0.04338546890400799
sub-I0006179000854_ses-1,0,2.0123048424720764,1.7837071120738983,2.255465418100357,2.017159124215444,0.8825869368391689
sub-I0006179000855_ses-1,1,1.6875633597373962,2.10869562625885,2.0218342542648315,1.9393644134203594,0.8742823010271051
sub-I0006179000892_ses-1,0,1.504511296749115,1.5918489694595337,0.8827629908919334,1.3263744190335274,0.7902402887976018
sub-I0006179000904_ses-1,1,0.8408694267272949,1.3570115864276886,0.9478123188018799,1.0485644439856212,0.7404991377559252
sub-I0006179000908_ses-1,0,-1.4641315378248692,-1.5349249885766767,-1.0852119028568268,-1.361422809752791,0.20400915572765668
sub-I0006179000910_ses-1,0,-4.675444960594177,-4.113078474998474,-3.987200617790222,-4.2585746844609575,0.013945225901669873
sub-I0006179000912_ses-1,0,-0.1539943814277649,-0.07464349269866943,0.03935426473617554,-0.0630945364634196,0.4842315966005074
sub-I0006179000935_ses-1,1,3.2588815689086914,3.693309783935547,4.0016762018203735,3.651289184888204,0.9746991085111633
sub-I0006179000941_ses-1,0,-0.6225039660930634,-0.09415338933467865,-0.8724984489381313,-0.5297186014552911,0.37058252216663085
sub-I0006179000943_ses-1,0,-1.060393512248993,-0.666776736266911,-0.8361631780862808,-0.8544444755340616,0.29850135923938464
sub-I0006179000972_ses-2,0,0.665093719959259,-0.024182841181755066,1.3672392070293427,0.6693833619356155,0.6613650698764469
sub-I0006179000987_ses-1,0,-0.953812301158905,-0.6706956624984741,-0.6211796402931213,-0.7485625346501669,0.3211345979679002
sub-I0006179001002_ses-1,0,-2.1316020488739014,-1.9355049133300781,-1.502621591091156,-1.856576184431712,0.13510262488478497
sub-I0006179001032_ses-2,0,0.805918276309967,1.4261312447488308,0.9651032388210297,1.065717586626609,0.7437816665185711
sub-I0006179001057_ses-1,0,-0.9034514501690865,-1.668554112315178,-0.2529025971889496,-0.9416360532244047,0.2805699859489961
sub-I0006179001063_ses-1,0,-3.074984163045883,-2.440414314100053,-2.5630779564380646,-2.6928254778613336,0.06339803794684658
sub-I0006179001068_ses-1,0,-4.980063080787659,-4.022666051983833,-4.0876573249697685,-4.3634621525804205,0.012574101993471072
sub-I0006179001090_ses-1,0,-2.0083772987127304,-1.8631034716963768,-1.8251493722200394,-1.8988767142097156,0.1302356609718536
sub-I0006179001094_ses-1,0,2.2678921818733215,2.6540708541870117,1.8517069667577744,2.257890000939369,0.9053289409027006
sub-I0006179001096_ses-1,0,-0.693363812752068,-0.620979969331529,-1.8020206689834595,-1.0387881503556855,0.26138388879444463
sub-I0006179001100_ses-1,0,-0.9311763271689415,-1.0748916044831276,-0.8281873464584351,-0.9447517593701681,0.27994150938733814
sub-I0006179001114_ses-1,0,-1.0994033813476562,-1.208755793981254,-0.5123393088579178,-0.9401661613956094,0.2808667799779494
sub-I0006179001123_ses-1,0,0.8552436232566833,0.9652435705065727,-0.15341461077332497,0.5556908609966437,0.635454903604642
sub-I0006179001138_ses-2,1,2.7713295817375183,2.781921174377203,2.256656374782324,2.6033023769656816,0.9310738128488416
sub-I0006179001147_ses-1,0,1.1147138327360153,0.5473017646581866,0.9888547509908676,0.8836234494616898,0.7075725257394355
sub-I0006179001148_ses-1,0,-3.3282016068696976,-3.1897064642980695,-3.3653839342296124,-3.294430668465793,0.03576274506566982
sub-I0006179001164_ses-3,0,-3.3881861567497253,-3.3470873832702637,-3.381329506635666,-3.372201015551885,0.033175638646985216
sub-I0006179001167_ses-2,0,0.7023305296897888,1.0178047753870487,1.6395835503935814,1.1199062851568062,0.7539713328940478
sub-I0006179001180_ses-1,1,2.2049027383327484,2.3285722136497498,3.076812133193016,2.5367623617251716,0.9266791492184658
sub-I0006179001182_ses-1,0,-5.405203819274902,-5.466871738433838,-5.9583704471588135,-5.610148668289185,0.003647174539276455
sub-I0006179001187_ses-1,0,-1.5318051874637604,-1.0097274780273438,-0.9351365100592375,-1.1588897251834471,0.23886908641031113
sub-I0006179001202_ses-1,0,-4.290227174758911,-3.9865444377064705,-3.149299591779709,-3.80869040141503,0.021696045570886637
sub-I0006179001213_ses-1,0,-1.4281753189861774,-1.4097424791543745,-1.2390715330839157,-1.3589964437414892,0.20440345488235884
sub-I0006179001214_ses-1,0,-0.6031516194343567,-0.29060471057891846,-0.1392127275466919,-0.3443230191866557,0.41475974771022045
sub-I0006179001218_ses-2,1,2.1584861874580383,1.9741336107254028,2.4298664033412933,2.187495400508245,0.899120960085496
sub-I0006179001236_ses-1,1,2.441856801509857,2.116173267364502,2.930067300796509,2.496032456556956,0.923863211961441
sub-I0006179001247_ses-1,0,-1.6271561533212662,-1.5421078652143478,-1.2249057069420815,-1.4647232418258984,0.18774598045178725
sub-I0006179001272_ses-1,0,-0.20322364568710327,-0.12789039313793182,0.44408826529979706,0.03765807549158732,0.5094134064458394
sub-I0006179001276_ses-1,1,1.2541176974773407,1.331874281167984,1.4921463876962662,1.359379455447197,0.7956588244568203
sub-I0006179001303_ses-1,0,0.5644260197877884,1.1356717944145203,0.6422362625598907,0.7807780255873998,0.6858477720364617
sub-I0006179001308_ses-1,0,-0.9968022406101227,-1.287450861185789,-0.9921645671129227,-1.0921392229696114,0.251215662840081
sub-I0006179001313_ses-1,0,0.24524160474538803,0.14284368697553873,-0.15683957934379578,0.07708190412571032,0.5192609402101508
sub-I0006179001322_ses-1,1,0.19040998816490173,0.06766694784164429,0.0048680379986763,0.08764832466840744,0.5218980641334272
sub-I0006179001323_ses-1,1,2.0465700030326843,2.0903443052084185,2.434314399957657,2.1904095693995864,0.8993849751062567
sub-I0006179001330_ses-1,0,-4.9094438552856445,-4.764303803443909,-5.593517541885376,-5.089088400204976,0.006125878411018628
sub-I0006179001338_ses-1,0,2.3426177501678467,2.0501937344670296,2.1285806335508823,2.173797372728586,0.8978717049227701
sub-I0006179001354_ses-1,1,1.1659966111183167,1.0659895464777946,0.920462965965271,1.0508163745204608,0.7409316346808429
sub-I0006179001359_ses-1,1,1.404997706413269,1.4062215089797974,1.4687671661376953,1.4266621271769206,0.8063807036900544
sub-I0006179001379_ses-2,0,2.0153680071234703,2.55682503717253,1.6752397119998932,2.0824775854319646,0.8891883912143737
sub-I0006179001391_ses-1,0,-1.1486382484436035,-2.108756296336651,-1.9270670413970947,-1.7281538620591164,0.15082387338050438
sub-I0006179001417_ses-1,0,-0.34589938819408417,-0.015165104530751705,1.0119983553886414,0.2169779542212685,0.5540326690881675
sub-I0006179001429_ses-1,0,-1.4184898734092712,-1.4348218441009521,-0.9549324810504913,-1.2694147328535716,0.2193574566336885
sub-I0006179001438_ses-1,0,0.2464016228914261,-0.017326802015304565,0.4999700244516134,0.24301494844257832,0.5604565016150835
sub-I0006179001455_ses-1,0,0.1486337035894394,-0.6813372373580933,0.776510551571846,0.08126900593439738,0.5203060765007326
sub-I0006179001467_ses-2,0,-1.4882622957229614,-2.025134325027466,-2.2064908742904663,-1.906629165013631,0.1293600217486799
sub-I0006179001474_ses-1,0,-1.1806165874004364,-1.6210756488144398,-0.9895457442034967,-1.263745993472791,0.22032971437190255
sub-I0006179001479_ses-1,1,1.235365867614746,1.2417261749505997,1.6824376583099365,1.3865099002917607,0.8000344840375675
sub-I0006179001487_ses-1,0,-0.7817883491516113,-1.036722183227539,-1.381999485194683,-1.0668366725246112,0.25600512691104005
sub-I0006179001495_ses-1,0,0.06521846354007721,0.07825618982315063,0.4126100242137909,0.18536155919233957,0.5462081603411086
sub-I0006179001502_ses-1,0,-3.028601549565792,-3.4204114721505903,-2.9842073172330856,-3.1444067796498225,0.04131223322607483
sub-I0006179001509_ses-1,1,3.6276419162750244,3.9707797169685364,4.350385844707489,3.982935825983683,0.9817098983596727
sub-I0006179001517_ses-2,0,0.049705713987350464,0.28923090174794197,0.5669201612472534,0.30195225899418193,0.5749196932492403
sub-I0006179001519_ses-1,0,0.8691247999668121,0.5676156832487322,0.710531622171402,0.7157573684623154,0.6716720774169886
sub-I0006179001524_ses-1,0,-2.748262941837311,-2.3218535780906677,-2.457408308982849,-2.509174942970276,0.07521748018310852
sub-I0006179001527_ses-1,0,1.408759891986847,1.312243402004242,1.4053809940814972,1.3754614293575287,0.7982610966971169
sub-I0006179001547_ses-1,0,0.456086203455925,-0.11507726833224297,0.6539247632026672,0.33164456610878307,0.5821594712231453
sub-I0006179001559_ses-1,0,-2.0621380070224404,-2.2224158094613813,-1.0765145421028137,-1.7870227861955452,0.14343812660911295
sub-I0006179001569_ses-1,0,-1.006558358669281,-1.6292701363563538,-1.2381983697414398,-1.2913422882556915,0.21562570126452907
sub-I0006179001572_ses-1,0,-0.26984643936157227,0.6675756871700287,0.16150638461112976,0.1864118774731954,0.5464684846196233
sub-I0006179001578_ses-1,0,2.5490696728229523,2.9449672996997833,2.8205824438482523,2.771539805456996,0.9411183721907124
sub-I0006179001582_ses-1,0,0.6915268898010254,0.39116019010543823,0.002468995749950409,0.36171869188547134,0.5894564171373556
sub-I0006179001623_ses-1,0,-3.1552285254001617,-2.748326450586319,-2.5396136790513992,-2.814389551679293,0.05655152668923172
sub-I0006179001625_ses-1,0,1.8730975687503815,1.8389851450920105,1.5098471194505692,1.7406432777643204,0.8507687552675323
sub-I0006179001626_ses-3,0,-0.2409108281135559,-0.5656753182411194,0.46234795451164246,-0.11474606394767761,0.47134491809050005
sub-I0006179001635_ses-1,0,-1.2331874072551727,-0.8396524861454964,-1.6157619208097458,-1.2295339380701382,0.22626300787845224
sub-I0006179001638_ses-1,0,-3.567061185836792,-4.021207571029663,-3.319040909409523,-3.6357698887586594,0.02568644167833876
sub-I0006179001664_ses-1,0,-0.022231027483940125,-0.1328943371772766,-0.9925428032875061,-0.3825560559829076,0.4055105556665739
sub-I0006179001674_ses-1,1,-1.2520343661308289,-2.204279899597168,-0.5952402651309967,-1.350518176952998,0.20578566912220903
sub-I0006179001718_ses-1,0,-3.9153463542461395,-3.655151503160596,-4.322612166404724,-3.9643700079371533,0.018626460062451906
sub-I0006179001724_ses-1,0,-0.5653862357139587,-0.15860452502965927,0.5772647224366665,-0.048908679435650505,0.4877752669007666
sub-I0006179001769_ses-1,1,2.1393353939056396,2.1175186187028885,2.4920316636562347,2.249628558754921,0.9046184905265529
sub-I0006179001790_ses-1,0,-0.14436832070350647,0.12105872482061386,0.011427372694015503,-0.003960741062959035,0.49900981602871664
sub-I0006179001794_ses-1,0,-2.5552895069122314,-2.127643048763275,-1.9080381393432617,-2.1969902316729226,0.10002109308682955
sub-I0006179001798_ses-1,1,2.008969485759735,1.805807277560234,1.7474087178707123,1.8540618270635605,0.8646033030429914
sub-I0006179001799_ses-1,0,0.1097041666507721,-0.29195836558938026,0.16748851910233498,-0.004921893278757731,0.498769529164326
sub-I0006179001810_ses-1,0,-3.5189316272735596,-3.3096078038215637,-2.1117242574691772,-2.9800878961881003,0.04833358555887217
sub-I0006179001814_ses-2,0,0.19611303508281708,-0.003466099500656128,0.06449981778860092,0.08571558445692062,0.5214157856167418
sub-I0006179001817_ses-1,0,-0.7360986769199371,-0.773776663467288,-0.709365651011467,-0.7397469971328974,0.3230594709998366
sub-I0006179001819_ses-1,0,-0.03045600652694702,0.10642793029546738,0.03258970379829407,0.03618720918893814,0.509045815183561
sub-I0006179001838_ses-1,0,0.6206787377595901,0.7669482007622719,0.5447113364934921,0.6441127583384514,0.6556825625993089
sub-I0006179001858_ses-1,0,1.8933553993701935,1.9634782671928406,2.126152276992798,1.994328647851944,0.8802003352351414
sub-I0006179001890_ses-1,0,1.2646271884441376,1.404988062568009,0.9383407309651375,1.202651993992428,0.7689962224865804
sub-I0006179001901_ses-1,0,-2.3375293612480164,-2.229224309325218,-3.0476765483617783,-2.538143406311671,0.07322707111599228
sub-I0006179001909_ses-1,0,-1.6744753122329712,-1.6866368651390076,-2.2727161794900894,-1.8779427856206894,0.13262534817462557
sub-I0006179001910_ses-2,1,1.6150051951408386,1.434825837612152,1.8227260112762451,1.6241856813430786,0.8353715777755362
sub-I0006179001921_ses-1,0,1.2516889721155167,1.460507869720459,1.164064347743988,1.2920870631933212,0.7845002367789115
sub-I0006179001923_ses-2,0,-0.8182854056358337,-0.9343113303184509,-0.9864521622657776,-0.9130162994066874,0.2863830058576802
sub-I0006179001928_ses-1,0,-1.2550092861056328,-1.5540990875451826,-1.104867845773697,-1.3046587398081708,0.21338200277856703
sub-I0006179001947_ses-1,1,-0.9008796215057373,-0.25363969802856445,-0.14817428588867188,-0.4342312018076579,0.3931164135686508
sub-I0006179001963_ses-1,0,-0.037974029779434204,-0.4194885864853859,0.25521790981292725,-0.06741490215063095,0.4831526545868968
sub-I0006179001977_ses-1,0,-3.0589919090270996,-3.383774912916124,-2.856654569506645,-3.0998071304832897,0.043115211320641215
sub-I0006179001990_ses-1,0,-3.2846891582012177,-3.4858456403017044,-3.1562895961105824,-3.308941464871168,0.03526571502398328
sub-I0006179001999_ses-1,0,1.1118714213371277,0.6101698279380798,1.328661859035492,1.0169010361035664,0.734368519476233
sub-I0006179002004_ses-1,0,-1.7888618931174278,-2.2990109836682677,-1.8493049442768097,-1.9790592736875017,0.1214191555891953
sub-I0006179002009_ses-1,0,-2.385088086128235,-2.487823784351349,-2.6236562952399254,-2.4988560552398362,0.07593841372067855
sub-I0006179002018_ses-1,0,1.380164474248886,1.1505883932113647,1.4184087365865707,1.3163872013489406,0.7885800029955677
sub-I0006179002028_ses-2,0,-0.8599902391433716,-1.4635941237211227,-1.029342234134674,-1.1176421989997227,0.24644889328848874
sub-I0006179002046_ses-1,0,0.5980092585086823,0.9128817617893219,1.001909963786602,0.8376003280282021,0.6979595767810257
sub-I0006179002047_ses-1,0,-3.438676595687866,-4.097676198929548,-3.0790189802646637,-3.538457258294026,0.028237590359222742
sub-I0006179002049_ses-1,0,2.4580564200878143,1.9642095118761063,2.572362005710602,2.3315426458915076,0.9114559135354685
sub-I0006179002061_ses-1,0,-2.110336184501648,-2.4769155979156494,-1.0478261783719063,-1.878359320263068,0.13257743908360167
sub-I0006179002084_ses-1,0,-4.995238633826375,-4.865541820356157,-4.032001256942749,-4.63092723704176,0.009651655999791174
sub-I0006179002090_ses-1,0,0.516181081533432,0.6433075666427612,0.7397171854972839,0.6330686112244924,0.6531849344926519
sub-I0006179002096_ses-1,0,0.20627832412719727,0.2500609709532,-0.5009737238287926,-0.014878142916131765,0.4962805328822164
sub-I0006179002132_ses-1,0,-3.0657403990626335,-2.39788163168123,-3.4373510777950287,-2.9669910361796306,0.048939583790119034
sub-I0006179002140_ses-1,0,-0.023410886526107788,-0.11333771049976349,-0.041970714926719666,-0.05957310398419698,0.48511112707150505
sub-I0006179002143_ses-1,0,-0.5398758053779602,-0.6031950116157532,-0.6844477355480194,-0.6091728508472443,0.3522479049045353
sub-I0006179002155_ses-1,0,1.2876151353120804,1.2260112948715687,1.4326734989881516,1.3154333097239335,0.788420924896903
sub-I0006179002160_ses-1,1,0.94318488240242,0.7096616951748729,1.238458201289177,0.9637682596221566,0.7238756387792918
sub-I0006179002174_ses-1,0,1.1446686089038849,0.9435607194900513,0.6118214055895805,0.9000169113278389,0.7109529778956746
sub-I0006179002184_ses-1,0,-2.9696860909461975,-2.594661593437195,-2.364881753921509,-2.643076479434967,0.06641702135964807
sub-I0006179002204_ses-1,1,1.106841266155243,1.5208938717842102,0.6529849171638489,1.0935733517011006,0.7490540096238436
sub-I0006179002207_ses-1,1,2.384010910987854,2.6031975746154785,2.5085662603378296,2.498591581980387,0.9240430256407904
sub-I0006179002218_ses-1,0,-2.598239481449127,-2.94538152217865,-3.0341859459877014,-2.8592689832051597,0.05420416463108273
sub-I0006179002226_ses-1,0,-0.038729071617126465,-0.7499014735221863,0.9088382124900818,0.04006922245025635,0.5100159655601502
sub-I0006179002242_ses-1,0,1.6438522934913635,1.4350193198770285,0.9783469140529633,1.3524061758071184,0.7945227300975704
sub-I0006179002244_ses-1,0,-1.2731042802333832,-0.9399476647377014,-1.4404473677277565,-1.217833104232947,0.2283180087702725
sub-I0006179002254_ses-1,0,-2.1560464538633823,-1.8963217820855789,-1.9203606098890305,-1.9909096152793306,0.1201606628192201
sub-I0006179002255_ses-1,0,0.5765209048986435,0.051313720643520355,1.1946853697299957,0.6075066650907198,0.6473718291002438
sub-I0006179002258_ses-1,0,2.182883031666279,2.383007164171431,2.6162493601441383,2.394046518660616,0.9163721927455941
sub-I0006179002261_ses-1,0,-2.185935288667679,-2.0412507615983486,-1.7380319237709045,-1.988405991345644,0.12042560295686401
sub-I0006179002265_ses-1,0,-1.1161104440689087,-0.6953919529914856,-0.8243657350540161,-0.8786227107048035,0.29346326836452125
sub-I0006179002277_ses-1,0,-0.08733463287353516,-0.269911777228117,-0.3119396176189184,-0.22306200924019018,0.4444645783810792
sub-I0006179002282_ses-1,0,-4.0482600927352905,-3.151798617094755,-3.5294990837574005,-3.5765192645291486,0.027211705071839728
sub-I0006179002310_ses-1,0,1.2656995058059692,1.3982258141040802,1.6814391808584332,1.4484548335894942,0.8097605174593849
sub-I0006179002326_ses-4,0,1.6125705540180206,1.5759131862432696,1.9754891246557236,1.7213242883056712,0.8482993344093106
sub-I0006179002330_ses-1,0,1.7065386772155762,1.7799156457185745,1.988956332206726,1.825136885046959,0.8611813715976605
sub-I0006179002364_ses-1,1,2.344399571418762,1.9604381918907166,2.883797064423561,2.3962116092443466,0.9165379632200393
sub-I0006179002368_ses-1,0,2.092401921749115,1.4450213760137558,1.9667773991823196,1.8347335656483967,0.8623246641425191
sub-I0006179002382_ses-1,0,-3.8793947994709015,-3.2771609723567963,-3.8646390587091446,-3.6737316101789474,0.02475330098962844
sub-I0006179002385_ses-1,0,-0.05324609577655792,0.8497557594091631,-0.1104755774140358,0.22867802873952314,0.5569216696639533
sub-I0006179002427_ses-1,0,1.5526692867279053,1.332819640636444,1.5638054013252258,1.4830981095631917,0.8150400758657453
sub-I0006179002428_ses-1,0,-1.9137718230485916,-1.8900668667047285,-1.6423840671777725,-1.8154075856436975,0.13998583927136582
sub-I0006179002434_ses-1,0,0.3486214131116867,-0.02380925847683102,0.46201328933238983,0.26227514798908186,0.5651954910973193
sub-I0006179002446_ses-1,0,0.49361810088157654,0.7370891571044922,0.2240920402109623,0.48493309939901036,0.6189120757554435
sub-I0006179002452_ses-1,0,0.7339541465044022,0.9166957065463066,0.7129673808813095,0.7878724113106728,0.6873743135703203
sub-I0006179002482_ses-1,1,1.107179880142212,1.015388399362564,1.2617723047733307,1.1281135280927022,0.755490589384308
sub-I0006179002483_ses-3,0,0.494851291179657,0.8484207987785339,0.7261441648006439,0.689805418252945,0.6659236396755396
sub-I0006179002491_ses-1,0,-1.5906493663787842,-1.6018195748329163,-1.6897363364696503,-1.6274017592271168,0.1641866051198889
sub-I0006179002519_ses-2,0,-2.134240210056305,-2.1686161802499555,-1.845438688993454,-2.049431693099905,0.11410981812622313
sub-I0006179002531_ses-1,1,1.649828553199768,1.2154766023159027,1.4440201073884964,1.436441754301389,0.8079030318582873
sub-I0006179002541_ses-1,0,0.6307085081934929,1.2546814568340778,0.8150396049022675,0.9001431899766127,0.7109789273203578
sub-I0006179002545_ses-1,1,2.8340561389923096,3.3186694383621216,3.8278678357601166,3.3268644710381827,0.9653390090884895
sub-I0006179002561_ses-1,0,0.2988865524530411,0.24546376056969166,-0.06014452874660492,0.1614019280920426,0.5402631134863729
sub-I0006179002565_ses-1,0,-0.38761889934539795,-1.1375376880168915,-0.6152011752128601,-0.7134525875250498,0.3288363938818935
sub-I0006179002591_ses-1,0,-3.405001699924469,-3.4702050536870956,-3.2375913858413696,-3.370932713150978,0.033216343561223466
sub-I0006179002602_ses-1,0,-0.40903326869010925,-0.8072133958339691,-0.8839714787900448,-0.7000727144380411,0.33179610630201417
sub-I0006179002639_ses-1,0,-0.9346550134941936,-0.7260847733705305,0.11190947890281677,-0.5162767693206357,0.37372326088349733
sub-I0006179002640_ses-1,0,-0.9440624415874481,-1.2880362272262573,-1.3103684931993484,-1.1808223873376846,0.23490436102442072
sub-I0006179002648_ses-1,0,1.881454735994339,0.2857666611671448,1.8888507187366486,1.3520240386327107,0.7944603367514073
sub-I0006179002653_ses-1,0,1.7538017630577087,1.79716357588768,1.4411421194672585,1.6640358194708824,0.8407790201730749
sub-I0006179002660_ses-1,0,-0.8773093894124031,0.18023252027342096,0.4737766683101654,-0.07443340027627225,0.4814002365420442
sub-I0006179002670_ses-1,0,0.8882454335689545,0.2920302152633667,0.9065627157688141,0.6956127882003784,0.6672143541344582
sub-I0006179002679_ses-1,0,-4.247297018766403,-4.051263217756059,-4.2307325303554535,-4.176430922292639,0.015121050076572938
sub-I0006179002683_ses-1,0,-3.3579334020614624,-3.2703667730093002,-2.0621610432863235,-2.8968204061190286,0.05231096575577142
sub-I0006179002686_ses-1,0,1.6803878247737885,1.997321080416441,2.0622795671224594,1.9133294907708962,0.8713927369600941
sub-I0006179002692_ses-1,0,-2.4126182198524475,-1.7372351288795471,-2.310443013906479,-2.1534321208794913,0.10401093965357752
sub-I0006179002693_ses-1,0,-1.311659574508667,-0.4204596281051636,-0.2952638091519475,-0.6757943372552594,0.3372006083946882
sub-I0006179002702_ses-1,0,0.3661842755973339,0.7497668816358782,0.4942964166402817,0.5367491912911646,0.6310558732678377
sub-I0006179002703_ses-1,0,-0.42484304308891296,-0.4056275710463524,-0.07291924953460693,-0.3011299545566241,0.42528127966784735
sub-I0006179002715_ses-1,0,2.72335746884346,2.8290352299809456,2.4205036610364914,2.6576321199536324,0.9344798368081427
sub-I0006179002717_ses-1,0,-2.3445368111133575,-2.245635598897934,-1.9454960823059082,-2.1785561641057334,0.10169274840008409
sub-I0006179002722_ses-1,0,-1.6355969905853271,-1.6288553653284907,-1.1415530070662498,-1.4686684543266892,0.18714508672082528
sub-I0006179002739_ses-1,0,-0.12196210026741028,-0.4027482494711876,-0.7557881325483322,-0.4268328274289767,0.3948828761858516
sub-I0006179002747_ses-1,0,-1.4979487657546997,-0.7994760274887085,-1.0907037556171417,-1.1293761829535167,0.24427624250387192
sub-I0006179002748_ses-1,0,-2.1620387732982635,-2.037543050944805,-2.363784218672663,-2.1877886809719107,0.10085244176882834
sub-I0006179002767_ses-1,0,1.6281675547361374,1.3941159695386887,1.7472795844078064,1.5898543695608776,0.830595612897198
sub-I0006179002773_ses-1,0,-0.4899457097053528,-0.7108773402869701,-0.406436774879694,-0.5357532749573389,0.36917603056236753
sub-I0006179002774_ses-1,0,-1.9085351824760437,-0.8876268863677979,-1.8613650798797607,-1.5525090495745342,0.17472417883128347
sub-I0006179002784_ses-1,1,2.345118448138237,2.4831659495830536,1.8229495957493782,2.2170779978235564,0.901772672175685
sub-I0006179002831_ses-1,0,0.1254042088985443,-0.5057908892631531,-0.8279383331537247,-0.40277500450611115,0.4006457982014479
sub-I0006179002834_ses-1,0,1.6775167882442474,1.6959486678242683,2.0242235399782658,1.7992296653489273,0.8580551368968639
sub-I0006179002841_ses-1,0,-1.0167561918497086,-0.9135907888412476,-0.5433488488197327,-0.8245652765035629,0.30479543864789055
sub-I0006179002844_ses-1,0,-1.7121494114398956,-1.5248627364635468,-1.7150600850582123,-1.6506907443205516,0.16101561536098027
sub-I0006179002857_ses-1,0,0.9616604447364807,1.0227845907211304,1.0489562898874283,1.0111337751150131,0.7332419722265792
sub-I0006179002864_ses-1,0,-0.32013261318206787,-0.625663548707962,-0.3599635660648346,-0.4352532426516215,0.39287260591015977
sub-I0006179002865_ses-1,0,-0.7850272059440613,-0.3250434398651123,-0.8637631684541702,-0.6579446047544479,0.3412014786058296
sub-I0006179002868_ses-1,0,1.303427815437317,1.262960071733687,1.1867885291576385,1.2510588054428808,0.7774830916505523
sub-I0006179002874_ses-1,0,1.2385796308517456,0.956930011510849,1.4630043357610703,1.2195046593745549,0.7719763669303307
sub-I0006179002878_ses-1,0,-3.0901548862457275,-3.9060024321079254,-3.921879857778549,-3.639345725377401,0.025597102093761072
sub-I0006179002898_ses-1,0,-0.17462104558944702,-0.8979103118181229,-1.1473541781306267,-0.7399618451793989,0.32301248722656545
sub-I0006179002924_ses-1,0,-2.1109006851911545,-2.4465602682321332,-1.8314635902643204,-2.129641514562536,0.10624902870936681
sub-I0006179002940_ses-1,0,-1.1007022261619568,-0.7816972583532333,-0.8995934212580323,-0.9273309685910741,0.283466516704569
sub-I0006179002943_ses-2,1,1.1023528575897217,0.7277211248874664,0.4170341491699219,0.74903604388237,0.6789686216947554
sub-I0006179002954_ses-1,0,0.7805833965539932,0.898005421331618,0.923219233751297,0.867269350545636,0.7041771891528312
sub-I0006179002965_ses-1,0,-0.8078064173460007,-1.0771183399483562,-1.317966714501381,-1.0676304905985792,0.2558539604463402
sub-I0006179002976_ses-1,0,1.4978514462709427,0.9954942734912038,1.5812279284000397,1.3581912160540621,0.7954655656620935
sub-I0006179002978_ses-1,0,-2.216121233999729,-2.1742401318624616,-1.4729234874248505,-1.9544282844290137,0.1240713011025202
sub-I0006179003029_ses-1,0,-1.6960402429103851,-1.272703681141138,-1.1695132702589035,-1.3794190647701423,0.2011023166999766
sub-I0006179003049_ses-1,0,0.9622014462947845,0.33883875608444214,1.5702302157878876,0.9570901393890381,0.7225388244607757
sub-I0006179003058_ses-1,0,2.5309669375419617,2.9385817497968674,3.3313054889440536,2.933618058760961,0.9494834962499292
sub-I0006179003071_ses-1,0,-0.5101006925106049,-0.6590043902397156,0.020527377724647522,-0.3828592350085576,0.4054374698641051
sub-I0006179003072_ses-1,0,0.04716849327087402,0.04508671909570694,0.3989086151123047,0.16372127582629523,0.5408391364332225
sub-I0006179003078_ses-1,0,1.687476173043251,2.202970415353775,1.3299223482608795,1.7401229788859685,0.8507026853992197
sub-I0006179003091_ses-1,0,-0.3807271718978882,-1.0029181838035583,0.6206610798835754,-0.25432809193929035,0.43675849643542103
sub-I0006179003102_ses-1,0,-0.5091712772846222,-0.50814488530159,-0.3222716450691223,-0.4465292692184448,0.39018627955921376
sub-I0006179003127_ses-1,0,-0.36001962423324585,0.19787481427192688,0.22776871919631958,0.02187463641166687,0.5054684410506972
sub-I0006179003129_ses-1,0,-0.8061974942684174,-1.0467026233673096,-0.2847348004579544,-0.7125449726978937,0.32903673832507147
sub-I0006179003133_ses-1,0,-3.7761538699269295,-3.6184572027414106,-3.2490902468562126,-3.5479004398415177,0.027979618462337933
sub-I0006179003139_ses-1,0,-3.394661605358124,-3.377718210220337,-2.9263651371002197,-3.232914984226227,0.03794568975332492
sub-I0006179003140_ses-1,0,-5.0827861577272415,-5.075472682714462,-4.382923483848572,-4.847060774763425,0.007790256182950212
sub-I0006179003143_ses-1,0,-0.2716046869754791,-0.28902579098939896,-0.33765293657779694,-0.2994278048475583,0.42569736700388966
sub-I0006179003156_ses-1,0,-1.8975069522857666,-1.2521142959594727,-1.5407315492630005,-1.5634509325027466,0.17315201822728038
sub-I0006179003164_ses-1,0,-2.168831042945385,-1.8867354438989423,-2.4692780300974846,-2.1749481723139374,0.1020228172412221
sub-I0006179003237_ses-1,0,-2.8216110169887543,-2.326914921402931,-2.2720905244350433,-2.473538820942243,0.07773415214068972
sub-I0006179003241_ses-1,0,-0.9688205420970917,-0.43496713042259216,-1.2436732575297356,-0.8824869766831398,0.2926626814475717
sub-I0006179003258_ses-1,0,-3.5481685176491737,-3.262786716222763,-2.8487901762127876,-3.219915136694908,0.03842312080500376
sub-I0006179003267_ses-1,0,-2.055331502109766,-2.3591095255105756,-1.192858248949051,-1.8690997588564642,0.13364592230186872
sub-I0006179003270_ses-1,0,-0.39868949353694916,-0.5426755007356405,-0.5323519259691238,-0.4912389734139045,0.3796017406463934
sub-I0006179003282_ses-1,0,-0.7894082367420197,-1.4027515416964889,-1.91416734457016,-1.3687757076695561,0.2028177212933014
sub-I0006179003285_ses-2,0,3.003954231739044,3.084114968776703,3.202635779976845,3.0969016601641974,0.9567647605048692
sub-I0006179003296_ses-1,0,1.4373886585235596,1.350554645061493,2.331130027770996,1.7063577771186829,0.8463632741929246
sub-I0006179003302_ses-1,0,1.1433759778738022,1.9929543882608414,1.0915663242340088,1.4092988967895508,0.8036553377015743
sub-I0006179003310_ses-2,0,-1.8254363983869553,-1.367453734856099,-1.7915017679333687,-1.6614639670588076,0.159565574657841
sub-I0006179003311_ses-1,0,-1.6750431656837463,-1.6506137549877167,-1.3859185874462128,-1.5705251693725586,0.17214153757500908
sub-I0006179003318_ses-1,0,-0.24864314496517181,0.08463380770990625,-0.09737227857112885,-0.0871272052754648,0.4782319673058325
sub-I0006179003334_ses-1,0,-1.1298535466194153,-1.4218511581420898,-1.0955531522631645,-1.2157526190082233,0.22868477433915974
sub-I0006179003350_ses-1,0,-1.7612595558166504,-1.4298658967018127,-0.715350329875946,-1.3021585941314697,0.21380195325178492
sub-I0006179003395_ses-2,0,-5.5526289492845535,-5.366725251893513,-5.2694435226731,-5.396265907950389,0.004513018131670211
sub-I0006179003398_ses-1,0,-0.2236061692237854,-0.7231709659099579,0.14533670991659164,-0.2671468084057172,0.433607683048812
sub-I0006179003401_ses-1,0,-0.12245821952819824,-0.7725233640521765,-0.38444986939430237,-0.42647715099155903,0.3949678683861519
sub-I0006179003402_ses-1,0,-0.20970216393470764,-0.5657948723528534,-0.7513128519058228,-0.5089366293977946,0.3754428374880547
sub-I0006179003437_ses-1,0,2.266406238079071,2.2353475391864777,2.4731600768864155,2.3249712847173214,0.9109241422951485
sub-I0006179003440_ses-1,0,-1.1916448771953583,-0.8290029764175415,-0.861096203327179,-0.9605813523133596,0.27676181355647606
sub-I0006179003446_ses-1,0,0.1116030216217041,0.2996004596352577,0.7437705472111702,0.3849913428227107,0.5950763878302519
sub-I0006179003484_ses-3,0,-1.0191506147384644,-1.7107507036416791,-1.0067474395036697,-1.245549585961271,0.22347147743476267
sub-I0006179003495_ses-2,0,-0.9933249279856682,0.034800554683897644,-0.7296535223722458,-0.5627259652246721,0.36291695887958636
sub-I0006179003508_ses-1,1,1.701650857925415,1.4202378690242767,1.262786716222763,1.4615584810574849,0.8117709246774673
sub-I0006179003515_ses-1,0,0.7935013175010681,1.0496466010808945,1.7322327196598053,1.1917935460805893,0.7670616850436485
sub-I0006179003521_ses-1,0,-2.0605201721191406,-2.1684166193008423,-1.2533168494701385,-1.8274178802967072,0.13854616453218652
sub-I0006179003529_ses-1,0,-1.5457342714071274,-2.4042698964476585,-2.433506816625595,-2.1278369948267937,0.10642050800984186
sub-I0006179003536_ses-1,0,0.1776048094034195,0.3427663369802758,0.637559324502945,0.3859768236288801,0.5953138274924552
sub-I0006179003538_ses-1,0,-2.1485507488250732,-2.3633774518966675,-2.444047838449478,-2.3186586797237396,0.08958940141946385
sub-I0006179003560_ses-1,0,-4.179793328046799,-4.025026977062225,-4.31862773001194,-4.174482678373654,0.01515009153714319
sub-I0006179003566_ses-1,0,1.7071932405233383,1.1576943080872297,1.7717631310224533,1.5455502265443404,0.8242701168367061
sub-I0006179003575_ses-1,0,-0.6207113862037659,-0.6555327996611595,-0.5372514575719833,-0.6044985478123029,0.3533151725944463
sub-I0006179003582_ses-2,0,-1.8828065991401672,-1.213857889175415,-1.7157000675797462,-1.604121518631776,0.16740636379293802
sub-I0006179003648_ses-2,0,1.2703165709972382,1.5679893447668292,1.5059125535190105,1.4480728230943594,0.8097016623817799
sub-I0006179003656_ses-1,0,-2.648599863052368,-3.252826576062944,-2.953462839126587,-2.9516297594139664,0.049659541079635314
sub-I0006179003659_ses-1,0,-4.313196122646332,-3.037406027317047,-3.245437264442444,-3.5320131381352744,0.02841495708879708
sub-I0006179003667_ses-1,1,-0.3972804844379425,-0.557623028755188,0.04655323177576065,-0.30278342713912326,0.4248771926882192
sub-I0006179003695_ses-1,0,1.0026041567325592,0.2722073523327708,0.8187265843153,0.6978460311268767,0.6677100366551997
sub-I0006179003697_ses-3,0,-0.010659009218215942,0.3918676730245352,0.012172892689704895,0.13112718549867472,0.5327349052232049
sub-I0006179003715_ses-1,0,-0.553270734846592,-0.9039639876573347,-0.06360773742198944,-0.506947486641972,0.37590937808530633
sub-I0006179003716_ses-1,0,-3.0531177520751953,-3.235552668571472,-3.5851721577346325,-3.2912808594604335,0.03587152132761756
sub-I0006179003741_ses-1,0,1.1785432398319244,0.9154643565416336,1.3081738650798798,1.134060487151146,0.7565874689493678
sub-I0006179003757_ses-1,0,2.145337402820587,2.60036563873291,3.088081419467926,2.611261487007141,0.9315828425141647
sub-I0006179003795_ses-1,0,0.027921319007873535,0.25596681237220764,0.5342701300978661,0.2727194204926491,0.5677603965340231
sub-I0006179003805_ses-1,0,-1.7193207740783691,-1.3832602202892303,-1.589806228876114,-1.564129074414571,0.17305494989951858
sub-I0006179003812_ses-1,0,-3.277945965528488,-2.6859537065029144,-3.3036460280418396,-3.089181900024414,0.043555703134532435
sub-I0006179003842_ses-1,0,-1.1233745217323303,-0.8440743833780289,-1.548588801175356,-1.172012568761905,0.23649139568726008
sub-I0006179003859_ses-1,0,-0.534459114074707,-0.18780392408370972,-0.1851930022239685,-0.3024853467941284,0.42495003220759414
sub-I0006179003862_ses-1,0,-2.32897019572556,-2.460423593351152,-1.8957176208496094,-2.2283704699754403,0.09723158337733094
sub-I0006179003879_ses-1,0,-4.011020660400391,-4.4027358293533325,-3.2706139087677,-3.8947901328404746,0.019941874141629668
sub-I0006179003880_ses-1,0,-7.119877099990845,-6.2451536655426025,-6.17768406867981,-6.514238278071086,0.0014799908625145093
sub-I0006179003896_ses-1,0,-2.9006773233413696,-3.256811261177063,-3.1964887380599976,-3.1179924408594766,0.04237115544594794
sub-I0006179003898_ses-1,0,-0.1659015268087387,-0.4897313006222248,-0.30280451476573944,-0.31947911406556767,0.4208026969875583
sub-I0006179003950_ses-1,0,-1.4919199496507645,-1.73150082398206,-2.086088165640831,-1.7698363130912185,0.14556268618264587
sub-I0006179003969_ses-1,0,-5.214508354663849,-2.938350096344948,-3.3269314728677273,-3.826596641292175,0.021319217233100353
sub-I0006179003973_ses-1,0,-2.083343803882599,-1.9616015255451202,-1.1558731943368912,-1.7336061745882034,0.150126891476184
sub-I0006179003985_ses-2,1,3.417416274547577,3.9027732610702515,3.7660157084465027,3.695401748021444,0.9757644759287866
sub-I0006179003986_ses-1,0,-2.0523858964443207,-1.705501988530159,-0.27256692200899124,-1.343484935661157,0.2069375463111939
sub-I0006179004004_ses-1,0,-2.315771132707596,-2.055075228214264,-2.9507630467414856,-2.440536469221115,0.08013335904332361
sub-I0006179004010_ses-1,0,1.3471159636974335,1.149586759507656,1.056492730975151,1.1843984847267468,0.7657377411812081
sub-I0006179004011_ses-1,0,-0.028171099722385406,-0.4133622646331787,-0.04290458559989929,-0.16147931665182114,0.45971766488959587
sub-I0006179004035_ses-1,0,-1.9798046350479126,-3.090703696012497,-1.6965595185756683,-2.255689283212026,0.09485984752770323
sub-I0006179004044_ses-1,0,1.335429698228836,2.085416555404663,2.267653465270996,1.8961665729681652,0.8694570418264814
sub-I0006179004049_ses-1,0,-0.24323946237564087,-0.050293777137994766,0.5316389501094818,0.07936857019861539,0.5198317330239307
sub-I0006179004060_ses-1,0,-0.05630806088447571,-0.3766415938735008,-0.42526885867118835,-0.28607283780972165,0.4289655720710145
sub-I0006179004064_ses-1,0,-1.8561314195394516,-1.2326455935835838,-1.6503922492265701,-1.5797230874498684,0.1708347031672634
sub-I0006179004066_ses-1,0,-1.3915937542915344,-1.4135081470012665,-0.8202932476997375,-1.2084650496641796,0.22997275540544332
sub-I0006179004073_ses-1,0,-1.3223640620708466,-1.0711126327514648,-0.9075859189033508,-1.1003542045752208,0.2496735330194724
sub-I0006179004087_ses-1,0,-1.6841842532157898,-1.0067626535892487,0.04990492761135101,-0.8803473263978958,0.2931058095140057
sub-I0006179004097_ses-1,0,-2.0113151744008064,-1.9425823553465307,-1.9927449822425842,-1.9822141706633072,0.12108300385529207
sub-I0006179004098_ses-1,0,0.4119262546300888,-1.230912446975708,0.7420734763145447,-0.025637572010358173,0.4935909580408795
sub-I0006179004099_ses-1,1,0.1988157033920288,-0.12287729978561401,-0.6357636619359255,-0.18660841944317022,0.4534828047299335
sub-I0006179004102_ses-1,1,1.9615510255098343,1.649646446108818,2.3623134791851044,1.9911703169345856,0.8798668963722952
sub-I0006179004103_ses-1,0,-0.6991356685757637,-0.9993684645742178,-0.7449382841587067,-0.8144808057695627,0.30693648596265827
sub-I0006179004114_ses-1,0,1.1596205234527588,0.9174364163191058,0.9801517277956009,1.0190695558558218,0.7347913206068264
sub-I0006179004116_ses-2,0,-2.7690169513225555,-3.260828524827957,-2.6090553253889084,-2.87963360051314,0.05316957887204168
sub-I0006179004141_ses-3,0,-2.782555140554905,-3.2322026565670967,-3.2850751876831055,-3.099944328268369,0.04310955140384271
sub-I0006179004145_ses-1,0,0.9323323369026184,0.4216134771704674,0.7963535934686661,0.716766469180584,0.6718945745213366
sub-I0006179004147_ses-1,0,-3.289806365966797,-3.1603840589523315,-3.8432967737317085,-3.431162399550279,0.031335629883572594
sub-I0006179004150_ses-1,1,2.6416536569595337,2.703227311372757,2.5086903646588326,2.617857110997041,0.9320020280982374
sub-I0006179004161_ses-1,0,-2.1955112516880035,-2.7750957757234573,-2.3261901177465916,-2.4322657150526843,0.08074513387643667
sub-I0006179004166_ses-1,0,-1.5371995568275452,-1.7277299761772156,-1.7153363227844238,-1.6600886185963948,0.1597501013102292
sub-I0006179004173_ses-1,0,-0.9157215058803558,-0.3133136034011841,-0.3403088375926018,-0.5231146489580473,0.37212421348893765
sub-I0006179004179_ses-1,0,-0.6220891028642654,-1.1724787056446075,-1.1940536201000214,-0.9962071428696314,0.2696877955497073
sub-I0006179004190_ses-1,0,-0.9278479516506195,-0.5433405935764313,-0.8820374011993408,-0.7844086488087972,0.3133705000097853
sub-I0006179004191_ses-1,0,-4.324261575937271,-4.232202111743391,-3.7191853672266006,-4.091883018302421,0.01643318156034909
sub-I0006179004199_ses-1,0,-0.8815447390079498,-1.274340033531189,-1.1262275241315365,-1.0940374322235584,0.2508587662686713
sub-I0006179004215_ses-1,0,-0.583673894405365,-0.7086100019514561,-1.500672236084938,-0.9309853774805864,0.28272484554714056
sub-I0006179004230_ses-1,0,-2.993707299232483,-2.809790402650833,-2.1387413889169693,-2.647413030266762,0.06614863510842449
sub-I0006179004246_ses-2,1,0.011144652962684631,-0.12712381035089493,0.48229335248470306,0.12210473169883092,0.5304883117110498
sub-I0006179004256_ses-1,0,2.1016802191734314,1.7130047678947449,1.8337129205465317,1.882799302538236,0.8679323293680805
sub-I0006179004257_ses-1,0,-5.384253442287445,-5.735198676586151,-5.824741192162037,-5.648064437011878,0.003511954450911611
sub-I0006179004260_ses-1,0,-3.186009794473648,-2.215602368116379,-2.1671176105737686,-2.522909924387932,0.07426763416846573
sub-I0006179004265_ses-1,0,-5.281844809651375,-5.313332378864288,-4.175028920173645,-4.92340203622977,0.007221807241411794
sub-I0006179004278_ses-1,0,-0.44284236431121826,-0.7316174358129501,-0.44345396757125854,-0.539304589231809,0.36834936735549967
sub-I0006179004284_ses-1,0,-0.2749747037887573,-1.1034640222787857,-0.5036488175392151,-0.627362514535586,0.3481088199041971
sub-I0006179004285_ses-1,1,2.223640203475952,2.370343565940857,1.7343616457656026,2.1094484717274704,0.8918181340877089
sub-I0006179004297_ses-1,0,1.5999260544776917,1.3247560262680054,1.9539953470230103,1.6262258092562358,0.8356519562802649
sub-I0006179004311_ses-1,0,2.585619330406189,2.7720155715942383,2.893082857131958,2.7502392530441284,0.9399268605173717
sub-I0006179004318_ses-1,0,-2.8718812614679337,-3.2667611208744347,-3.366564154624939,-3.1684021789891026,0.040372273326360536
sub-I0006179004386_ses-1,0,-0.4826700687408447,0.08488515019416809,-0.8190709352493286,-0.40561861793200177,0.3999631582079091
sub-I0006179004391_ses-1,0,1.679408222436905,1.5301680071279407,1.7598034292459488,1.6564598862702649,0.8397622123268482
sub-I0006179004392_ses-1,0,-2.228986233472824,-2.0445230342447758,-2.0755075849592686,-2.1163389508922896,0.10751887505066918
sub-I0006179004394_ses-1,0,-2.46001935005188,-2.2031858414411545,-2.734983144327998,-2.466062778607011,0.07827181606631618
sub-I0006179004412_ses-1,0,1.709387481212616,1.9803051948547363,1.7629395723342896,1.8175440828005474,0.860271175417199
sub-I0006179004424_ses-1,0,-0.5541603267192841,-1.0164994522929192,-0.8537060767412186,-0.8081219519178072,0.30829084068362184
sub-I0006179004427_ses-2,0,-4.38654363155365,-4.655513286590576,-4.3119916915893555,-4.451349536577861,0.011528363750971417
sub-I0006179004436_ses-1,0,-2.7322443425655365,-1.909708857536316,-2.858358144760132,-2.5001037816206613,0.07585090486417143
sub-I0006179004441_ses-1,0,1.1328327357769012,1.108272224664688,1.902950957417488,1.3813519726196926,0.7992080452075936
sub-I0006179004461_ses-1,0,1.6456043720245361,1.6994923651218414,1.42292982339859,1.5893421868483226,0.8305235332361524
sub-I0006179004462_ses-1,0,1.4454663395881653,2.054930865764618,2.3757819831371307,1.9587263961633046,0.8763950531771363
sub-I0006179004476_ses-1,1,2.621937721967697,2.9096664413809776,2.6779754981398582,2.736526553829511,0.939147894797601
sub-I0006179004491_ses-1,0,1.3948331624269485,1.5913259591907263,2.0874266773462296,1.6911952663213015,0.8443812843588324
sub-I0006179004493_ses-1,0,-3.616610825061798,-1.3532699942588806,-1.9273528456687927,-2.299077888329824,0.09119935870292632
sub-I0006179004506_ses-1,0,-3.3166063725948334,-3.654635965824127,-3.09586563706398,-3.3557026584943137,0.03370891884754375
sub-I0006179004519_ses-1,0,-2.0868751108646393,-1.8998282849788666,-2.0221694260835648,-2.0029576073090234,0.11889274179256623
sub-I0006179004524_ses-1,0,-1.5639182031154633,-2.344898460432887,-1.7409011125564575,-1.8832392587016027,0.1320172484671418
sub-I0006179004529_ses-1,0,2.517721340060234,1.3134473516256548,1.8951550126075745,1.9087745680978212,0.8708814143571982
sub-I0006179004538_ses-1,0,0.41329850256443024,0.20890171080827713,1.0322554856538773,0.5514852330088615,0.6344801077219766
sub-I0006179004547_ses-1,1,3.0621711909770966,3.14368081651628,3.200715571641922,3.1355225263784328,0.958334463770633
sub-I0006179004548_ses-1,0,-4.571582421660423,-4.25718742236495,-5.101418748497963,-4.643396197507779,0.00953319722960659
sub-I0006179004563_ses-1,0,-1.3109243214130402,-1.3937320709228516,-1.9950587376952171,-1.5665717100103695,0.17270567091851818
sub-I0006179004584_ses-1,0,-2.410829484462738,-2.507942408323288,-2.04162884503603,-2.3201335792740188,0.08946917677561676
sub-I0006179004599_ses-1,0,1.2516119629144669,1.4093649341375567,1.4725178703665733,1.3778315891395323,0.7986425181671026
sub-I0006179004604_ses-1,0,-3.598401188850403,-1.444779396057129,-0.4677157402038574,-1.8369654417037964,0.13741057987088945
sub-I0006179004611_ses-1,0,-1.8443393111228943,-1.7107129395008087,-0.4021574705839157,-1.3190699070692062,0.2109730783244607
sub-I0006179004614_ses-1,0,0.9565058648586273,1.0381782948970795,0.4426279738545418,0.8124373778700829,0.6926286514071412
sub-I0006179004625_ses-1,1,1.7898004949092865,1.862641453742981,1.9468252211809158,1.8664223899443944,0.8660437751897768
sub-I0006179004631_ses-1,0,-0.16689656674861908,0.35134485363960266,-0.5930276587605476,-0.13619312395652136,0.46600425047648025
sub-I0006179004632_ses-1,0,1.1509316861629486,1.1217210181057453,1.7278876453638077,1.3335134498775005,0.7914212067354314
sub-I0006179004644_ses-1,0,-0.026837870478630066,-0.27098645083606243,-0.09191915392875671,-0.1299144917478164,0.467566980670485
sub-I0006179004653_ses-1,0,-1.7633910775184631,-1.789558082818985,-2.3108016550540924,-1.9545836051305134,0.12405442220496257
sub-I0006179004665_ses-1,0,0.2313462495803833,0.15615272521972656,0.08920025825500488,0.15889974435170492,0.5396415615927642
sub-I0006179004671_ses-1,1,-1.110986351966858,-0.18358367681503296,-0.4936642646789551,-0.596078097820282,0.35524147489205277
sub-I0006179004700_ses-1,1,1.8969687819480896,2.2894257307052612,1.672982081770897,1.9531255314747493,0.875787049463957
sub-I0006179004708_ses-2,0,-4.257882446050644,-3.8936557546257973,-4.833895310759544,-4.3284778371453285,0.013015956597893443
sub-I0006179004711_ses-1,0,-0.7002140283584595,-0.37713390588760376,-0.3567684590816498,-0.47803879777590436,0.3827153413977489
sub-I0006179004712_ses-1,0,-1.6693249940872192,-1.2725005149841309,-1.60349702835083,-1.51510751247406,0.1801830932161335
sub-I0006179004721_ses-1,0,1.1537632048130035,1.3372063590795733,1.5391039103269577,1.3433578247398448,0.7930415921793523
sub-I0006179004727_ses-1,0,-2.3990278244018555,-3.1181716918945312,-2.1185555458068848,-2.5452516873677573,0.0727461295861404
sub-I0006179004735_ses-2,0,-4.256947934627533,-4.301894873380661,-3.61905038356781,-4.059297730525334,0.01696824561998986
sub-I0006179004771_ses-1,0,-0.6713293790817261,-0.3021204937249422,-0.2913211062550545,-0.4215903263539076,0.3961362617046114
sub-I0006179004774_ses-1,0,-3.546648532152176,-3.4207617044448853,-3.480397343635559,-3.482602526744207,0.029811315781610108
sub-I0006179004777_ses-1,0,-1.7969211339950562,-1.8042011260986328,-2.2243659794330597,-1.9418294131755829,0.12544701392117935
sub-I0006179004784_ses-2,1,1.342796951532364,0.8838252379209734,0.8625099062919617,1.0297106985817663,0.7368598048750705
sub-I0006179004785_ses-1,0,-3.3834611289203167,-3.1191253401339054,-2.7125944793224335,-3.0717269827922187,0.04428867171264702
sub-I0006179004789_ses-1,0,1.6915966868400574,2.2881366908550262,1.5017224997282028,1.8271519591410954,0.861422094428071
sub-I0006179004802_ses-1,0,1.4295300841331482,1.1315381079912186,1.6502806544303894,1.4037829488515854,0.8027834992515743
sub-I0006179004819_ses-1,0,-2.6461077332496643,-1.7907547017093748,-1.9360293447971344,-2.1242972599187246,0.1067575890085976
sub-I0006179004823_ses-1,0,1.8290402293205261,1.680391401052475,2.0427783355116844,1.8507366552948952,0.8642135715614344
sub-I0006179004826_ses-1,0,1.019681453704834,0.604546383023262,1.050949141383171,0.8917256593704224,0.7092461596701111
sub-I0006179004847_ses-1,0,-2.9553205370903015,-2.7950592264533043,-2.295219898223877,-2.6818665539224944,0.06405188681549968
sub-I0006179004853_ses-1,0,1.18086177110672,0.44183608889579773,0.8120377957820892,0.8115785519282023,0.6924457821013744
sub-I0006179004854_ses-1,0,0.5456408113241196,0.7840817524702288,0.5473604798316956,0.625694347875348,0.6515125287331769
sub-I0006179004857_ses-1,0,-1.2107602581381798,-1.484768615104258,-1.6850803643465042,-1.460203079196314,0.18843626674530972
sub-I0006179004865_ses-1,0,-1.8919203579425812,-1.972631774842739,-1.5385362152010202,-1.8010294493287802,0.14172579690972908
sub-I0006179004868_ses-1,0,2.48545378446579,2.9147688921075314,3.049226999282837,2.816483225285386,0.943560074368759
sub-I0006179004871_ses-1,0,-0.9809116423130035,-1.0091728568077087,-0.829658716917038,-0.9399144053459167,0.28091763262912295
sub-I0006179004881_ses-1,0,0.2017577439546585,0.3108456954360008,0.005285691702738404,0.17262971036446592,0.5430505680962315
sub-I0006179004884_ses-1,1,1.7958239912986755,1.9862151574343443,2.0423248261213303,1.9414546582847834,0.8745118659256614
sub-I0006179004894_ses-1,0,-2.140914112329483,-2.918239563703537,-2.4635423719882965,-2.507565349340439,0.07532951979190124
sub-I0006179004911_ses-1,0,-0.9188846051692963,-0.5975154507905245,-0.5660993605852127,-0.6941664721816778,0.333106862576958
sub-I0006179004913_ses-1,0,-2.496827721595764,-2.3443687856197357,-2.42029045522213,-2.4204956541458764,0.08162309314263642
sub-I0006179004931_ses-1,0,-0.049131304025650024,-0.4655980215757154,-0.12536251544952393,-0.21336394701696312,0.44686045494509613
sub-I0006179004939_ses-1,0,1.5627986062318087,1.5385855785571039,1.7257764637470245,1.609053549511979,0.8332799427543541
sub-I0006179004942_ses-1,0,1.0231284201145172,1.0219894051551819,1.2185438498854637,1.0878872250517209,0.7479836635655163
sub-I0006179004983_ses-1,0,1.0595664978027344,0.7726821824908257,1.2295485883951187,1.020599089562893,0.7350892784225637
sub-I0006179004989_ses-1,0,-1.7780773043632507,-1.8699965476989746,-1.7513990178704262,-1.7998242899775505,0.14187245531165357
sub-I0006179005000_ses-2,0,1.7847932875156403,1.1876897611655295,1.80769544839859,1.59339283235992,0.8310929154935666
sub-I0006179005029_ses-1,1,2.7678158283233643,3.0739219188690186,3.1060906648635864,2.9826094706853232,0.9517822684294396
sub-I0006179005038_ses-1,0,0.010526120662689209,0.12819167971611023,-0.3007199615240097,-0.054000720381736755,0.48650309957948173
sub-I0006179005049_ses-1,0,-2.9566087424755096,-2.886069183179643,-1.807378351688385,-2.5500187591145127,0.07242522511762535
sub-I0006179005052_ses-1,1,3.370448350906372,3.628252863883972,3.7971920371055603,3.5986310839653015,0.9733675427667994
sub-I0006179005078_ses-1,0,-1.1641879379749298,-0.6280827568261884,-0.5233826786279678,-0.7718844578096954,0.3160716012476519
sub-I0006179005091_ses-1,0,1.9622718691825867,2.3286336064338684,2.3944302098825574,2.228445228499671,0.9027749785491127
sub-I0006179005092_ses-1,0,-0.6800460014492273,-0.7798875616281293,0.12868890166282654,-0.44374822047151,0.39084820665529413
sub-I0006179005098_ses-1,0,0.8624615003354847,0.4812065018923022,0.5887154936790466,0.6441278319689445,0.6556859656584549
sub-I0006179005104_ses-1,1,0.07590192556381226,-0.04356446862220764,0.9254500865936279,0.3192625145117442,0.5791445107770838
sub-I0006179005106_ses-1,0,-1.9695683717727661,-1.5331309884786606,-2.0853501993697137,-1.8626831865403801,0.1343906111496701
sub-I0006179005112_ses-1,0,0.022583067417144775,0.09252572059631348,0.1525396928191185,0.08921616027752559,0.5222892577081909
sub-I0006179005136_ses-1,0,-8.06549010425806,-12.15986049635103,-7.587635926902294,-9.270995509170461,9.410591830974772e-05
sub-I0006179005139_ses-1,0,-0.7047513425350189,-1.1471336334943771,-1.2106356471776962,-1.0208402077356975,0.2648637705663883
sub-I0006179005141_ses-2,0,0.1696729063987732,0.1721889078617096,-0.0007634274661540985,0.11369946226477623,0.5283942830701047
sub-I0006179005173_ses-1,0,-0.8017353117465973,-1.0991013199090958,-0.8192754089832306,-0.9067040135463079,0.28767477124667
sub-I0006179005177_ses-1,0,1.9295454025268555,1.8133636713027954,1.4875153005123138,1.7434747914473216,0.8511278909341566
sub-I0006179005195_ses-1,0,-1.4414400458335876,-0.9944875240325928,-1.0877067148685455,-1.174544761578242,0.23603447993347634
sub-I0006179005208_ses-1,1,-0.04918074607849121,0.2891835570335388,0.14200641214847565,0.1273364077011744,0.5317911568925311
sub-I0006179005239_ses-1,0,-1.8926495909690857,-1.9476692080497742,-1.7433579564094543,-1.8612255851427715,0.13456026397209564
sub-I0006179005240_ses-1,0,1.6718865036964417,2.508947730064392,2.1482267677783966,2.109687000513077,0.8918411448483373
sub-I0006179005260_ses-2,0,1.630458265542984,1.0722893430502154,0.7003392577171326,1.1343622887701106,0.7566430452977501
sub-I0006179005265_ses-1,0,-0.2168767899274826,-0.8007175624370575,0.2957906574010849,-0.24060123165448508,0.44013819196648596
sub-I0006179005266_ses-1,0,-1.8473613858222961,-1.0531520247459412,-1.1608403325080872,-1.3537845810254414,0.20525232783759553
sub-I0006179005278_ses-1,0,-2.5811284482479095,-2.3416806906461716,-2.398138463497162,-2.4403158674637475,0.0801496215471247
sub-I0006179005300_ses-1,0,1.7210429906845093,1.7962316200137138,2.3902818709611893,1.9691854938864708,0.8775236002885494
sub-I0006179005315_ses-2,0,-1.1897526010870934,-1.4883366869180463,-1.8929223120212555,-1.5236705333421316,0.17892165050472597
sub-I0006179005319_ses-1,0,-0.6964299529790878,-1.1380267925560474,-0.5005120486021042,-0.7783229313790798,0.31468144525069525
sub-I0006179005323_ses-1,0,-1.9876829385757446,-1.7011699676513672,-1.8934479653835297,-1.8607669572035472,0.13461368189005138
sub-I0006179005325_ses-1,0,-4.082234241068363,-3.5160560067743063,-3.709700943902135,-3.769330397248268,0.02254739211930222
sub-I0006179005330_ses-1,0,-0.8881597220897675,-0.7674917057156563,-1.2993928641080856,-0.9850147639711698,0.2718978789090635
sub-I0006179005332_ses-1,0,0.005248457193374634,0.26907801628112793,0.117640420794487,0.13065563142299652,0.5326175201995691
sub-I0006179005345_ses-1,0,1.2113201022148132,1.0358275473117828,1.0492073446512222,1.0987849980592728,0.7500323816126104
sub-I0006179005352_ses-1,0,-0.20781788229942322,-0.6279714182019234,0.37433913350105286,-0.15381672233343124,0.46162145795723475
sub-I0006179005355_ses-2,0,-2.0122733116149902,-2.188061276450753,-2.5525934025645256,-2.250975996876756,0.09526531065709766
sub-I0006179005358_ses-1,0,-4.665983021259308,-4.551320993807167,-5.176514096558094,-4.797939370541523,0.00817927081211258
sub-I0006179005383_ses-1,0,0.14360061287879944,-0.8499153777956963,0.6138795018196106,-0.030811754365762074,0.49229767075855907
sub-I0006179005391_ses-1,0,-8.787133790552616,-13.35655815154314,-8.510963797569275,-10.218218579888344,3.6497927548464874e-05
sub-I0006179005396_ses-1,0,1.2178024649620056,1.4011491491110064,1.8622082769870758,1.493719963686696,0.8166359623906846
sub-I0006179005409_ses-1,0,-2.2372374534606934,-2.18067729473114,-1.7264856696128845,-2.0481334726015725,0.11424111939601374
sub-I0006179005414_ses-1,0,0.7179113924503326,1.2003480792045593,0.2819391191005707,0.7333995302518209,0.6755508323247779
sub-I0006179005422_ses-2,0,-1.2158198356628418,-1.2553739547729492,-1.6913071349263191,-1.3875003084540367,0.1998071182314888
sub-I0006179005455_ses-1,0,1.0337265655398369,1.0390318147838116,0.8812037408351898,0.9846540403862795,0.7280307029755686
sub-I0006179005459_ses-1,0,-1.846792846918106,-0.9152238667011261,-1.7010333687067032,-1.4876833607753117,0.18426969692625852
sub-I0006179005465_ses-1,0,-5.743535004556179,-4.783682828070596,-5.440696582198143,-5.322638138274972,0.004856165553146917
sub-I0006179005476_ses-1,0,1.0796599388122559,0.13740365207195282,0.6089115142822266,0.6086583683888117,0.6476346970620749
sub-I0006179005482_ses-1,0,0.25656595081090927,0.0358034148812294,0.3380514979362488,0.21014028787612915,0.5523425974446559
sub-I0006179005499_ses-1,0,-1.0979146212339401,-0.7804027944803238,-1.0075295493006706,-0.9619489883383116,0.27648814468137944
sub-I0006179005513_ses-1,1,1.035095989704132,1.729638397693634,1.3516331613063812,1.3721225162347157,0.7977228615543266
sub-I0006179005535_ses-1,0,-0.10590973496437073,-0.16413614153862,0.022403068840503693,-0.08254760255416234,0.47937480988540226
sub-I0006179005542_ses-1,0,2.212214283645153,2.579217104241252,2.014229327440262,2.2685535717755556,0.9062389570827447
sub-I0006179005550_ses-1,0,-3.2879224717617035,-3.5569100603461266,-3.0498010963201523,-3.298211209475994,0.03563260631208256
sub-I0006179005559_ses-1,0,0.9989380985498428,1.0709596276283264,1.355558693408966,1.141818806529045,0.7580134175478246
sub-I0006179005563_ses-1,0,0.9902647137641907,1.567026138305664,2.0129057615995407,1.523398871223132,0.8210384364871426
sub-I0006179005564_ses-1,0,1.0468109101057053,1.3361994810402393,0.991034135222435,1.12468150878946,0.7548560553654899
sub-I0006179005571_ses-1,0,0.5310297906398773,0.3995833769440651,0.16291067004203796,0.3645079458753268,0.59013124095035
sub-I0006179005600_ses-1,1,2.0757966935634613,2.2151629626750946,2.581032454967499,2.290664037068685,0.9081008814193144
sub-I0006179005606_ses-1,0,-3.072849363088608,-3.3085136376321316,-3.766889998689294,-3.3827509998033443,0.03283890924906371
sub-I0006179005610_ses-1,0,0.2946823313832283,-0.2188028143136762,0.8288751244544983,0.3015848805080168,0.5748299082383848
sub-I0006179005613_ses-1,0,-3.9859196841716766,-4.302509193250444,-4.181996539235115,-4.156808472219079,0.015416073062767663
sub-I0006179005628_ses-1,0,-3.521952748298645,-3.328312575817108,-3.5317372232675552,-3.460667515794436,0.0304523186990974
sub-I0006179005639_ses-1,0,-1.607004493707791,-0.278040801116731,-1.6521039307117462,-1.1790497418454227,0.2352230981962551
sub-I0006179005666_ses-1,0,0.557756245136261,-0.11103808879852295,-0.8007592558860779,-0.11801369984944661,0.4705307691724699
sub-I0006179005670_ses-1,0,1.4710755608975887,1.3485422088415362,1.5714848041534424,1.463700857964189,0.8120980588637685
sub-I0006179005683_ses-1,0,-1.2422408163547516,-0.9681150764226913,-1.3980363309383392,-1.2027974079052608,0.23097794704625968
sub-I0006179005712_ses-1,0,-0.06695494055747986,0.19875049963593483,-0.02462272346019745,0.035724278539419174,0.5089301199188844
sub-I0006179005717_ses-1,0,-3.6327421367168427,-2.533435945340898,-2.4332670271396637,-2.8664817030658014,0.05383558354068195
sub-I0006179005723_ses-1,0,-2.969913985580206,-2.247542981931474,-2.8466940224170685,-2.6880503299762495,0.0636821719820135
sub-I0006179005750_ses-1,0,-2.37594997882843,-1.628672962076962,-1.7945916056632996,-1.9330715155228972,0.12641099940042977
sub-I0006179005751_ses-1,0,1.2901275157928467,1.2916669249534607,1.702261507511139,1.4280186494191487,0.8065924106598479
sub-I0006179005787_ses-1,0,1.8321336507797241,1.5503227710723877,1.914997860789299,1.7658180942138035,0.853936838990715
sub-I0006179005808_ses-2,0,0.721583902835846,1.7694725692272186,2.2303985357284546,1.5738183359305065,0.8283272611514476
sub-I0006179005814_ses-1,0,-1.8301354348659515,-1.7593221524730325,-2.0856014117598534,-1.8916863330329459,0.1310523143637235
sub-I0006179005820_ses-1,0,-3.281508009880781,-4.102279648184776,-3.034778118133545,-3.472855258733034,0.030094527861672053
sub-I0006179005824_ses-2,0,-4.1600247994065285,-3.6376160325016826,-4.471844755113125,-4.089828529007112,0.016466421553907387
sub-I0006179005840_ses-1,0,-3.793118342757225,-3.8408755109994672,-3.5620510578155518,-3.7320149705240815,0.023384606027431296
sub-I0006179005843_ses-1,0,1.558998927474022,0.8985568806529045,0.9137161523103714,1.123757320145766,0.7546849954655234
sub-I0006179005852_ses-1,1,1.8726916909217834,2.3186389207839966,2.881837248802185,2.3577226201693215,0.913546108235578
sub-I0006179005883_ses-1,0,1.6669535040855408,1.426534354686737,1.5571217089891434,1.550203189253807,0.8249430767392415
sub-I0006179005888_ses-1,0,-3.146113093942404,-2.5781666086404584,-2.7501799017190933,-2.824819868100652,0.05599760040918257
sub-I0006179005895_ses-1,0,4.268251657485962,4.400533437728882,3.5577459116466343,4.075510335620493,0.9833000787104197
sub-I0006179005923_ses-1,0,0.9480134844779968,0.8045547902584076,0.8421533703804016,0.8649072150389353,0.7036848915444687
sub-I0006179005925_ses-1,0,0.41756755113601685,-0.1304040551185608,0.30832330882549286,0.1984956016143163,0.549461605932043
sub-I0006179005942_ses-1,0,-0.48280540108680725,-0.6532221585512161,-1.1432772874832153,-0.7597682823737463,0.3186965767295364
sub-I0006179005952_ses-1,0,-3.110741674900055,-2.32385516166687,-3.111449718475342,-2.848682185014089,0.054749476736583015
sub-I0006179005953_ses-1,0,-0.6354688853025436,-0.5810831235139631,-0.6651133149862289,-0.6272217746009119,0.3481407585693065
sub-I0006179005986_ses-1,0,1.1311217471957207,1.4305739291012287,1.494258090853691,1.3519845890502136,0.7944538948315593
sub-I0006179006007_ses-1,0,1.0403025448322296,0.7542992830276489,1.0197116136550903,0.9381044805049896,0.718716612344418
sub-I0006179006013_ses-1,0,-0.7833909131586552,-0.4618254051893018,-0.24903590977191925,-0.49808407603995875,0.37799102356677083
sub-I0006179006033_ses-1,0,-0.627764880657196,-0.9115277528762817,-0.5331857204437256,-0.6908261179924011,0.33384932439128023
sub-I0006179006034_ses-1,0,0.9354198276996613,1.1638759141787887,0.30403847619891167,0.8011114060257872,0.6902121714431887
sub-I0006179006042_ses-2,0,-1.2288312837481499,-0.8204914973466657,-0.7378754913806915,-0.929066090825169,0.28311422283683424
sub-I0006179006046_ses-1,0,-3.103023301810026,-3.0660659120767377,-2.6821453124284744,-2.950411508771746,0.04971706610876343
sub-I0006179006055_ses-1,0,1.529219277203083,1.0835286332876422,1.935216799378395,1.5159882366230402,0.8199469681988187
sub-I0006179006057_ses-1,0,-1.8507676422595978,-1.7061812654137611,-0.7601871192455292,-1.439045342306296,0.19169322630774535
sub-I0006179006059_ses-1,0,0.5871492773294449,-0.45837656123330817,0.41567564010620117,0.1814827854007793,0.5452465776882173
sub-I0006179006062_ses-1,0,-0.17237036675214767,-0.15613079071044922,-0.34122301638126373,-0.22324139128128687,0.44442028655921295
sub-I0006179006064_ses-1,0,1.1758846044540405,0.5877136886119843,0.9759655892848969,0.9131879607836405,0.713652074910317
sub-I0006179006078_ses-1,0,1.6647266745567322,1.208261288702488,0.7992272805422544,1.2240717479338248,0.7727793075434587
sub-I0006179006082_ses-1,0,-1.0161861777305603,-0.5941380262374878,-0.2188459038734436,-0.6097233692804972,0.3521223037084612
sub-I0006179006125_ses-1,0,-4.003700017929077,-4.290483266115189,-4.475143611431122,-4.256442298491796,0.013974578233347563
sub-I0006179006131_ses-1,0,0.2950259894132614,0.7206669300794601,0.2880576401948929,0.43458351989587146,0.6069676378699654
sub-I0006179006138_ses-1,0,0.7604568749666214,0.1542261242866516,0.17687292769551277,0.36385197564959526,0.589972567884669
sub-I0006179006141_ses-1,0,-0.9392602816224098,-0.7287624944001436,-0.1399962529540062,-0.6026730096588532,0.3537323896592304
sub-I0006179006154_ses-1,0,-1.8985053896903992,-1.4199013411998749,-1.607890635728836,-1.64209912220637,0.16217963701012922
sub-I0006179006209_ses-1,0,-0.014924019575119019,0.1222491655498743,-0.2581496089696884,-0.05027482099831104,0.48743394142536256
sub-I0006179006221_ses-1,0,-1.7524663805961609,-1.2988756597042084,-1.500880531501025,-1.517407523933798,0.1798435919680817
sub-I0006179006227_ses-1,0,-2.043786883354187,-1.6073413491249084,-0.926077663898468,-1.5257352987925212,0.17861851957884603
sub-I0006179006234_ses-1,0,-3.6159656643867493,-3.1821929812431335,-3.004422351717949,-3.267526999115944,0.0367021613943549
sub-I0006179006241_ses-1,0,-2.6319787204265594,-3.003484611341264,-1.9724350720643997,-2.535966134610741,0.07337496873890988
sub-I0006179006249_ses-1,0,-0.855623722076416,-0.7636255621910095,-0.962739497423172,-0.8606629272301992,0.2972008597684777
sub-I0006179006253_ses-1,0,1.3160157799720764,1.2786800861358643,1.6103617250919342,1.4016858637332916,0.8024512733922028
sub-I0006179006284_ses-1,0,0.3856920450925827,0.060947805643081665,-0.16454225778579712,0.09403253098328908,0.523490826243486
sub-I0006179006292_ses-1,0,1.4985973536968231,1.1773106753826141,1.0973975583910942,1.257768529156844,0.7786417333339505
sub-I0006179006309_ses-1,0,0.5834834277629852,1.211203694343567,1.8073767125606537,1.2006879448890686,0.7686471424620265
sub-I0006179006311_ses-1,0,-7.135468035936356,-6.762649893760681,-7.339570105075836,-7.079229344924291,0.0008417130374832012
sub-I0006179006319_ses-1,0,0.16652226448059082,0.2892688810825348,-0.544593907892704,-0.029600920776526134,0.49260031010761646
sub-I0006179006326_ses-2,1,0.125413179397583,0.719872921705246,0.552066445350647,0.46578418215115863,0.6143854447086545
sub-I0006179006341_ses-1,0,1.676925003528595,1.1000432446599007,1.6890558004379272,1.4886746828754742,0.8158792664000715
sub-I0006179006362_ses-1,0,-4.38461372256279,-3.908692590892315,-2.832128584384918,-3.708478299280008,0.02392820397746057
sub-I0006179006373_ses-2,0,1.3601783066987991,1.4564463965361938,1.4032393395900726,1.406621347608355,0.8032324944755712
sub-I0006179006377_ses-1,0,-4.904883414506912,-4.205702004022896,-4.098847009241581,-4.403144142590463,0.012090821682761233
sub-I0006179006390_ses-1,0,1.1365965008735657,0.9010843262076378,0.6715218722820282,0.9030675664544106,0.7115794803205866
sub-I0006179006404_ses-1,0,-3.278453052043915,-3.263711344450712,-4.0659855753183365,-3.536049990604321,0.028303721405874865
sub-I0006179006407_ses-1,0,-2.846549356356263,-2.3153743846341968,-2.717669978737831,-2.6265312399094305,0.06745031115812125
sub-I0006179006422_ses-1,0,2.104053556919098,1.8954967856407166,2.059203825891018,2.019584722816944,0.8828380617496763
sub-I0006179006426_ses-1,0,-6.894106835126877,-7.078508675098419,-4.806393921375275,-6.259669810533524,0.001908228675594755
sub-I0006179006433_ses-1,0,2.202277958393097,1.4776668548583984,2.198184013366699,1.9593762755393982,0.8764654352881597
sub-I0006179006438_ses-1,0,-2.128638193011284,-1.4837874220102094,-1.6496585011482239,-1.754028038723239,0.14753986455074974
sub-I0006179006481_ses-1,0,0.8097203746438026,0.5378009630949236,-0.16450585424900055,0.39433849449657526,0.5973266657977282
sub-I0006179006483_ses-1,0,-1.1215945780277252,-0.7419881075620651,-0.8686209619045258,-0.910734549164772,0.28684954928918494
sub-I0006179006489_ses-1,0,-1.5401630848646164,-1.6347745702951215,-1.8555055111646652,-1.676814388774801,0.1575177572526596
sub-I0006179006513_ses-1,0,2.2080107927322388,0.6629676818847656,1.815688133239746,1.5622222026189168,0.8266719933714908
sub-I0006179006574_ses-2,0,-3.960075616836548,-4.707487463951111,-3.5244883000850677,-4.064017126957576,0.016889703748454832
sub-I0006179006579_ses-1,0,-1.62361341714859,-1.704880952835083,-2.1185213923454285,-1.8156719207763672,0.13995401904487137
sub-I0006179006582_ses-1,0,-4.813202142715454,-3.9407749250531197,-4.01177516579628,-4.255250744521618,0.013991006512426183
sub-I0006179006599_ses-1,0,-1.8022629469633102,-1.867985263466835,-1.4070371985435486,-1.692428469657898,0.1554567396451864
sub-I0006179006601_ses-1,0,-3.3126931190490723,-2.519924908876419,-2.6839590966701508,-2.838859041531881,0.05526007289760737
sub-I0006179006608_ses-1,1,1.6561920940876007,1.752889670431614,2.552388422191143,1.9871567289034526,0.8794420083113541
sub-I0006179006610_ses-1,0,-5.492772102355957,-9.25197696685791,-5.398874044418335,-6.7145410378774,0.0012116727388035392
sub-I0006179006617_ses-1,0,0.5745573788881302,0.9300700351595879,1.2576578557491302,0.9207617565989494,0.7151972934298767
sub-I0006179006626_ses-1,0,1.1019776463508606,0.37717653438448906,1.1850530207157135,0.8880690671503544,0.7084915351420963
sub-I0006179006635_ses-1,0,-1.6971898078918457,-2.639225497841835,-1.4010072350502014,-1.9124741802612941,0.12870314594673452
sub-I0006179006643_ses-1,0,0.39368897676467896,0.8614668399095535,0.8320052847266197,0.6957203671336174,0.6672382404622115
sub-I0006179006652_ses-1,0,-1.1279172599315643,-1.0707585215568542,-0.908135375007987,-1.0356037188321352,0.2619991496226021
sub-I0006179006664_ses-1,0,-0.9472405016422272,-0.14538846537470818,1.2934363186359406,0.06693578387300174,0.5167277008698301
sub-I0006179006671_ses-2,0,1.7598074823617935,1.6392386117950082,1.3639947921037674,1.5876802954201896,0.830289486541077
sub-I0006179006677_ses-1,0,-1.5376806557178497,-1.0080471709370613,-0.9585261642932892,-1.1680846636494,0.2372013647957094
sub-I0006179006684_ses-1,0,0.1114855706691742,0.036538973450660706,-0.14334732107818127,0.0015590743472178776,0.5003897685078532
sub-I0006179006698_ses-1,0,-2.3433417081832886,-1.8202999234199524,-2.610585182905197,-2.258075604836146,0.09465515247176577
sub-I0006179006715_ses-1,0,-0.12307840585708618,-0.20134800672531128,0.9357344806194305,0.20376935601234436,0.5507667990701238
sub-I0006179006729_ses-1,0,1.1304168105125427,1.2884839624166489,1.4342534951865673,1.2843847560385864,0.7831952344840346
sub-I0006179006730_ses-1,0,-1.5400795936584473,-2.5922229290008545,-2.783809542655945,-2.3053706884384155,0.09067913860310733
sub-I0006179006741_ses-1,0,-3.7571604251861572,-3.2430456922738813,-3.750477060675621,-3.583561059378553,0.027025919413440864
sub-I0006179006759_ses-1,0,-2.675655499100685,-2.761514787503984,-2.3883048817515373,-2.608491722785402,0.06859390303642739
sub-I0006179006765_ses-1,0,1.4177192449569702,0.10868334770202637,0.6239611059427261,0.7167878995339075,0.671899298873654
sub-I0006179006768_ses-1,0,0.7065325677394867,0.9922162443399429,1.7186252735555172,1.139124695211649,0.7575188957459162
sub-I0006179006797_ses-2,0,-6.048724174499512,-6.75022828578949,-4.966980993747711,-5.9219778180122375,0.0026727319482677024
sub-I0006179006807_ses-1,0,-1.5852907001972198,-1.1977563798427582,-0.9725382030010223,-1.2518617610136669,0.22237802547084415
sub-I0006179006818_ses-1,0,0.5801781117916107,0.964872919023037,1.5138511881232262,1.0196340729792912,0.7349013151904071
sub-I0006179006819_ses-1,0,-0.29668378829956055,-0.02073681354522705,0.751435860991478,0.1446717530488968,0.5361049873551267
sub-I0006179006831_ses-2,0,-3.9427146315574646,-4.362100452184677,-4.5973318330943584,-4.3007156389455,0.013377469168051622
sub-I0006179006866_ses-1,0,0.6083659008145332,0.9898125529289246,0.6707481145858765,0.756308856109778,0.6805518106012372
sub-I0006179006870_ses-1,0,-0.633324921131134,-0.2296363115310669,-0.5978164672851562,-0.4869258999824524,0.3806180139711123
sub-I0006179006886_ses-1,0,-3.583108216524124,-2.924734376370907,-3.327099472284317,-3.2783140217264495,0.03632268514555631
sub-I0006179006888_ses-1,1,2.91557377576828,2.885280817747116,3.21343095600605,3.0047618498404822,0.9527887882719914
sub-I0006179006906_ses-1,0,0.15668915212154388,-0.1660330891609192,0.14059807360172272,0.043751378854115806,0.5109361002942698
sub-I0006179006919_ses-1,0,2.1725887954235077,1.7337371036410332,1.684803158044815,1.8637096857031186,0.8657287564578738
sub-I0006179006924_ses-1,0,0.9828908443450928,0.7925063669681549,0.10637949407100677,0.6272589017947515,0.6518676669829213
sub-I0006179006927_ses-1,0,0.01860755681991577,-0.13159067928791046,0.38567259907722473,0.09089649220307668,0.5227084900818793
sub-I0006179006933_ses-1,0,-2.415123403072357,-2.3789196014404297,-2.1421293914318085,-2.312057465314865,0.09012927787558109
sub-I0006179006943_ses-1,0,1.5730844512581825,1.5508821103721857,1.9887294322252274,1.7042319979518652,0.8460866502793043
sub-I0006179006947_ses-2,0,-0.5842703282833099,-0.784131495282054,-0.7274652160704136,-0.6986223465452591,0.33211774207838146
sub-I0006179006949_ses-1,0,1.2542564123868942,0.6111986357718706,0.7619019746780396,0.8757856742789348,0.7059481487009797
sub-I0006179006971_ses-1,0,1.309500738978386,1.5752214147360064,1.6983986049890518,1.5277069195678148,0.821670561413633
sub-I0006179006973_ses-1,0,0.2205575704574585,0.20775508880615234,0.5341521203517914,0.3208215932051341,0.5795244676489664
sub-I0006179007023_ses-1,0,-0.4779617637395859,-0.5335184534778818,0.31298109143972397,-0.23283304192591459,0.44205328350876916
sub-I0006179007030_ses-1,0,-2.1957662105560303,-2.2154828906059265,-0.7670705318450928,-1.7261065443356831,0.15108627320327198
sub-I0006179007051_ses-2,0,0.3069467544555664,-0.6304384022951126,0.23315241932868958,-0.03011307617028554,0.4924722997903859
sub-I0006179007059_ses-1,0,-0.4500243067741394,-0.20811727643013,0.601756826043129,-0.018794919053713482,0.4953014085501446
sub-I0006179007073_ses-1,0,0.8663235083222389,1.0994504988193512,0.3243666812777519,0.763380229473114,0.6820871678865844
sub-I0006179007084_ses-1,0,-0.24395454674959183,0.027674779295921326,0.19967704266309738,-0.005534241596857707,0.4986164431320625
sub-I0006179007088_ses-1,0,1.3577232360839844,1.4178278245963156,1.662890911102295,1.479480657260865,0.8144941242390777
sub-I0006179007108_ses-1,0,-1.725832462310791,-1.5617847740650177,-1.602099984884262,-1.6299057404200237,0.163843274249934
sub-I0006179007114_ses-1,0,-0.31198110431432724,0.5397418588399887,-0.777951717376709,-0.18339698761701584,0.45427883186327167
sub-I0006179007120_ses-1,0,1.1341856718063354,0.09424231201410294,0.0725356936454773,0.4336545591553052,0.6067460049163539
sub-I0006179007140_ses-1,0,1.7848791480064392,1.696986336261034,1.2918678596615791,1.5912444479763508,0.8307911161466394
sub-I0006179007163_ses-1,0,-0.03063254803419113,0.037425573042128235,0.021341726183891296,0.009378250397276133,0.5023445454154714
sub-I0006179007174_ses-1,1,1.2344301417469978,0.9356210781843401,0.9547107219696045,1.041587313966981,0.7391561632473377
sub-I0006179007198_ses-1,0,-0.3850863575935364,-1.372456543147564,-1.2345609366893768,-0.9973679458101591,0.26945922924308385
sub-I0006179007207_ses-1,0,-0.19451981782913208,-0.9006332606077194,0.40285326540470123,-0.23076660434405008,0.4425630150302944
sub-I0006179007214_ses-1,0,1.5428241342306137,1.3551459266454913,1.32863649725914,1.4088688527117483,0.803587470707578
sub-I0006179007218_ses-1,0,-2.503711074590683,-2.461440160870552,-2.0691770166158676,-2.344776084025701,0.0874818937755748
sub-I0006179007235_ses-2,0,-0.7078092098236084,-0.8222024664282799,-0.9866808950901031,-0.8388975237806638,0.30176702902414143
sub-I0006179007241_ses-1,0,1.9930311441421509,1.6503614634275436,1.530508741736412,1.7246337831020355,0.8487247345198767
sub-I0006179007258_ses-1,0,0.1997271180152893,-0.812795452773571,1.0665334612131119,0.15115504215161005,0.5377169752298879
sub-I0006179007265_ses-1,0,-0.8539369702339172,-1.5246855914592743,-0.9949154108762741,-1.1245126575231552,0.245175191634236
sub-I0006179007306_ses-1,0,-4.338004302233458,-4.386984233686235,-3.802492320537567,-4.17582695215242,0.015130047278436117
sub-I0006179007325_ses-1,0,0.9316193759441376,0.989168043306563,1.0381756126880646,0.9863210106462551,0.7283606409259367
sub-I0006179007327_ses-1,0,0.2279786467552185,0.30419933795928955,1.082714021205902,0.5382973353068033,0.6314162457153416
sub-I0006179007330_ses-1,0,2.2901270389556885,2.3377031683921814,1.8974264860153198,2.1750855644543967,0.8979897691363623
sub-I0006179007341_ses-1,0,-1.227931559085846,-1.0105299949645996,-1.5031516402959824,-1.247204398115476,0.2231844460232575
sub-I0006179007361_ses-1,0,1.2547989040613174,0.6344693853170611,1.5724743455648422,1.1539142116477403,0.7602251372890619
sub-I0006179007365_ses-1,1,2.2957984805107117,2.8112112283706665,2.545334130525589,2.5507812798023224,0.9276259841802548
sub-I0006179007370_ses-1,0,-0.2593620717525482,0.06038438039831817,-0.12509296834468842,-0.10802355323297282,0.47302034225755546
sub-I0006179007399_ses-1,0,-1.1978787183761597,-1.098499983549118,-0.5657415390014648,-0.9540400803089142,0.27807305546496447
sub-I0006179007401_ses-1,0,1.2268586456775665,1.1193321300670505,1.562188521027565,1.3027930989240606,0.7863046817211673
sub-I0006179007403_ses-1,0,-0.8865588903427124,-0.5265099406242371,-0.9174613505601883,-0.7768433938423792,0.3150006053774055
sub-I0006179007443_ses-1,0,-2.142407149076462,-1.5111152715981007,-1.6009668186306953,-1.7514964131017525,0.14785855599330336
sub-I0006179007513_ses-1,0,0.8959036469459534,1.0117778182029724,0.9035583436489105,0.9370799362659454,0.7185094409570221
sub-I0006179007532_ses-1,0,-3.568569600582123,-3.1938053341582417,-3.2844721376895905,-3.348949024143318,0.03392959657502593
sub-I0006179007534_ses-2,0,-3.0428097546100616,-4.58236158353975,-4.258603364229202,-3.9612582341263383,0.018683427065014448
sub-I0006179007542_ses-1,0,-1.7844804227352142,-1.8918143510818481,-2.6295205652713776,-2.1019384463628135,0.1089085571886396
sub-I0006179007558_ses-1,0,-0.9185737073421478,-1.0881098210811615,-1.0684573352336884,-1.0250469545523326,0.26404548150653545
sub-I0006179007559_ses-1,0,-0.9756776057183743,-1.9290797756402753,-0.3673451393842697,-1.0907008402476397,0.25148632857925085
sub-I0006179007572_ses-2,0,-1.992278277873993,-2.3978198021650314,-2.0403803884983063,-2.143492822845777,0.10494086169767619
sub-I0006179007574_ses-1,0,-0.8397187888622284,-1.2748208078555763,-0.8648861050605774,-0.9931419005927941,0.27029194032249687
sub-I0006179007585_ses-1,0,-0.8213940858840942,-1.3153652399778366,-0.39795655757188797,-0.8449052944779396,0.30050267913974654
sub-I0006179007631_ses-1,0,-2.2139135897159576,-2.3420505821704865,-2.2969034612178802,-2.284289211034775,0.0924325070548029
sub-I0006179007632_ses-1,0,1.457955114543438,1.7641391209326684,1.7861343622207642,1.6694095325656235,0.841497080639611
sub-I0006179007639_ses-1,0,-2.546920971944928,-2.5064717577188276,-2.0911929607391357,-2.3815285634676306,0.08459212425184083
sub-I0006179007681_ses-1,0,-0.0362057089805603,-0.20707738399505615,0.025242388248443604,-0.07268023490905762,0.4818379355347659
sub-I0006179007689_ses-1,0,-2.1037701666355133,-1.195676475763321,-1.5132358726114035,-1.6042275050034125,0.16739159177705823
sub-I0006179007690_ses-1,0,-1.3061060830950737,-2.5026472852914594,-1.1653247624635696,-1.658026043616701,0.1600271550986545
sub-I0006179007692_ses-1,0,-3.4911282062530518,-2.9264721870422363,-3.416609600186348,-3.278069997827212,0.036331227765486765
sub-I0006179007719_ses-2,0,0.5574784949421883,-0.8209289307706058,-0.05285543203353882,-0.10543528928731878,0.47366556893792483
sub-I0006179007724_ses-1,0,-0.9217711687088013,-1.0753647089004517,-0.8844611048698425,-0.9605323274930319,0.27677162670291855
sub-I0006179007726_ses-1,0,-1.050893396139145,-1.6193444207310677,-0.9940475523471832,-1.2214284564057987,0.22768516647876605
sub-I0006179007727_ses-1,0,-5.03641739487648,-4.0940230041742325,-4.037181459367275,-4.389207286139329,0.0122584293338969
sub-I0006179007734_ses-1,0,0.47749342024326324,0.40060629980871454,0.6535509824752808,0.5105502341757528,0.6249354533432613
sub-I0006179007743_ses-1,0,-2.417385071516037,-1.8937175273895264,-2.333982229232788,-2.2150282760461173,0.09840903913517503
sub-I0006179007746_ses-1,0,0.39400649070739746,0.3265690244734287,0.13732115924358368,0.28596555814146996,0.571008149133089
sub-I0006179007758_ses-1,0,-2.542112648487091,-1.6601853668689728,-2.6625309735536575,-2.288276329636574,0.09209857579161046
sub-I0006179007763_ses-1,0,1.045439898967743,0.849295049905777,0.9258112609386444,0.9401820699373881,0.7191364332281698
sub-I0006179007786_ses-1,0,-6.2509976625442505,-4.556715726852417,-3.8129135370254517,-4.873542308807373,0.007588210724923551
sub-I0006179007787_ses-1,1,2.3918548226356506,2.3015955816954374,3.5333384573459625,2.74226295389235,0.9394749003847715
sub-I0006179007824_ses-1,0,0.1582406871020794,-0.2522447044029832,0.48106321692466736,0.12901973320792118,0.5322102644422906
sub-I0006179007835_ses-2,0,0.5030622333288193,0.6038967370986938,0.7231998145580292,0.6100529283285141,0.6479528756533846
sub-I0006179007837_ses-1,0,2.4892190992832184,1.9466875195503235,2.6542002856731415,2.3633689681688943,0.9139910145848684
sub-I0006179007854_ses-1,0,-2.679211661219597,-2.9301874302327633,-1.531840592622757,-2.380413228025039,0.08467853172344435
sub-I0006179007859_ses-1,0,0.3089994490146637,0.7301386520266533,0.8742462992668152,0.6377948001027107,0.6542548021850348
sub-I0006179007875_ses-1,0,-0.6740210652351379,-1.0879033990204334,0.19306915998458862,-0.5229517680903276,0.37216227103520816
sub-I0006179007880_ses-1,0,-1.1022695302963257,-1.3943517412990332,-1.7785467207431793,-1.4250559974461794,0.19387018613888352
sub-I0006179007906_ses-1,0,0.017935752868652344,-0.2133844792842865,-0.15184685587882996,-0.11576519409815471,0.4710909798124329
sub-I0006179007934_ses-1,0,-1.02921724319458,-1.2777061983942986,-1.1993207931518555,-1.1687480782469113,0.23708134955844978
sub-I0006179007935_ses-1,0,-2.5987796038389206,-2.1659297198057175,-2.6590114645659924,-2.47457359607021,0.07765999991145064
sub-I0006179007937_ses-2,1,2.3570533990859985,2.464536066225264,2.5683414041996,2.4633102898369543,0.9215293740452001
sub-I0006179007941_ses-1,0,-0.8994167670607567,-1.164643868803978,-0.7814451456069946,-0.9485019271572431,0.27918619630018987
sub-I0006179007945_ses-2,1,2.6644750237464905,3.058529794216156,2.782289981842041,2.8350982666015625,0.9445432618885388
sub-I0006179007950_ses-1,0,-1.5212947577238083,-0.8164835870265961,-0.485009104013443,-0.9409291495879492,0.28071269691029826
sub-I0006179007964_ses-1,0,-2.360824316740036,-2.2048259526491165,-2.775520701892674,-2.4470569904272756,0.07965403233400181
sub-I0006179007983_ses-1,0,-0.2601549029350281,-0.5451858527958393,-0.40573835372924805,-0.4036930364867051,0.4004253724568819
sub-I0006179007992_ses-1,0,-2.3720608428120613,-1.5950601138174534,-2.5000982880592346,-2.1557397482295833,0.10379608214420816
sub-I0006179007995_ses-1,0,-0.18032735586166382,0.3655075132846832,0.6750395894050598,0.28673991560935974,0.5711978236290848
sub-I0006179008012_ses-2,0,-1.733558565378189,-0.1807881398126483,-0.9605136811733246,-0.9582867954547206,0.2772213380513755
sub-I0006179008016_ses-1,0,-3.5565683245658875,-3.2276095151901245,-2.8984735012054443,-3.227550446987152,0.038142012710399915
sub-I0006179008017_ses-1,0,1.0814209133386612,0.9346723817288876,0.6900907456874847,0.9020613469183445,0.7113729257789607
sub-I0006179008023_ses-1,0,-2.412463441491127,-1.9178896248340607,-1.7540583461523056,-2.028137137492498,0.11628021139586715
sub-I0006179008024_ses-1,0,0.28988446295261383,2.147092282772064,0.6720011010766029,1.0363259489337604,0.7381404736024854
sub-I0006179008033_ses-1,0,1.2981017231941223,1.5409181416034698,1.228528294712305,1.355849386503299,0.7950842861166506
sub-I0006179008044_ses-1,0,-0.8271443843841553,-1.2080801771371625,-1.6127530485391617,-1.2159925366868265,0.22864245848275488
sub-I0006179008047_ses-1,0,0.24190665781497955,0.1305466014891863,0.8996287286281586,0.4240273293107748,0.6044465516280113
sub-I0006179008073_ses-1,0,-3.4286507964134216,-2.6512449979782104,-2.860727369785309,-2.9802077213923135,0.04832807420331153
sub-I0006179008091_ses-1,0,3.081642746925354,2.977301061153412,3.33366160094738,3.130868469675382,0.9581482326073324
sub-I0006179008106_ses-1,0,-1.3276636898517609,-1.4840707080438733,-0.8660470098257065,-1.2259271359071136,0.22689506708929494
sub-I0006179008107_ses-1,0,-2.176240913569927,-1.8844562601298094,-2.039152592420578,-2.0332832553734383,0.11575244416067747
sub-I0006179008114_ses-1,1,0.3558720350265503,-0.11184608936309814,0.54029580950737,0.26144058505694073,0.5649903864862336
sub-I0006179008166_ses-2,0,-4.979681044816971,-4.2087869548704475,-4.822446808218956,-4.670304935968791,0.009282441006273586
sub-I0006179008183_ses-1,0,-3.482178047299385,-3.3437378257513046,-3.049199715256691,-3.2917051961024604,0.03585684863865262
sub-I0006179008184_ses-1,0,1.255117952823639,0.9848509728908539,1.3955931067466736,1.2118540108203888,0.7706268304921223
sub-I0006179008190_ses-1,0,-2.1527538299560547,-1.3799240635125898,-1.365427777171135,-1.6327018902132597,0.16346056546142532
sub-I0006179008192_ses-2,0,-0.043740689754486084,-0.659365713596344,-0.15526115894317627,-0.28612252076466876,0.4289534020699537
sub-I0006179008228_ses-1,0,0.24926875531673431,-0.3549962630495429,0.5636588037014008,0.15264376532286406,0.5380870173631921
sub-I0006179008233_ses-1,0,-4.035077676177025,-3.564608756452799,-4.456908178515732,-4.018864870381852,0.017656017572776534
sub-I0006179008239_ses-1,0,0.30809664726257324,0.5448721051216125,1.1320906709879637,0.6616864744573832,0.6596391297292444
sub-I0006179008250_ses-1,0,1.0272546224296093,1.1705957605154254,0.8116707652807236,1.0031737160752527,0.7316821113142938
sub-I0006179008276_ses-1,1,3.267062395811081,2.872851885855198,2.8914697617292404,3.0104613477985063,0.9530445042638048
sub-I0006179008278_ses-2,0,0.5276061296463013,0.9235209077596664,1.2954654172062874,0.915530818204085,0.7141306046128665
sub-I0006179008284_ses-1,0,1.6239191889762878,1.590440884232521,1.7454134225845337,1.6532578319311142,0.8393308697415306
sub-I0006179008287_ses-1,0,-4.249257303774357,-4.5891364858835,-3.553243651986122,-4.1305458138813265,0.01581981364594558
sub-I0006179008290_ses-1,1,1.9647610783576965,1.6963388323783875,1.4742969870567322,1.7117989659309387,0.8470694728167716
sub-I0006179008292_ses-1,0,-3.1595771312713623,-3.902355432510376,-3.1148917973041534,-3.3922747870286307,0.03253777094279081
sub-I0006179008317_ses-1,0,-2.69224551320076,-2.588937908411026,-2.391748934984207,-2.557644118865331,0.0719146221339735
sub-I0006179008318_ses-1,0,-0.4906337857246399,-0.36106181144714355,-0.527605414390564,-0.4597670038541158,0.38704109847806095
sub-I0006179008331_ses-1,1,3.404491752386093,3.6045976392924786,3.7872842848300934,3.598791225502888,0.9733716938283314
sub-I0006179008332_ses-1,0,1.1900031566619873,1.6153881549835205,1.5025050044059753,1.4359654386838276,0.8078290988701148
sub-I0006179008348_ses-1,0,0.9550753533840179,1.188692145049572,0.6070183962583542,0.9169286315639814,0.7144158800987409
sub-I0006179008353_ses-1,0,-3.0919204354286194,-3.2816580579965375,-3.8456611186265945,-3.4064132040172503,0.03209563631437429
sub-I0006179008367_ses-1,0,0.12674254179000854,0.2677048370242119,0.4962093085050583,0.29688556243975955,0.5736809907221533
sub-I0006179008377_ses-1,0,1.6899787783622742,-0.31051017343997955,0.9097566604614258,0.7630750884612402,0.6820209961325258
sub-I0006179008380_ses-1,0,-0.031139671802520752,-0.2611720338463783,-0.42021065950393677,-0.23750745505094528,0.44090069037252916
sub-I0006179008397_ses-1,0,0.5211178809404373,0.450185626745224,0.1850746413692832,0.38545938301831484,0.5951891620002063
sub-I0006179008398_ses-1,0,-0.6905665397644043,-0.707273930311203,-0.5125317424535751,-0.6367907375097275,0.3459723574153966
sub-I0006179008428_ses-1,0,-1.3569459915161133,-0.9838634729385376,-1.13937146961689,-1.1600603113571804,0.23865632644186513
sub-I0006179008438_ses-1,0,-3.0511012971401215,-2.929732769727707,-2.46187368221581,-2.8142359163612127,0.05655972422220287
sub-I0006179008483_ses-1,0,0.19233183562755585,0.03386346250772476,-0.3804325610399246,-0.05141242096821467,0.4871497251601166
sub-I0006179008509_ses-1,0,1.5264078974723816,1.8782559037208557,1.7352428194135427,1.7133022068689268,0.8472641052464077
sub-I0006179008510_ses-1,0,0.4415186196565628,0.2372756376862526,0.7623231112957001,0.4803724562128385,0.6178358210222175
sub-I0006179008513_ses-1,1,2.7263928651809692,3.0666321516036987,3.341594636440277,3.044873217741648,0.9545606719131374
sub-I0006179008517_ses-1,0,0.10222846269607544,0.5932327210903168,0.7095679044723511,0.4683430294195811,0.6149914987718228
sub-I0006179008521_ses-1,0,-1.4411455988883972,-1.3495702743530273,-1.2944876551628113,-1.3617345094680786,0.2039585436615359
sub-I0006179008522_ses-1,0,-2.775650590658188,-2.7043133825063705,-2.611972391605377,-2.6973121215899787,0.06313214804670292
sub-I0006179008532_ses-1,0,-3.669556401669979,-3.393347254022956,-2.9611422568559647,-3.3413486375162997,0.034179609349372655
sub-I0006179008554_ses-1,0,0.8044614046812057,0.7263261927291751,0.5280776470899582,0.6862884148334464,0.6651407581789787
sub-I0006179008561_ses-1,0,-2.4382673650979996,-2.3158608935773373,-2.288843721151352,-2.3476573266088963,0.08725216081439222
sub-I0006179008572_ses-1,0,0.17086151242256165,0.3363884463906288,0.13753145933151245,0.21492713938156763,0.5535258968139894
sub-I0006179008606_ses-1,0,0.1095317006111145,-0.5666210651397705,0.2773153483867645,-0.05992467204729716,0.4850233134513846
sub-I0006179008617_ses-1,0,-0.7628603652119637,-1.0874297469854355,-1.031664863228798,-0.960651658475399,0.27674774096466703
sub-I0006179008621_ses-1,0,-0.33705830574035645,-0.1775585412979126,-0.7310010716319084,-0.41520597289005917,0.3976644859120056
sub-I0006179008634_ses-1,0,0.7347147185355425,0.753054077795241,0.780838131904602,0.7562023094117952,0.6805286467923093
sub-I0006179008676_ses-1,0,1.297948181629181,1.5400581657886505,1.4192832112312317,1.4190965195496876,0.8051967401030763
sub-I0006179008709_ses-1,0,-1.6049113869667053,-1.7328347861766815,-1.3589487969875336,-1.5655649900436401,0.1728495568762821
sub-I0006179008710_ses-2,0,-1.6091547012329102,-2.5923111736774445,-1.287911593914032,-1.8297924896081288,0.13826299542025322
sub-I0006179008715_ses-1,1,2.417810171842575,2.3965842574834824,2.038210839033127,2.284201756119728,0.9075601562011765
sub-I0006179008721_ses-1,0,-1.9411209002137184,-2.858814362436533,-2.7465764433145523,-2.515503901988268,0.074778420837284
sub-I0006179008734_ses-1,1,2.4136282801628113,3.168709874153137,2.4795362651348114,2.6872914731502533,0.9362725648649126
sub-I0006179008751_ses-1,0,1.3367193341255188,1.1911860257387161,1.2011163234710693,1.2430072277784348,0.7760870319802067
sub-I0006179008763_ses-1,0,-2.2172868847846985,-2.069364458322525,-2.444202274084091,-2.2436178723971048,0.09590139761743154
sub-I0006179008772_ses-1,0,-5.769207000732422,-5.381968860456254,-6.23178918659687,-5.794321682595182,0.0030355524288057734
sub-I0006179008791_ses-1,1,2.185294806957245,2.036286011338234,2.001957392320037,2.0745127368718386,0.8884011594807038
sub-I0006179008796_ses-1,0,1.4311981201171875,1.407940149307251,1.5867415517568588,1.4752932737270992,0.8138606046710004
sub-I0006179008810_ses-1,0,-3.4710743874311447,-4.063482239842415,-3.389246791601181,-3.64126780629158,0.025549205451004565
sub-I0006179008814_ses-1,0,-2.343341648578644,-2.5633965730667114,-2.6943909525871277,-2.533709724744161,0.07352853225012392
sub-I0006179008823_ses-1,0,-0.2383570857346058,-0.46496228920295835,-0.16070573031902313,-0.2880083684188624,0.4284915212180985
sub-I0006179008831_ses-2,0,-2.0719961524009705,-1.8353228718042374,-1.7491590678691864,-1.8854926973581314,0.1317592439265824
sub-I0006179008834_ses-1,0,-0.912196695804596,-0.4188084602355957,-1.6571811721660197,-0.9960621094020704,0.26971636175733
sub-I0006179008840_ses-1,0,-1.8864325433969498,-1.5626735547557473,-1.3475086688995361,-1.598871589017411,0.1681393849561881
sub-I0006179008844_ses-1,0,-1.3927542567253113,-1.331233449280262,-1.0877257138490677,-1.270571139951547,0.21915949802342954
sub-I0006179008848_ses-1,0,0.5787109136581421,-0.6894644498825073,0.07287445664405823,-0.012626359860102335,0.4968434519709091
sub-I0006179008852_ses-1,0,0.9985964447259903,1.1628062725067139,0.6284070014953613,0.9299365729093552,0.7170624173341825
sub-I0006179008853_ses-1,0,-0.8102714717388153,-0.9228982180356979,-0.7028613388538361,-0.8120103428761164,0.3074622693450903
sub-I0006179008862_ses-1,0,-1.0776364505290985,-0.8023858815431595,-1.3112769573926926,-1.0637664298216503,0.25659034323826085
sub-I0006179008881_ses-1,0,-2.5069983303546906,-2.5080908089876175,-2.3008874654769897,-2.4386588682730994,0.08027186992481444
sub-I0006179008916_ses-1,0,-2.1913397908210754,-1.9871584177017212,-2.243603378534317,-2.1407005290190377,0.1052034265165973
sub-I0006179008924_ses-1,1,2.960654303431511,2.004481077194214,2.3536003828048706,2.4395785878101983,0.9197960051954012
sub-I0006179008931_ses-1,0,-0.7605375051498413,-1.0094726383686066,-0.6687895655632019,-0.8129332363605499,0.3072657932793424
sub-I0006179008935_ses-2,0,-3.089627832174301,-2.3937900364398956,-3.542919859290123,-3.0087792426347733,0.04703082847226301
sub-I0006179008953_ses-1,0,-0.22895249724388123,-0.39383508637547493,-0.36661840975284576,-0.329801997790734,0.4182888009255335
sub-I0006179008962_ses-1,0,-2.266112267971039,-2.3046396374702454,-1.089681327342987,-1.886811077594757,0.13160849608842942
sub-I0006179008982_ses-1,0,-0.6503991186618805,-0.49110444635152817,-0.5518737882375717,-0.5644591177503268,0.3625163350175921
sub-I0006179009009_ses-1,0,-0.03168986737728119,-0.5614790432155132,-0.70937180519104,-0.43418023859461147,0.39312857222924397
sub-I0006179009023_ses-1,0,-0.7580015156418085,-0.39307532174279913,-0.26499151438474655,-0.4720227839231181,0.3841375896615732
sub-I0006179009069_ses-1,0,-1.6734672039747238,-1.6459935949533246,-1.7013359069824219,-1.6735989019701567,0.15794494143339108
sub-I0006179009081_ses-1,0,-1.3329851031303406,-1.1517943739891052,-0.7115787267684937,-1.0654527346293132,0.2562688097174898
sub-I0006179009141_ses-1,0,0.12800061702728271,0.5710934698581696,-0.10541129857301712,0.1978942627708117,0.5493127379435359
sub-I0006179009147_ses-1,0,-1.8542355000972748,-1.4356926027685404,-1.803983747959137,-1.6979706169416506,0.15473050007142053
sub-I0006179009190_ses-1,0,1.828573513776064,2.0927094042417593,2.094001278281212,2.0050947320996784,0.8813309552594323
sub-I0006179009211_ses-1,1,-0.4169660806655884,-0.44752997159957886,-0.4290151596069336,-0.43117040395736694,0.3938468845699046
sub-I0006179009215_ses-1,1,1.5539309084415436,2.089497983455658,2.2849407494068146,1.9761232137680054,0.878267287380205
sub-I0006179009241_ses-1,0,2.4255638122558594,2.5447860546410084,2.858844429254532,2.6097314320504665,0.9314852581284907
sub-I0006179009265_ses-1,0,-2.3787582218647003,-2.7183480942621827,-2.1034372746944427,-2.400181196940442,0.08315888036494083
sub-I0006179009365_ses-1,0,0.2925747185945511,0.31365796155296266,0.11232808977365494,0.23952025664038956,0.559595420673085
sub-I0006179009367_ses-1,0,-3.530050814151764,-3.518639601767063,-2.9816460609436035,-3.343445492287477,0.03411045688453206
sub-I0006179009370_ses-1,0,-1.043927937746048,-1.366922989487648,-0.9686454683542252,-1.1264987985293071,0.24480781386265613
sub-I0006179009375_ses-1,0,-0.8404850047081709,-0.666682162322104,-0.472929909825325,-0.6600323589518666,0.3407323425964006
sub-I0006179009387_ses-1,0,1.0195662677288055,1.1133921667933464,1.3119452744722366,1.1483012363314629,0.7592004940527549
sub-I0006179009394_ses-1,0,-1.1813504099845886,-0.8697995250113308,-1.1234771311283112,-1.0582090220414102,0.2576518616489026
sub-I0006179009438_ses-1,0,-0.5945318937301636,-0.11749035120010376,-0.0924728512763977,-0.26816503206888836,0.43335763232716856
sub-I0006179009497_ses-1,0,-0.8071811553090811,-1.0191395328729413,-0.3886406198143959,-0.7383204359988061,0.32337152729278607
sub-I0006179009532_ses-1,0,1.1933408379554749,-0.06131117232143879,0.6234433948993683,0.5851576868444681,0.6422533245289077
sub-I0006179009535_ses-1,0,-2.9210315495729446,-3.476387386152055,-2.0294119715690613,-2.808943635764687,0.05684278777069212
sub-I0006179009559_ses-1,0,0.7033630013465881,0.8126321583986282,1.2238139063119888,0.9132696886857351,0.7136687759435717
sub-I0006179009566_ses-1,0,1.1861661709845066,1.4650536729604937,2.097560852766037,1.582926898903679,0.8296186389146393
sub-I0006179009576_ses-1,0,-1.3818989992141724,-1.4273053407669067,-1.361967921257019,-1.3903907537460327,0.19934538256622258
sub-I0006179009582_ses-1,0,2.3871811628341675,1.3493808209896088,1.6406549401581287,1.7924056413273017,0.8572219619988156
sub-I0006179009588_ses-1,1,1.5470858812332153,1.49409019947052,3.1833537220954895,2.0748432675997415,0.8884339255906879
sub-I0006179009595_ses-1,0,-5.771280828863382,-6.501749400922563,-4.235827386379242,-5.502952538721729,0.0040581868962005704
sub-I0006179009602_ses-1,0,-1.0034290682524443,-1.5715224788873456,-1.120972141623497,-1.2319745629210956,0.22583601790208518
sub-I0006179009609_ses-1,0,-2.4875453412532806,-2.279888868331909,-2.451310470700264,-2.406248226761818,0.08269747719031319
sub-I0006179009615_ses-1,1,1.9514221847057343,1.6445404887199402,1.8150703758001328,1.803677683075269,0.8585960276384877
sub-I0006179009648_ses-1,0,-3.4650637805461884,-3.464051030576229,-3.5626263469457626,-3.4972470526893935,0.029390662006935412
sub-I0006179009661_ses-1,0,-0.8140884339809418,-1.0529182478785515,-1.310638077557087,-1.0592149198055267,0.25745951312562665
sub-I0006179009671_ses-1,0,-0.5809526145458221,-0.9908780343830585,-0.5310657024383545,-0.7009654504557451,0.33159820980548904
sub-I0006179009695_ses-1,0,0.1897103115916252,0.08785931766033173,0.34787021577358246,0.20847994834184647,0.5519320258851743
sub-I0006179009700_ses-2,0,-1.306549958884716,-1.2762164659798145,-1.6395910382270813,-1.4074524876972039,0.19663617689440183
sub-I0006179009708_ses-1,0,-6.41564416885376,-9.186863422393799,-5.619587182998657,-7.074031591415405,0.0008460957329122629
sub-I0006179009720_ses-1,0,1.4745551645755768,1.629548207623884,1.8187442123889923,1.6409491948628177,0.8376640531452537
sub-I0006179009733_ses-1,1,-1.3650541603565216,-1.4456197069375776,-1.531637728214264,-1.4474371985027876,0.19039629703774433
sub-I0006179009735_ses-1,0,-5.155910708010197,-4.162020091840532,-3.4066713750362396,-4.241534058295656,0.014181498657625366
sub-I0006179009788_ses-1,1,2.7066943645477295,2.4369935393333435,3.061340570449829,2.735009491443634,0.9390611382255407
sub-I0006179009815_ses-1,0,0.06093128025531769,-0.022964080329984426,-0.031226053833961487,0.0022470486971239247,0.500561761937909
sub-I0006179009848_ses-1,0,0.3913130462169647,-0.1196822197525762,0.38033823668956757,0.2173230210513187,0.5541179267724838
sub-I0006179009850_ses-1,0,-0.14850759506225586,-0.2986608491628431,0.39947474002838135,-0.015897901398905862,0.4960256083583155
sub-I0006179009860_ses-1,0,-1.983881153166294,-2.7127074599266052,-2.3051508963108063,-2.333913169801235,0.08835296213460955
sub-I0006179009867_ses-1,0,-0.5102838762104511,-0.116276842483785,-0.4855857789516449,-0.3707154992152937,0.4083681430520338
sub-I0006179009881_ses-1,0,-2.796917587518692,-2.3080744706094265,-2.080352921038866,-2.3951149930556617,0.08354596199636355
sub-I0006179009886_ses-1,0,-2.025116801261902,-1.832184910774231,-1.581233836710453,-1.8128451829155285,0.1402946111072337
sub-I0006179009905_ses-1,0,0.7069893330335617,0.5135639607906342,1.1568543314933777,0.7924692084391912,0.688361271462748
sub-I0006179009910_ses-1,0,-3.305957078933716,-4.059980869293213,-4.35344934463501,-3.9064624309539795,0.019715022175585184
sub-I0006179009913_ses-1,0,-0.22151897847652435,-0.6212660716264509,-0.44153472036123276,-0.428106590154736,0.39457855087396937
sub-I0006179009929_ses-1,0,-3.529853016138077,-2.7926708832383156,-3.9277642127126455,-3.4167627040296793,0.03177567614252875
sub-I0006179009945_ses-1,0,-2.17502498626709,-1.222701907157898,-1.9007396697998047,-1.766155521074931,0.14602107921696078
sub-I0006179009952_ses-1,0,-3.376150570809841,-2.626992404460907,-2.2909912317991257,-2.7647114023566246,0.05926116264597439
sub-I0006179009969_ses-1,1,0.4770466983318329,0.9161789119243622,-0.2878049463033676,0.3684735546509425,0.5910900839925471
sub-I0006179010004_ses-1,0,1.6821066439151764,0.9357604142278433,1.4531511068344116,1.3570060549924772,0.7952726723157296
sub-I0006179010007_ses-1,0,0.5225783940404654,0.5310440100729465,0.5666935592889786,0.5401053211341301,0.6318369177760229
sub-I0006179010031_ses-2,0,-2.6521911025047302,-3.268368996679783,-2.759549308568239,-2.893369802584251,0.052482292294244885
sub-I0006179010055_ses-1,0,-3.096270889043808,-3.882234577089548,-2.839220304042101,-3.2725752567251525,0.03652409652205136
sub-I0006179010056_ses-2,0,-2.933753728866577,-2.502910171635449,-2.088617019355297,-2.5084269732857742,0.07526952534648432
sub-I0006179010076_ses-1,0,-0.2252584956586361,-0.2891664849012159,-0.26685041934251785,-0.2604251333007899,0.4352592038882788
sub-I0006179010140_ses-1,0,0.2428320050239563,0.5040628910064697,0.5228247493505478,0.42323988179365796,0.6042582646022238
sub-I0006179010160_ses-1,0,1.0951165854930878,0.7764251232147217,1.9784663375467062,1.2833360154181719,0.7830171049572943
sub-I0006179010194_ses-1,0,0.13595685176551342,-0.20657721161842346,-0.4597542881965637,-0.17679154934982458,0.45591687200127534
sub-I0006179010216_ses-1,0,-1.8314264118671417,-1.6737261805683374,-1.4766501486301422,-1.6606009136885405,0.15968134792250396
sub-I0006179010224_ses-1,0,1.702693983912468,1.9072091057896614,1.7504643872380257,1.7867891589800518,0.8565331667118118
sub-I0006179010275_ses-1,0,1.1927059441804886,0.9914580592885613,2.0548741817474365,1.4130127284054954,0.8042406951576403
sub-I0006179010288_ses-1,0,-5.748045325279236,-6.164775871671736,-5.254431560635567,-5.722417585862179,0.0032611217858853373
sub-I0006179010300_ses-1,0,0.016904249787330627,-1.1175972269265912,-0.37903597950935364,-0.4932429855495381,0.37912990125619217
sub-I0006179010345_ses-1,0,-0.8355128243565559,-1.3043521688668989,-0.08793270587921143,-0.742599233034222,0.32243602474688154
sub-I0006179010361_ses-1,0,-0.6949766725301743,-0.9037044011056423,-0.6772032976150513,-0.7586281237502893,0.3189441894679892
sub-I0006179010384_ses-1,0,-2.1292956471443176,-2.1208019256591797,-1.2871956378221512,-1.8457644035418828,0.1363709719771345
sub-I0006179010385_ses-1,0,0.7876469567418098,0.6977056218893267,1.3161171525716782,0.9338232437342716,0.7178502946116763
sub-I0006179010389_ses-1,0,-0.5886734127998352,-0.2578691840171814,0.2553367614746094,-0.1970686117808024,0.4508916753414694
sub-I0006179010394_ses-1,1,0.6516831815242767,0.40414193272590637,0.1798849105834961,0.4119033416112264,0.601544176529879
sub-I0006179010399_ses-1,0,-1.4899092018604279,-1.528236210346222,-1.2928499430418015,-1.4369984517494838,0.1920105858876909
sub-I0006179010402_ses-1,0,-3.985324800014496,-2.866201013326645,-2.7629158347845078,-3.2048138827085495,0.03898496920811019
sub-I0006179010415_ses-1,0,-1.4252437949180603,-0.9851783812046051,-0.37149782478809357,-0.927306666970253,0.28347145271174273
sub-I0006179010436_ses-2,0,-1.9184595495462418,-2.109949693083763,-1.3027142882347107,-1.7770411769549053,0.14466887344298837
sub-I0006179010456_ses-1,1,1.8754330277442932,2.139002114534378,1.6734880656003952,1.8959744026263554,0.8694352286568972
sub-I0006179010470_ses-1,0,-1.678507775068283,-1.8865122199058533,-1.9674168825149536,-1.8441456258296967,0.1365617340375472
sub-I0006179010494_ses-1,0,0.7429460883140564,0.9028361737728119,0.8535469956696033,0.8331097525854906,0.6970120688668109
sub-I0006179010526_ses-2,0,-0.02200329303741455,0.17074933188268915,0.5279752165079117,0.22557375178439543,0.5561555237566996
sub-I0006179010532_ses-1,0,-2.461647868156433,-2.779140193015337,-2.8774886578321457,-2.706092239667972,0.06261482262409829
sub-I0006179010534_ses-1,0,2.1514204144477844,2.4918417930603027,2.073239743709564,2.2388339837392173,0.9036830159680861
sub-I0006179010580_ses-1,0,0.5130353569984436,0.24101920938119292,0.6677680760622025,0.4739408808139463,0.6163160848786462
sub-I0006179010581_ses-1,0,0.6928665637969971,0.5207377932965755,1.2596393078565598,0.8244145549833775,0.695172623248969
sub-I0006179010600_ses-1,1,1.0669699609279633,0.7559010936529376,1.0700098276138306,0.9642936273982438,0.7239806367799351
sub-I0006179010602_ses-1,0,1.9545563459396362,1.7613210529088974,2.5621426552534103,2.092673351367315,0.890189025204764
sub-I0006179010614_ses-1,0,1.0139202624559402,0.9289920926094055,1.0773642659187317,1.006758873661359,0.7323853767412031
sub-I0006179010629_ses-1,0,-1.0914575457572937,-0.6715563461184502,-0.3178502023220062,-0.6936213647325834,0.3332279674018642
sub-I0006179010637_ses-1,1,1.5522855520248413,1.6401002407073975,1.558098316192627,1.5834947029749553,0.8296988838811378
sub-I0006179010642_ses-2,0,-1.6443141102790833,-1.7732115425169468,-2.1938410699367523,-1.8704555742442608,0.13348901759776427
sub-I0006179010644_ses-1,0,-0.11914783716201782,-0.14019295468460768,0.056252628564834595,-0.06769605442726363,0.4830824466510604
sub-I0006179010652_ses-1,0,0.18347381055355072,0.3814229890704155,0.7864509522914886,0.45044925063848495,0.6107460420031039
sub-I0006179010671_ses-1,0,-2.0049737989902496,-1.7211555317044258,-1.9440820962190628,-1.8900704756379128,0.13123643406031493
sub-I0006179010678_ses-1,0,-1.3726308345794678,-0.6716190576553345,-1.7473281919956207,-1.263859361410141,0.22031024013138048
sub-I0006179010685_ses-1,0,-0.5577833354473114,-1.5473219826817513,-0.8647858202457428,-0.9899637127916018,0.27091924511336984
sub-I0006179010690_ses-1,0,-0.9160578846931458,-0.5309821665287018,-0.4098346307873726,-0.6189582273364067,0.35001842341716544
sub-I0006179010702_ses-1,0,-2.0322866048663855,-1.7623640466481447,-1.4881535768508911,-1.7609347427884738,0.1466733085177942
sub-I0006179010708_ses-1,0,-0.752504974603653,-1.125056892633438,-1.3825759161263704,-1.086712594454487,0.25223782361246333
sub-I0006179010742_ses-1,0,-4.730172574520111,-3.876017287373543,-4.532084725797176,-4.37942486256361,0.012377443388153081
sub-I0006179010757_ses-1,0,1.1587852239608765,1.9645603895187378,1.5051970481872559,1.5428475538889568,0.8238782945459787
sub-I0006179010780_ses-1,0,-3.020931661128998,-2.284751981496811,-2.376712143421173,-2.560798595348994,0.07170436729565302
sub-I0006179010793_ses-1,0,-1.458361029624939,-0.6005910038948059,-1.2144753336906433,-1.0911424557367961,0.2514032075814491
sub-I0006179010799_ses-2,0,0.5171446800231934,0.8395051314146258,0.48672211170196533,0.6144573077132615,0.6489569025118678
sub-I0006179010805_ses-1,0,-0.6960238069295883,-0.2220587432384491,-0.2008069008588791,-0.3729631503423055,0.407825214490135
sub-I0006179010814_ses-2,0,1.2390411347150803,1.2411480098962784,1.0912688374519348,1.190485994021098,0.766827972604643
sub-I0006179010828_ses-2,0,-4.171999931335449,-4.570705894380808,-3.932620130479336,-4.225108652065198,0.01441297405539893
sub-I0006179010851_ses-1,0,-5.128515973687172,-6.123703365155961,-4.976945370435715,-5.409721569759616,0.004452967809739569
sub-I0006179010859_ses-1,0,-1.2699822187423706,-0.8903487920761108,-0.7109297513961792,-0.9570869207382202,0.2774618208034458
sub-I0006179010879_ses-1,0,-0.1153259128332138,0.4706120147020556,0.4790036827325821,0.2780965948671413,0.5690795171731097
sub-I0006179010887_ses-2,0,-0.6643646657466888,-2.366954490542412,0.605664998292923,-0.8085513859987259,0.3081992724371615
sub-I0006179010896_ses-1,0,0.9434977471828461,0.9607570767402649,0.9288160353899002,0.9443569531043371,0.7199789009177473
sub-I0006179010904_ses-1,0,0.3177998811006546,-0.06221547722816467,0.7072494626045227,0.3209446221590042,0.5795544465416425
sub-I0006179010948_ses-1,0,0.5033483654260635,1.0707304179668427,0.6348098143935204,0.7362961992621422,0.6761854066246248
sub-I0006179010967_ses-1,0,-0.955474853515625,-1.2235248982906342,-1.5503487512469292,-1.243116167684396,0.2238940374534492
sub-I0006179010975_ses-1,0,-1.7310071885585785,-1.4018912613391876,-1.5683760270476341,-1.5670914923151333,0.17263141787668443
sub-I0006179010987_ses-1,0,1.0960540175437927,0.1832781359553337,0.871630348265171,0.7169875005880991,0.6719432995421427
sub-I0006179010994_ses-1,1,3.238459825515747,2.8343913555145264,4.574162840843201,3.5490046739578247,0.9720503974792696
sub-I0006179011034_ses-1,0,-2.1346876472234726,-1.8091852710931562,-2.068524606525898,-2.004132508280842,0.11876971748855923
sub-I0006179011037_ses-1,0,-3.094780385494232,-2.9254053831100464,-2.214231491088867,-2.7448057532310486,0.0603806729116047
sub-I0006179011058_ses-1,0,1.2994493320584297,0.6576408697874285,0.6150181740522385,0.8573694586326989,0.7021107660315948
sub-I0006179011099_ses-1,0,3.5554665327072144,3.394825279712677,3.9380622506141663,3.629451354344686,0.9741549517716869
sub-I0006179011119_ses-1,0,-3.755712151527405,-3.0467469561845064,-2.821711227297783,-3.2080567783365646,0.03886365513862877
sub-I0006179011120_ses-1,1,2.5153782665729523,2.396528035402298,2.4525717943906784,2.4548260321219764,0.9209136536822868
sub-I0006179011124_ses-1,0,1.6358282268047333,1.817095510661602,2.3283089697360992,1.9270775690674782,0.8729255979953386
sub-I0006179011155_ses-2,0,-1.5771493213251233,-1.296069149801042,-1.284775048494339,-1.3859978398735013,0.20004744761984286
sub-I0006179011158_ses-1,0,-0.5645734369754791,-0.712369441986084,-0.7135234773159027,-0.6634887854258219,0.3399563402966117
sub-I0006179011160_ses-1,0,0.8621339797973633,1.1598755717277527,0.3341514393687248,0.7853869969646136,0.6868399721583701
sub-I0006179011192_ses-1,0,-2.978690505027771,-2.0537830591201782,-2.050619699060917,-2.3610310877362886,0.08619294752817477
sub-I0006179011201_ses-1,0,2.2159263640642166,2.0255053052678704,2.050237238407135,2.0972229692464075,0.8906329729717375
sub-I0006179011205_ses-1,0,-1.8912437837570906,-2.337861184903886,-1.7324720621109009,-1.9871923435906258,0.12055421573654504
sub-I0006179011245_ses-1,0,-0.2626645416021347,-0.2643716102465987,-0.7953729629516602,-0.44080303826679784,0.39154963795340497
sub-I0006179011256_ses-1,0,-2.039789174683392,-1.5263562183827162,-2.141782268881798,-1.9026425539826353,0.12980968164942935
sub-I0006179011258_ses-1,0,-0.5598242878913879,-2.1981650851666927,0.02471691370010376,-0.9110908197859923,0.28677667365274756
sub-I0006179011268_ses-1,0,1.5141290426254272,0.1987776756286621,0.7678373232483864,0.8269146805008253,0.6957021602982731
sub-I0006179011272_ses-1,0,0.32785630226135254,-0.05774395540356636,0.23662835359573364,0.16891356681783995,0.5421282730401645
sub-I0006179011297_ses-1,0,-0.9720329642295837,-0.48794351518154144,-0.09065580368041992,-0.5168774276971817,0.37358268494341296
sub-I0006179011318_ses-1,0,-2.1372193098068237,-1.4704776108264923,-1.6161870956420898,-1.7412946720918019,0.14914856176970495
sub-I0006179011332_ses-1,0,-2.72732812166214,-2.507400833070278,-2.292209953069687,-2.508979635934035,0.07523106683075474
sub-I0006179011349_ses-1,0,-1.1349041759967804,-1.268715262413025,-2.1156126111745834,-1.5064106831947963,0.18147133901591286
sub-I0006179011361_ses-1,0,0.4558825343847275,0.04217730835080147,0.48880481719970703,0.32895488664507866,0.5815050629559276
sub-I0006179011364_ses-1,0,0.1369885802268982,-0.11157414317131042,0.19490516185760498,0.07343986630439758,0.5183517191159268
sub-I0006179011375_ses-1,0,-1.9091153144836426,-1.9542705416679382,-1.1376206949353218,-1.6670021836956341,0.15882427496826879
sub-I0006179011380_ses-1,0,-1.5556665658950806,-1.220038115978241,-0.817627489566803,-1.1977773904800415,0.2318708423351272
sub-I0006179011383_ses-1,0,-1.0016632676124573,-0.8347501419484615,-1.0955538861453533,-0.9773224319020907,0.27342339464978666
sub-I0006179011384_ses-1,1,1.3204756081104279,1.0562626868486404,1.7952302992343903,1.3906561980644863,0.8006969807711515
sub-I0006179011396_ses-1,0,0.6034634560346603,0.47535339929163456,0.51915442943573,0.5326570949206749,0.6301026236660292
sub-I0006179011426_ses-1,0,-1.9779522269964218,-1.523893718549516,-2.2548892945051193,-1.9189117466836858,0.12798296985022906
sub-I0006179011437_ses-1,0,-4.4834983348846436,-4.883543491363525,-3.5441699028015137,-4.303737243016561,0.013337647072925047
sub-I0006179011459_ses-1,0,-0.031870752573013306,-0.6990256011486053,0.09891511499881744,-0.2106604129076004,0.44752879981280447
sub-I0006179011479_ses-1,0,-0.9579064473509789,-1.0228054225444794,-0.12555736303329468,-0.7020897443095843,0.33134906757173815
sub-I0006179011503_ses-1,0,-0.5921619832515717,-1.132451819255948,-0.8786803483963013,-0.8677647169679403,0.29571963067579976
sub-I0006179011527_ses-1,0,1.735493317246437,1.563269816339016,2.761632949113846,2.020132027566433,0.8828946603660822
sub-I0006179011528_ses-1,0,-1.7798763667233288,-0.7620045588701032,-1.5855002999305725,-1.3757937418413348,0.20168539289897364
sub-I0006179011538_ses-1,0,-2.932221829891205,-3.2962003350257874,-2.5530970990657806,-2.9271730879942575,0.050826531156259194
sub-I0006179011539_ses-1,0,-0.1623738706111908,-0.8724074959754944,0.24789386987686157,-0.26229583223660785,0.43479942576505665
sub-I0006179011549_ses-1,0,-0.12117120623588562,0.17479943251237273,-0.12658284604549408,-0.02431820658966899,0.4939207479428574
sub-I0006179011556_ses-1,0,1.6499662101268768,1.835317999124527,1.9409066289663315,1.8087302794059117,0.8592083470173805
sub-I0006179011574_ses-1,0,-4.18170690536499,-3.8937221318483353,-3.4330765902996063,-3.8361685425043106,0.021120414715479898
sub-I0006179011587_ses-1,0,0.8600362241268158,1.0879158973693848,1.0539172291755676,1.0006231168905895,0.7311810732061949
sub-I0006179011593_ses-1,0,0.5181944370269775,0.23516160249710083,1.0890081524848938,0.6141213973363241,0.6488803743219638
sub-I0006179011615_ses-2,1,2.851413443684578,2.384333547204733,2.141676187515259,2.4591410594681897,0.9212273541962842
sub-I0006179011616_ses-1,1,1.1774246767163277,1.4693493843078613,0.6943439543247223,1.1137060051163037,0.752819379579271
sub-I0006179011665_ses-1,0,-1.3029851913452148,-1.3004124015569687,-1.2259677946567535,-1.2764551291863124,0.21815424315624726
sub-I0006179011678_ses-1,0,-0.708462655544281,-0.9010868072509766,-0.8556719720363617,-0.8217404782772064,0.3053943296126709
sub-I0006179011701_ses-1,0,-2.8939014673233032,-2.590893656015396,-2.18502414226532,-2.5566064218680062,0.07198391182435282
sub-I0006179011723_ses-1,1,1.6361125707626343,1.206080537289381,1.643631935119629,1.495275014390548,0.816868703630657
sub-I0006179011766_ses-1,0,-1.752587154507637,-1.448920227587223,-1.2082140743732452,-1.4699071521560352,0.18695672679307557
sub-I0006179011771_ses-1,1,2.6915714144706726,2.8649139404296875,3.94252011179924,3.1663351555665336,0.9595475691968312
sub-I0006179011775_ses-1,0,-2.548183172941208,-2.202200611354783,-1.7337225377559662,-2.161368774017319,0.10327362293355852
sub-I0006179011788_ses-1,0,-1.3854598551988602,-0.9129934952943586,-0.029811426997184753,-0.7760882591634678,0.31516356748986474
sub-I0006179011796_ses-1,0,1.7597874402999878,1.7012549592764117,1.756869226694107,1.7393038754235022,0.8505986231253356
sub-I0006179011853_ses-1,0,-2.3923442363739014,-1.5747574418783188,-1.9402216076850891,-1.969107761979103,0.1224847542657464
sub-I0006179011908_ses-1,0,-2.557667851448059,-3.446083143353462,-3.520257279276848,-3.1746694246927896,0.04013016369521783
sub-I0006179011919_ses-1,0,-1.1925576031208038,-1.2686002105474472,-2.3801889941096306,-1.6137822692592938,0.16606415722722884
sub-I0006179011923_ses-1,0,-0.8898026943206787,-0.16162801248719916,-1.3034386336803436,-0.7849564468294071,0.3132526426742055
sub-I0006179011970_ses-1,0,0.27608662843704224,-0.2763511538505554,1.3037473261356354,0.4344942669073741,0.6069463456590123
sub-I0006179011978_ses-1,0,-1.0053224619477987,-0.8733472870080732,-0.8893715143203735,-0.9226804210920818,0.28441205497640204
sub-I0006179012001_ses-1,0,1.6054898351430893,1.560236532241106,1.8314582109451294,1.6657281927764416,0.8410054469709748
sub-I0006179012043_ses-1,0,-0.8871238529682159,-1.8487159758806229,-1.0371578373014927,-1.257665888716777,0.22137595815349365
sub-I0006179012058_ses-1,0,-0.9568106234073639,-0.74250443931669,-0.6492843329906464,-0.7828664652382334,0.31370242623741595
sub-I0006179012075_ses-1,0,0.5695277452468872,0.452349454164505,0.677583321928978,0.5664868404467901,0.6379521373718836
sub-I0006179012080_ses-1,0,-0.5847249925136566,-1.5196654573082924,-0.5694961026310921,-0.891295517484347,0.2908425504713156
sub-I0006179012089_ses-1,0,-1.1255336999893188,-0.852720320224762,-0.4444642663002014,-0.8075727621714274,0.30840796640661544
sub-I0006179012104_ses-2,0,1.8223365545272827,1.8269885182380676,1.950505554676056,1.8666102091471355,0.8660655629646319
sub-I0006179012116_ses-1,0,-5.027969121932983,-4.5277043133974075,-3.4926113188266754,-4.349428251385689,0.012749544055522092
sub-I0006179012118_ses-1,0,2.1615277528762817,1.974286139011383,2.42799811065197,2.1879373341798782,0.8991610374866211
sub-I0006179012153_ses-1,0,0.860411673784256,1.2821377515792847,1.1996913477778435,1.1140802577137947,0.752889014796759
sub-I0006179012162_ses-1,1,2.6127400994300842,2.646461248397827,3.3873897194862366,2.8821970224380493,0.9469593226715065
sub-I0006179012165_ses-1,0,-2.699609786272049,-2.6975237177102827,-2.4696528613567352,-2.622262121779689,0.06771933834008088
sub-I0006179012173_ses-1,1,4.023190259933472,4.478733241558075,4.553578972816467,4.351834158102672,0.9872807036026315
sub-I0006179012178_ses-1,0,-1.0591069459915161,-0.2456037998199463,-0.5312663316726685,-0.611992359161377,0.3516048479302824
sub-I0006179012180_ses-1,1,1.8593245446681976,1.4715079963207245,2.3081897757947445,1.8796741055945556,0.8675736890705213
sub-I0006179012222_ses-1,0,-1.0290207862854004,-0.9040490472689271,0.010556891560554504,-0.6408376473312577,0.3450572126231398
sub-I0006179012251_ses-1,0,2.463332176208496,2.1961933374404907,1.510938823223114,2.0568214456240335,0.8866350752964072
sub-I0006179012255_ses-1,0,1.5273061394691467,-0.008437037467956543,1.630241259932518,1.0497034539779027,0.7407179501405466
sub-I0006179012268_ses-1,0,-1.5088369846343994,-1.811319351196289,-1.263163983821869,-1.5277734398841858,0.17831969170269282
sub-I0006179012283_ses-1,0,1.5918574333190918,1.2550090849399567,1.688321977853775,1.5117294987042744,0.8193173770402806
sub-I0006179012335_ses-1,0,-4.574767202138901,-4.718110382556915,-3.933166917413473,-4.408681500703096,0.012024858351880672
sub-I0006179012347_ses-1,0,-3.6060926020145416,-3.467622572556138,-3.41452357172966,-3.4960795821001134,0.02942398457085893
sub-I0006179012367_ses-1,0,1.1359144151210785,0.9443533271551132,1.4276421815156937,1.1693033079306285,0.763019062274294
sub-I0006179012436_ses-1,0,1.1933449357748032,0.8940763622522354,1.999260701239109,1.3622273330887158,0.796121459239738
sub-I0006179012448_ses-1,0,-1.0523718148469925,-1.1024967236444354,-0.8997906893491745,-1.0182197426135342,0.26537431811925727
sub-I0006179012477_ses-1,0,-1.7286764569580555,-1.6058988617151044,-1.8922846615314484,-1.7422866600682028,0.14902271906206044
sub-I0006179012525_ses-1,0,-0.1620049774646759,-0.5560629186220467,-0.6776406317949295,-0.4652361759605507,0.385744394845185
sub-I0006179012526_ses-1,0,-2.2057105153799057,-2.2319181114435196,-2.8230134695768356,-2.4202140321334205,0.0816442062312875
sub-I0006179012553_ses-1,0,-1.5471797287464142,-1.9909607470035553,-1.8936368972063065,-1.810592457652092,0.14056653711288283
sub-I0006179012566_ses-1,0,-0.40568822622299194,-0.716672308743,-0.7877985537052155,-0.6367196962237358,0.345988432492754
sub-I0006179012580_ses-1,0,-3.69019465893507,-3.046668653318193,-3.045580893754959,-3.260814735336074,0.03694021363272658
sub-I0006179012604_ses-1,0,-0.7016456723213196,-1.0187222957611084,-1.1678631138056517,-0.9627436939626932,0.2763291980622644
sub-I0006179012629_ses-1,0,1.5005139708518982,1.369090884923935,1.2975105568766594,1.389038470884164,0.8004386961378903
sub-I0006179012651_ses-1,0,-4.203656166791916,-4.020107602700591,-4.352864049375057,-4.192209272955854,0.01488786137426157
sub-I0006179012658_ses-1,0,-1.782901406288147,-1.9611538462340832,-2.0362472012639046,-1.9267674845953782,0.12710880256709883
sub-I0006179012672_ses-1,0,-1.669207826256752,-2.438464716076851,-1.308370217680931,-1.8053475866715114,0.1412013526012302
sub-I0006179012681_ses-1,0,-2.8671965301036835,-1.8768105804920197,-2.6835562586784363,-2.475854456424713,0.07756830287887823
sub-I0006179012684_ses-1,0,-1.4277777522802353,-1.511450772115495,0.35253144055604935,-0.8622323612798937,0.2968731525111358
sub-I0006179012754_ses-1,0,-4.5418141931295395,-3.639441043138504,-3.890753895044327,-4.02400304377079,0.017567120157389853
sub-I0006179012773_ses-1,0,0.19150310754776,0.19852089881896973,0.9498333632946014,0.4466191232204437,0.6098351001761234
sub-I0006179012785_ses-1,0,0.6975866258144379,1.0119275525212288,0.9834697842597961,0.8976613208651543,0.7104686663458675
sub-I0006179012795_ses-1,0,-1.296252191066742,-0.7809453383088112,-1.3780933991074562,-1.1517636428276699,0.2401670939386336
sub-I0006179012796_ses-1,0,-1.8094574809074402,-2.0900168418884277,-1.552849316969514,-1.8174412132551272,0.1397411904418862
sub-I0006179012863_ses-1,0,-0.11062061786651611,-0.18184292316436768,-0.01883271336555481,-0.1037654181321462,0.47408189687862146
sub-I0006179012915_ses-1,1,1.757569432258606,1.5525376796722412,1.716517984867096,1.6755416989326477,0.8423132756538585
sub-I0006179012926_ses-1,0,-1.3936952948570251,-1.3710446655750275,-1.2963125482201576,-1.3536841695507367,0.20526870782466164
sub-I0006179012949_ses-1,0,-2.0589243099093437,-1.6480841003358364,-2.0840424448251724,-1.9303502850234509,0.12671181393849068
sub-I0006179012953_ses-1,0,-1.0906520206481218,-0.7920033559203148,-1.3911383748054504,-1.0912645837912958,0.25138022382402375
sub-I0006179012979_ses-1,0,-2.563304215669632,-2.5576110035181046,-2.5910401046276093,-2.5706517746051154,0.0710512729827894
sub-I0006179013012_ses-1,0,0.8903392255306244,0.5612459778785706,0.7802034467458725,0.7439295500516891,0.6778545423088435
sub-I0006179013067_ses-1,0,-2.6823719441890717,-2.0435076653957367,-2.3934422098100185,-2.373107273131609,0.08524652318644244
sub-I0006179013087_ses-1,0,0.4166802763938904,1.2729934453964233,1.2797175645828247,0.9897970954577128,0.7290478430401857
sub-I0006179013119_ses-1,0,1.2177430242300034,1.3336143381893635,0.9279540777206421,1.1597704800466697,0.7612910073696214
sub-I0006179013125_ses-1,1,-2.372568428516388,-2.142671585083008,-2.505202293395996,-2.3401474356651306,0.08785209948583213
sub-I0006179013126_ses-1,0,4.081463932991028,4.167720556259155,4.088510191999376,4.112564893749853,0.9838977805527761
sub-I0006179013129_ses-1,0,-0.7413589954376221,-0.6033012270927429,-0.8205856680870056,-0.7217486302057902,0.3270080389234976
sub-I0006179013149_ses-1,0,0.05360652506351471,-0.93461699411273,0.6953079104423523,-0.06190085286895434,0.4845297262747372
sub-I0006179013154_ses-1,0,0.6915473490953445,1.2156057953834534,1.6645374298095703,1.1905635247627895,0.7668418350341205
sub-I0006179013181_ses-1,0,-0.21243610978126526,-0.5576683878898621,-0.8174721598625183,-0.5291922191778818,0.3707053097823399
sub-I0006179013199_ses-1,1,0.57408706843853,1.2473189234733582,0.9230507016181946,0.9148188978433609,0.7139852452821351
sub-I0006179013218_ses-1,0,-3.110926143825054,-3.2484486252069473,-1.9325317442417145,-2.7639688377579055,0.059302573636627144
sub-I0006179013224_ses-1,0,-4.270343691110611,-2.718342959880829,-3.0792170837521553,-3.3559679115811982,0.03370027992607186
sub-I0006179013254_ses-1,0,-1.0303541421890259,-1.0180762708187103,-0.9651716537773609,-1.004534022261699,0.268050912931974
sub-I0006179013269_ses-1,0,0.8254678845405579,1.018390953540802,0.7094475030899048,0.8511021137237549,0.7007982848623514
sub-I0006179013274_ses-1,0,-1.325929656624794,-1.8109495863318443,-0.5956674516201019,-1.2441822315255802,0.2237088468675315
sub-I0006179013312_ses-1,1,-1.7002655267715454,-2.2354224920272827,-1.244880497455597,-1.7268561720848083,0.1509901516850404
sub-I0006179013334_ses-1,0,-1.7497616708278656,-2.4679947197437286,0.6075002551078796,-1.2034187118212383,0.230867605058286
sub-I0006179013367_ses-1,0,0.8070260882377625,0.4822262078523636,0.5275356061756611,0.605595967421929,0.6469355293644613
sub-I0006179013368_ses-1,0,-0.9825130701065063,-0.7260179594159126,-0.8197382539510727,-0.8427564278244972,0.30095456621715966
sub-I0006179013395_ses-1,0,-1.6439269185066223,-1.5433438420295715,-1.3163726031780243,-1.5012144545714061,0.18224446206993417
sub-I0006179013418_ses-1,1,3.659946918487549,3.7009583711624146,3.1795390248298645,3.5134814381599426,0.971068932468026
sub-I0006179013470_ses-1,0,0.4566801190376282,0.5315340161323547,0.7174422442913055,0.5685521264870962,0.6384290188143853
sub-I0006179013500_ses-1,0,-1.4272523522377014,-1.3515846729278564,-0.6532333493232727,-1.1440234581629436,0.24158241530524424
sub-I0006179013510_ses-1,0,1.6228309571743011,1.365886464715004,1.7089371085166931,1.565884843468666,0.8271961686104216
sub-I0006179013525_ses-1,0,0.5768103450536728,-0.41483379900455475,0.5562174469232559,0.23939799765745798,0.5595652899245903
sub-I0006179013533_ses-1,0,1.2449385076761246,1.1222419142723083,1.3360155075788498,1.234398643175761,0.7745875123303594
sub-I0006179013579_ses-1,0,-0.7913083434104919,-0.9048555493354797,-1.3715047389268875,-1.0225562105576198,0.2645297808654806
sub-I0006179013582_ses-1,0,1.20657779276371,1.3695645132102072,1.502830758690834,1.3596576882215838,0.7957040574503438
sub-I0006179013606_ses-1,0,1.1023000925779343,0.6166758667677641,1.3588362038135529,1.0259373877197504,0.7361275159744545
sub-I0006179013663_ses-1,1,1.9567350298166275,1.9962318241596222,2.329725682735443,2.0942308455705643,0.8903411816963297
sub-I0006179013670_ses-1,0,-3.118942975997925,-2.6512885093688965,-2.343775950372219,-2.704669145246347,0.06269840203120401
sub-I0006179013674_ses-1,0,-1.2859120965003967,-0.9793088734149933,-0.8704397827386856,-1.045220250884692,0.2601439996015399
sub-I0006179013767_ses-2,0,-4.057630492374301,-4.843502406904008,-3.972575068473816,-4.291235989250708,0.013503165339462378
sub-I0006179013781_ses-1,0,-2.176765576004982,-1.919827625155449,-1.554589718580246,-1.883727639913559,0.1319612955583465
sub-I0006179013782_ses-1,0,2.1562198400497437,2.4801814556121826,1.9397519826889038,2.19205109278361,0.8995334218970829
sub-I0006179013800_ses-1,0,-1.9724302887916565,-1.9667847286909819,-2.525692366063595,-2.1549691278487444,0.10386778903447431
sub-I0006179013801_ses-1,0,-2.802563175559044,-2.9180862866342068,-2.688249558210373,-2.802966340134541,0.0571640907997328
sub-I0006179013881_ses-1,0,-0.5214565098285675,-0.7795054540038109,-0.7545367926359177,-0.6851662521560987,0.335109225764045
sub-I0006179013900_ses-1,0,-1.4533118307590485,-2.0895527647226118,-1.2328186929225922,-1.5918944294680841,0.16911753089568285
sub-I0006179013911_ses-1,0,-3.0803319178521633,-2.872875178232789,-2.461257427930832,-2.8048215080052614,0.05706418611275286
sub-I0006179013920_ses-1,0,-1.0195874348282814,-0.9633852001279593,-0.9341201633214951,-0.9723642660925785,0.2744095047320105
sub-I0006179013924_ses-1,0,-0.8051891475915909,-1.7285102754831314,0.4192195534706116,-0.7048266232013702,0.33074297340765013
sub-I0006179013951_ses-1,0,-2.6420396268367767,-2.6711183190345764,-3.021753489971161,-2.7783038119475045,0.05850791968692352
sub-I0006179013955_ses-1,0,-0.768273264169693,-1.524256361182779,-1.070278361439705,-1.1209359955973923,0.24583770725598425
sub-I0006179013991_ses-1,1,2.9439331889152527,3.2199997901916504,2.3094571232795715,2.824463367462158,0.9439835513174712
sub-I0006179013994_ses-1,0,-4.867304772138596,-4.17589995265007,-3.560217931866646,-4.20114088555177,0.014757434427194132
sub-I0006179013997_ses-1,0,-1.1712824702262878,-1.4601120352745056,-0.49051274359226227,-1.0406357496976852,0.26102734421105384
sub-I0006179014037_ses-1,0,1.9645003974437714,1.9387711510062218,1.0800120532512665,1.66109453390042,0.8403848764982751
sub-I0006179014102_ses-1,0,0.2794089764356613,0.10862669534981251,0.3014576658606529,0.22983111254870892,0.5572061858306506
sub-I0006179014141_ses-3,0,0.5343034490942955,0.1748639597208239,0.39774659276008606,0.3689713338584018,0.5912103930618944
sub-I0006179014156_ses-1,0,-0.05018055438995361,-0.5403743982315063,-0.06858393549919128,-0.21971296270688376,0.44529166399902487
sub-I0006179014180_ses-1,0,-0.7093521095812321,-1.2451720283715986,-0.4705239236354828,-0.8083493538627712,0.30824234987919175
sub-I0006179014181_ses-1,0,-1.5506349205970764,-1.830756425857544,-1.2659886479377747,-1.549126664797465,0.17521244069359304
sub-I0006179014202_ses-1,0,-0.16017868742346764,-0.781304185220506,-0.7635760307312012,-0.568352967791725,0.36161695572972197
sub-I0006179014212_ses-1,0,0.5498540997505188,0.8200458735227585,0.6786042861640453,0.6828347531457742,0.6643710909810142
sub-I0006179014263_ses-2,0,-2.82149201631546,-2.811611060926225,-2.716685175895691,-2.783262751045792,0.05823535509407041
sub-I0006179014316_ses-1,0,-4.037892282009125,-3.215241491794586,-3.9141215682029724,-3.7224184473355613,0.02360477450870695
sub-I0006179014326_ses-1,0,1.7911760210990906,0.4402010440826416,1.1629134565591812,1.1314301739136379,0.7561027360431093
sub-I0006179014390_ses-1,0,-2.5352637469768524,-2.2408225275576115,-2.6904572546482086,-2.4888478430608907,0.07664369509073643
sub-I0006179014393_ses-1,0,-1.3294466137886047,-0.5419214963912964,-0.8481423258781433,-0.9065034786860148,0.28771586619824524
sub-I0006179014400_ses-1,0,-0.024205148220062256,-0.7713249921798706,-0.9543384239077568,-0.5832895214358965,0.3581760265888127
sub-I0006179014426_ses-1,0,-3.7160767572931945,-3.1091116712777875,-3.652384266257286,-3.4925242316094227,0.029525689080846195
sub-I0006179014472_ses-1,1,2.3025528490543365,2.2299773637205362,2.8617493510246277,2.4647598545998335,0.9216341323735315
sub-I0006179014482_ses-1,0,-0.19337353110313416,-0.020122157409787178,0.18933160603046417,-0.008054694160819054,0.49798633734666703
sub-I0006179014525_ses-1,0,-1.2400213479995728,-0.9354543574154377,-0.604060560464859,-0.9265120886266232,0.2836328715639141
sub-I0006179014526_ses-1,0,-0.2892823815345764,0.015750735998153687,-0.19982891157269478,-0.15778685236970583,0.4606349247139887
sub-I0006179014543_ses-2,0,-1.0785799846053123,-1.7635416672565043,-1.781034380197525,-1.5410520106864471,0.17638239542152767
sub-I0006179014546_ses-1,1,2.342384457588196,1.8922041058540344,2.04421603679657,2.092934866746267,0.8902145863848612
sub-I0006179014605_ses-1,0,1.6612529754638672,1.5954238176345825,1.2894610464572906,1.5153792798519135,0.819857047996183
sub-I0006179014617_ses-1,0,-3.7623278945684433,-3.1738212257623672,-3.206068769097328,-3.380739296476046,0.03290286206396352
sub-I0006179014624_ses-1,0,-3.2925032675266266,-3.083028167486191,-2.886485692113638,-3.087339042375485,0.043632538620633134
sub-I0006179014652_ses-1,0,-0.8863838613033295,-1.2919208742678165,-1.1427248269319534,-1.1070098541676998,0.2484287643409178
sub-I0006179014656_ses-1,0,-4.137000568211079,-3.7755304620950483,-4.1438435316085815,-4.018791520638236,0.017657289816470804
sub-I0006179014658_ses-1,0,-2.8071828484535217,-3.49544227583101,-3.5546353459358215,-3.2857534900734513,0.036063175228035385
sub-I0006179014667_ses-1,0,-2.021142601966858,-1.2556378245353699,-1.1964970827102661,-1.4910925030708313,0.18375780531067898
sub-I0006179014697_ses-1,0,-1.805796205997467,-2.447653894254472,-1.5144658386707306,-1.9226386463075567,0.127567611806608
sub-I0006179014698_ses-1,0,-3.456266403198242,-2.503226712346077,-3.239976024022326,-3.0664897131888815,0.04451088042732746
sub-I0006179014702_ses-1,0,-1.1094635426998138,-1.5730960965156555,-0.8269655108451843,-1.1698417166868846,0.2368835959176894
sub-I0006179014739_ses-1,0,0.6625564992427826,0.16710879653692245,1.021501362323761,0.6170555527011553,0.6495485841570778
sub-I0006179014746_ses-1,0,-1.6379319727420807,-1.3925718665122986,-1.2938834726810455,-1.4414624373118083,0.1913189839193207
sub-I0006179014752_ses-1,0,-2.523049145936966,-2.400299221277237,-1.4444773346185684,-2.1226085672775903,0.10691873039495138
sub-I0006179014762_ses-2,0,-0.62876857817173,-0.9126997636049055,-0.7164928764104843,-0.7526537393957066,0.3202433394516353
sub-I0006179014766_ses-1,0,-2.730515256524086,-2.93319471180439,-2.585638478398323,-2.7497828155755997,0.06009891710665619
sub-I0006179014801_ses-1,0,-2.9487836062908173,-3.0367357954382896,-3.250012516975403,-3.07851063956817,0.04400242461438793
sub-I0006179014831_ses-1,0,-1.991924986243248,-2.12589805573225,-2.4259686172008514,-2.1812638863921165,0.10144566099502632
sub-I0006179014838_ses-1,0,0.37614814937114716,0.3426542654633522,0.8523741364479065,0.5237255170941353,0.6280185033441035
sub-I0006179014851_ses-1,0,-4.2101764641702175,-4.547538165876176,-4.808916509151459,-4.522210379732617,0.010748202354056484
sub-I0006179014852_ses-1,0,-1.862105816602707,-1.8423522971570492,-1.5666824728250504,-1.7570468621949356,0.1471605853758237
sub-I0006179014876_ses-1,0,0.7234274297952652,0.014871206134557724,0.20125989243388176,0.3131861761212349,0.5776627794548228
sub-I0006179014879_ses-1,0,-1.1500044465065002,-0.9612471163272858,-1.7159406691789627,-1.2757307440042496,0.21827782166884202
sub-I0006179014880_ses-1,0,-0.940695233643055,-1.0374145130626857,-0.969458669424057,-0.9825228053765992,0.27239149083652764
sub-I0006179014936_ses-1,0,0.9449081271886826,0.3793700262904167,0.7910800874233246,0.7051194136341413,0.6693218331454136
sub-I0006179014937_ses-1,0,-3.217418611049652,-3.42305189371109,-3.5921226739883423,-3.4108643929163613,0.03195764550248247
sub-I0006179014938_ses-1,0,-3.1922396421432495,-3.4038928747177124,-2.5023066252470016,-3.0328130473693213,0.04596531019937026
sub-I0006179015163_ses-1,1,2.0753208696842194,2.0329487286508083,2.418748140335083,2.1756725795567036,0.8980435295907423
sub-I0006179015177_ses-1,0,-1.4521596431732178,-1.3710675835609436,-1.387359395623207,-1.4035288741191227,0.19725672950155246
sub-I0006179015184_ses-1,0,-1.2846248149871826,-0.6397115588188171,-0.8387680649757385,-0.9210348129272461,0.284747090960881
sub-I0006179015240_ses-1,1,0.6907559633255005,2.0350744128227234,2.1736457347869873,1.6331587036450703,0.8366018901567818
sub-I0006179015243_ses-1,0,1.528203010559082,1.9741533398628235,0.9099347591400146,1.4707637031873066,0.8131734374021561
sub-I0006179015308_ses-1,1,1.443125605583191,1.1675333213061094,1.3941841423511505,1.3349476897468169,0.7916578630337351
sub-I0006179015379_ses-1,0,0.7777104377746582,0.4252605512738228,1.2860026359558105,0.8296578750014305,0.6962825844326314
sub-I0006179015390_ses-1,1,-2.1382349133491516,-2.5474921464920044,-2.792001251131296,-2.492576103657484,0.07638026427927685
sub-I0006179015412_ses-1,0,-0.9760879278182983,-1.4555467516183853,-1.000965565443039,-1.1442000816265743,0.24155005576913816
sub-I0006179015421_ses-1,0,1.656332865357399,1.3411129266023636,1.7668401300907135,1.5880953073501587,0.830347957381298
sub-I0006179015483_ses-1,0,2.046131432056427,2.1571426689624786,2.908615291118622,2.3706297973791757,0.9145600857421783
sub-I0006179015496_ses-1,0,-4.240870475769043e-05,-0.37310680001974106,-0.4906736761331558,-0.28794096161921817,0.42850802831542534
sub-I0006179015508_ses-1,0,-3.539280503988266,-3.1603230386972427,-2.7590622156858444,-3.1528885861237845,0.040977610618795894
sub-I0006179015555_ses-1,0,-1.9554167091846466,-2.549218125641346,-2.708597857505083,-2.4044108974436917,0.08283696133465898
sub-I0006179015557_ses-1,1,-0.44359031319618225,-0.4468308389186859,0.19881676882505417,-0.230534794429938,0.4426202035274149
sub-I0006179015591_ses-1,1,0.38961608707904816,0.7267883364111185,0.2953023910522461,0.47056893818080425,0.6155184075854381
sub-I0006179015621_ses-1,0,2.237909346818924,1.7831359207630157,1.9397442806512117,1.9869298494110506,0.8794179516230949
sub-I0006179015691_ses-1,0,-1.2753657698631287,-1.3263863325119019,-1.3655828088521957,-1.3224449704090755,0.21041180172482365
sub-I0006179015723_ses-1,0,-2.2765371203422546,-2.053770028054714,-2.1374527290463448,-2.1559199591477713,0.1037793196789847
sub-I0006179015796_ses-1,0,-0.6445174813270569,-1.5172386169433594,-0.5480619370937347,-0.903272678454717,0.2883784255247379
sub-I0006179015914_ses-1,1,2.519507884979248,3.398446202278137,2.9385506212711334,2.9521682361761727,0.9503658653462399
sub-I0006179015924_ses-1,0,-0.7518830895423889,0.0044408440589904785,-0.4678047299385071,-0.4050823251406352,0.400091871427767
sub-I0006179015987_ses-1,0,-0.22072619199752808,-0.6926973164081573,0.16387249156832695,-0.24985033894578615,0.4378603361432169
sub-I0006179016044_ses-1,1,0.2229679822921753,0.4249419569969177,0.48300531692802906,0.37697175207237404,0.5931425192303657
sub-I0006179017187_ses-1,1,2.5598263442516327,1.8597561419010162,2.7060799412429333,2.3752208091318607,0.9149181449982655
sub-S0001111189359_ses-1,0,-1.8829987347126007,-2.2110069394111633,-2.0157599449157715,-2.0365885396798453,0.11541456512950715
sub-S0001111189848_ses-1,1,4.634555816650391,5.858120918273926,5.421788930892944,5.304821888605754,0.9950569719689136
sub-S0001111190905_ses-1,0,-2.738135874271393,-3.024029642343521,-2.507723331451416,-2.75662961602211,0.059713324513086745
sub-S0001111191757_ses-1,0,-1.0757472515106201,-0.6264129877090454,-1.2009478211402893,-0.9677026867866516,0.2753386421983145
sub-S0001111192868_ses-1,0,-4.093372225761414,-3.374160349369049,-3.511302173137665,-3.6596115827560425,0.025096463662154657
sub-S0001111194301_ses-1,0,-3.0098055601119995,-2.5562148690223694,-2.7064486145973206,-2.7574896812438965,0.059665052160244134
sub-S0001111196958_ses-1,0,-1.8210411071777344,-1.2562288045883179,-1.1533715724945068,-1.410213828086853,0.19620033225381098
sub-S0001111201541_ses-1,0,-1.604443371295929,-1.2301905192434788,-1.5904479175806046,-1.4750272693733375,0.18617969609750432
sub-S0001111210276_ses-2,0,-2.542266368865967,-1.8716996908187866,-2.950805902481079,-2.454923987388611,0.07907921236364153
sub-S0001111212184_ses-1,0,-0.005873382091522217,-0.006333410739898682,-0.3189689815044403,-0.1103919247786204,0.47243001131018714
sub-S0001111224131_ses-1,0,-3.654339075088501,-3.0879298076033592,-2.8310754112899303,-3.191114764660597,0.03950146243793927
sub-S0001111229408_ses-1,0,-3.280206084251404,-3.667600929737091,-3.6267904937267303,-3.524865835905075,0.028612943054117154
sub-S0001111229643_ses-1,1,5.042481064796448,5.38107705116272,4.920348644256592,5.114635586738586,0.9940277155902254
sub-S0001111229818_ses-1,0,-1.0360824763774872,-1.4791632294654846,-1.3200684189796448,-1.278438041607539,0.21781622074890625
sub-S0001111230101_ses-1,0,-3.0209766030311584,-3.2620608806610107,-3.2149038910865784,-3.1659804582595825,0.04046620098945991
sub-S0001111231120_ses-1,0,-4.829223990440369,-5.384407244622707,-4.9507938623428345,-5.0548083658019705,0.006338160480278695
sub-S0001111231646_ses-2,1,1.8090710043907166,2.3269855976104736,2.6607859134674072,2.265614171822866,0.905988898118993
sub-S0001111232582_ses-1,0,-1.9769734144210815,-1.6860345648019575,-1.8225971460342407,-1.8285350417524266,0.13841288388872575
sub-S0001111233630_ses-1,0,-2.3011255115270615,-2.0142313688993454,-2.3167404755949974,-2.2106991186738014,0.09879381066873709
sub-S0001111234245_ses-1,0,-4.89331442117691,-4.2322914600372314,-4.9231003522872925,-4.682902077833812,0.009167307433229107
sub-S0001111236273_ses-1,0,-1.2072517275810242,-1.5528079271316528,-1.4255045354366302,-1.3951880633831024,0.198580803565662
sub-S0001111238759_ses-1,0,-2.134587526321411,-2.4208177626132965,-1.7495786994695663,-2.1016613294680915,0.10893545360067729
sub-S0001111239207_ses-1,0,2.562084138393402,2.6063371896743774,2.4618385434150696,2.5434199571609497,0.9271302159068163
sub-S0001111243686_ses-2,1,5.010202407836914,5.641507148742676,5.7411229610443115,5.464277505874634,0.9957824629628614
sub-S0001111245075_ses-1,0,-2.643950343132019,-3.421626091003418,-2.139582432806492,-2.7350529556473098,0.0609363745690949
sub-S0001111247115_ses-1,0,-1.8313157558441162,-1.4868557453155518,-1.1995927095413208,-1.5059214035669963,0.18154402769038627
sub-S0001111249053_ses-1,0,-3.078476458787918,-2.511802837252617,-2.6231175661087036,-2.737798954049746,0.06077942926033855
sub-S0001111249761_ses-1,0,1.2079738080501556,1.2478656768798828,1.0873412657529116,1.18106025022765,0.7651383860218195
sub-S0001111250016_ses-1,0,-1.1514089703559875,-1.7424235343933105,-1.022175133228302,-1.3053358793258667,0.21326836688561918
sub-S0001111250151_ses-1,0,-3.3940606713294983,-3.5444554686546326,-2.85044464468956,-3.2629869282245636,0.0368630141748355
sub-S0001111254006_ses-1,0,-5.27964460849762,-5.340806186199188,-5.612320318818092,-5.410923704504967,0.0044476417529016815
sub-S0001111255993_ses-1,0,-2.0867958068847656,-1.5977465510368347,-1.8739339113235474,-1.8528254230817158,0.13554150114497968
sub-S0001111257569_ses-1,0,-3.7107386887073517,-3.8094813376665115,-4.807659313082695,-4.109293113152186,0.01615413621299814
sub-S0001111260232_ses-1,0,-2.971390813589096,-3.1299550607800484,-2.9526321291923523,-3.0179926678538322,0.0466196116955963
sub-S0001111261966_ses-1,0,2.048892617225647,2.107885777950287,2.0326482886448503,2.0631422279402614,0.8872688471582104
sub-S0001111267069_ses-1,0,-4.129262059926987,-3.7046192930429243,-4.203370034694672,-4.012417129221528,0.017768197511937107
sub-S0001111267505_ses-1,0,-3.37347549200058,-3.2515216767787933,-3.5888139605522156,-3.4046037097771964,0.03215189678806737
sub-S0001111268724_ses-1,0,-3.585543155670166,-3.4502341747283936,-3.497091770172119,-3.510956366856893,0.029002091482866022
sub-S0001111271791_ses-1,0,-1.1834574341773987,-0.891320526599884,-1.567796766757965,-1.2141915758450825,0.228960240309536
sub-S0001111275471_ses-1,0,0.791515439748764,-0.9403941631317139,0.8860222548246384,0.24571451048056284,0.5611214163342122
sub-S0001111278689_ses-1,0,-4.96020320057869,-4.353653535246849,-4.108896717429161,-4.4742511510849,0.011270287628424459
sub-S0001111280283_ses-1,0,-2.042815148830414,-2.3733850717544556,-2.6320356726646423,-2.349411964416504,0.08711252398984323
sub-S0001111281292_ses-1,0,-4.343321293592453,-3.859602928161621,-4.206327021121979,-4.136417080958684,0.01572866006520242
sub-S0001111281619_ses-1,0,-3.7183608412742615,-3.5937127470970154,-3.049632251262665,-3.453901946544647,0.03065270778509325
sub-S0001111283963_ses-1,0,-1.000594437122345,-1.1917822360992432,-0.8632318377494812,-1.0185361703236897,0.2653126348673806
sub-S0001111284329_ses-1,0,-0.6389510631561279,-0.10463225841522217,-0.9152860045433044,-0.5529564420382181,0.3651787642410852
sub-S0001111284720_ses-1,0,-5.107069671154022,-4.409108638763428,-4.9496254324913025,-4.8219345808029175,0.007986892334621978
sub-S0001111285820_ses-1,0,-2.877909079194069,-3.3879202427342534,-3.310110993683338,-3.191980105203887,0.03946864354851538
sub-S0001111290573_ses-1,0,-1.8252617120742798,-1.6399773359298706,-2.0360260009765625,-1.8337550163269043,0.1377915512479021
sub-S0001111292085_ses-1,0,-3.1096657812595367,-2.520513568073511,-3.2615103274583817,-2.9638965589304767,0.04908381589284136
sub-S0001111293049_ses-1,0,-1.7935564517974854,-1.7850427813827991,-2.687032386660576,-2.088543873280287,0.11021529259699504
sub-S0001111293150_ses-1,0,2.6703286170959473,2.305256426334381,2.853904902935028,2.6098299821217856,0.9314915473731176
sub-S0001111293827_ses-1,0,-5.069538950920105,-4.7223493456840515,-3.9907469749450684,-4.594211757183075,0.010008994121676192
sub-S0001111294092_ses-1,0,-3.8798506259918213,-3.6188048124313354,-4.147648453712463,-3.88210129737854,0.02019138373602047
sub-S0001111299435_ses-1,0,-2.49317866563797,-2.665847659111023,-2.1318754255771637,-2.4303005834420524,0.08089111669919657
sub-S0001111299494_ses-1,0,-4.484703302383423,-3.9549538884311914,-5.290445610880852,-4.576700933898489,0.01018400274300081
sub-S0001111300867_ses-1,0,-3.8255788534879684,-4.371489852666855,-2.8133013248443604,-3.6701233436663947,0.024840556150224468
sub-S0001111300976_ses-1,0,-3.200593411922455,-3.4312634468078613,-3.1779632344841957,-3.269940031071504,0.036616943688209454
sub-S0001111302469_ses-1,0,-3.9042373448610306,-4.300582294294145,-3.9008424878120422,-4.035220708989073,0.01737456398674089
sub-S0001111303311_ses-1,0,-3.855795741081238,-3.1119622886180878,-3.4630061388015747,-3.4769213895003,0.029976068694587677
sub-S0001111303895_ses-1,1,2.245020627975464,2.1580067574977875,2.248364418745041,2.2171306014060974,0.9017773316352111
sub-S0001111304613_ses-1,0,-1.2773226499557495,-1.1102591753005981,-1.3373665809631348,-1.2416494687398274,0.22414900233112856
sub-S0001111314599_ses-1,0,-2.2130186557769775,-2.4007705450057983,-2.178391247987747,-2.264060149590174,0.09414354617386653
sub-S0001111318592_ses-1,0,-5.4720472395420074,-4.772592954337597,-6.676669351756573,-5.640436515212059,0.0035387506352124445
sub-S0001111319977_ses-1,0,-1.2697396790608764,-1.5348788350820541,-1.7013680636882782,-1.5019955259437363,0.1821280867847368
sub-S0001111320813_ses-1,0,-1.856989324092865,-1.5892069935798645,-1.7242851257324219,-1.7234938144683838,0.1514216854520785
sub-S0001111324300_ses-1,0,-4.847210839390755,-4.277661308646202,-4.704926639795303,-4.60993292927742,0.009854409930915116
sub-S0001111325116_ses-1,0,-1.257692664861679,-1.5939336121082306,-1.7312043383717537,-1.5276102051138878,0.17834361040757699
sub-S0001111326132_ses-1,0,-3.184330463409424,-3.6201348304748535,-2.8661662936210632,-3.22354386250178,0.038289275383646494
sub-S0001111326628_ses-2,1,0.5221066176891327,0.8162024915218353,0.46163105964660645,0.5999800562858582,0.6456517434050492
sub-S0001111329522_ses-1,0,-2.1781387329101562,-1.87836092710495,-1.569584310054779,-1.8753613233566284,0.13292259064857806
sub-S0001111331020_ses-1,0,-1.1965873539447784,-1.2472530007362366,-0.972295954823494,-1.1387121031681697,0.24255689887068427
sub-S0001111331164_ses-1,0,-3.2605268843472004,-3.106811296194792,-3.441773682832718,-3.2697039544582367,0.03662527247168656
sub-S0001111335708_ses-1,0,-4.39250522851944,-3.7108354568481445,-5.130610764026642,-4.411317149798076,0.01199358639032569
sub-S0001111336247_ses-1,0,-1.9256490468978882,-2.0524247735738754,-2.3883564472198486,-2.122143422563871,0.10696315384351578
sub-S0001111342145_ses-1,0,-2.584612339735031,-3.021869905292988,-2.434877246618271,-2.6804531638820968,0.0641366707046625
sub-S0001111343090_ses-1,0,-7.668601155281067,-11.871490389108658,-7.642345577478409,-9.060812373956045,0.00011611511412106424
sub-S0001111343357_ses-1,0,-6.546442151069641,-9.797841310501099,-5.928031086921692,-7.4241048494974775,0.0005963389369897446
sub-S0001111345400_ses-1,0,-2.407091587781906,-2.390008068177849,-2.216931037604809,-2.338010231188188,0.08802351338413837
sub-S0001111347423_ses-1,1,0.9698292315006256,1.1663849353790283,1.101431056857109,1.079215074578921,0.7463454147514985
sub-S0001111347587_ses-1,0,-1.9620263576507568,-1.2236335277557373,-0.9005845785140991,-1.362081487973531,0.20390221420683016
sub-S0001111348234_ses-1,0,-2.555605798959732,-1.6808481216430664,-2.0052990913391113,-2.08058433731397,0.1109982925576642
sub-S0001111348409_ses-1,0,-3.1985812187194824,-2.251744508743286,-2.000348746776581,-2.483558158079783,0.07701888245764706
sub-S0001111351482_ses-1,0,-1.3464000225067139,-1.0944583415985107,-0.6732126176357269,-1.0380236605803173,0.26153150990994617
sub-S0001111355216_ses-1,0,-3.65348356962204,-3.6660779118537903,-3.9587891921401024,-3.7594502245386443,0.022766171588838622
sub-S0001111361149_ses-1,0,-3.396760106086731,-3.3067465126514435,-2.8956569731235504,-3.1997211972872415,0.039176215984150914
sub-S0001111361321_ses-1,0,-2.7017526030540466,-2.410828113555908,-3.1795912384986877,-2.7640573183695474,0.059297637869298175
sub-S0001111364541_ses-1,0,-1.0286430716514587,-0.740305170416832,-1.7210880517959595,-1.1633454312880833,0.23805993441052326
sub-S0001111366430_ses-1,0,-3.9983444213867188,-3.8643312454223633,-3.852421998977661,-3.9050325552622476,0.019742675425567766
sub-S0001111368298_ses-1,0,-2.3675763309001923,-3.2008458559866995,-2.4048174023628235,-2.657746529749905,0.06551315854040936
sub-S0001111370433_ses-1,0,-2.1953594982624054,-2.313159257173538,-1.8079902529716492,-2.1055030028025308,0.10856310790227651
sub-S0001111372414_ses-1,1,3.5993868112564087,3.7860680520534515,4.156590074300766,3.8473483125368753,0.9791094864515105
sub-S0001111372829_ses-1,0,-3.4104892015457153,-2.9416845440864563,-3.2411962747573853,-3.197790006796519,0.03924897350240573
sub-S0001111376593_ses-1,0,-4.348504900932312,-3.985406458377838,-4.679440036416054,-4.337783798575401,0.012896947369837918
sub-S0001111377201_ses-1,0,-4.089012712240219,-4.191121697425842,-3.87350045889616,-4.0512116228540735,0.01710365265930026
sub-S0001111377571_ses-1,0,-2.6157542765140533,-2.181015957146883,-2.031967043876648,-2.276245759179195,0.09310947771461482
sub-S0001111382381_ses-2,0,-5.754755616188049,-6.019822418689728,-5.5353662967681885,-5.7699814438819885,0.003110112428623703
sub-S0001111383236_ses-1,0,-5.658622622489929,-6.288333256728947,-5.805224575102329,-5.9173934847737355,0.002684979796599087
sub-S0001111385228_ses-1,0,-3.306824177503586,-2.9651665091514587,-2.6833002269268036,-2.9850969711939492,0.04810370145898135
sub-S0001111388710_ses-1,0,-1.7017103433609009,-1.3864072561264038,-1.0222702026367188,-1.3701292673746746,0.20259896214487277
sub-S0001111390308_ses-1,0,1.6193808317184448,1.8030351400375366,1.7359548807144165,1.719456950823466,0.848058874956411
sub-S0001111397193_ses-1,0,2.743215024471283,2.324203073978424,2.7839508652687073,2.617122987906138,0.9319554888421249
sub-S0001111397693_ses-1,0,-2.4875955283641815,-2.5190899670124054,-2.6129216253757477,-2.539869040250778,0.07311004740952644
sub-S0001111399785_ses-1,0,-0.6473580896854401,-0.08608540147542953,-0.14854614436626434,-0.29399654517571133,0.42702572938645417
sub-S0001111404930_ses-1,0,-3.088243246078491,-2.914045751094818,-3.049407422542572,-3.017232139905294,0.046653425948586284
sub-S0001111407087_ses-1,1,2.960250437259674,2.0340347290039062,2.874598264694214,2.622961143652598,0.9323247799749015
sub-S0001111410501_ses-1,0,-3.626109004020691,-3.8994080126285553,-3.698432147502899,-3.741316388050715,0.02317312150602481
sub-S0001111410707_ses-1,0,0.34266147017478943,0.3556173434481025,-0.7351919114589691,-0.012304365945359072,0.49692394732243256
sub-S0001111417300_ses-1,0,-3.10849666595459,-3.3031157420482486,-3.6824971586465836,-3.3647031888831407,0.03341697514241189
sub-S0001111418143_ses-1,0,-2.0230660885572433,-3.123439311981201,-0.9840321987867355,-2.043512533108393,0.11470954683132688
sub-S0001111422704_ses-1,0,-1.163506269454956,-1.4765969514846802,-1.2287465929985046,-1.2896166046460469,0.21591771153338757
sub-S0001111423628_ses-1,0,-6.307511314749718,-6.4992388532846235,-4.980542808771133,-5.9290976589351585,0.0026538204260502596
sub-S0001111427532_ses-1,0,-2.858581990003586,-3.0907976031303406,-3.0163426753133535,-2.9885740894824266,0.04794473507626453
sub-S0001111432573_ses-1,0,-3.2653560042381287,-3.5006967186927795,-2.8464435935020447,-3.204165438810984,0.0390092705142509
sub-S0001111433035_ses-2,1,0.641773909330368,-0.029877036809921265,1.7842743620276451,0.7987237448493639,0.6897014116054031
sub-S0001111434110_ses-1,0,-4.622543543577194,-4.147048056125641,-4.342758417129517,-4.3707833389441175,0.012483525816758214
sub-S0001111439208_ses-1,0,1.5969135612249374,1.3642271711141802,1.116925835609436,1.359355522649518,0.7956549332948056
sub-S0001111439317_ses-1,0,-3.4719168543815613,-3.7751985639333725,-4.5131660252809525,-3.920093814531962,0.019453294988049277
sub-S0001111440247_ses-1,0,-3.802230626344681,-3.6594066098332405,-4.495258271694183,-3.9856318359573684,0.01824175604966411
sub-S0001111444639_ses-1,0,-3.1163844168186188,-3.7109821252524853,-2.6166786700487137,-3.148015070706606,0.0411695612251761
sub-S0001111447432_ses-1,0,-1.9483898878097534,-2.190803587436676,-1.9095234274864197,-2.0162389675776162,0.11750845002292751
sub-S0001111447549_ses-1,0,-3.0878931879997253,-2.958457201719284,-3.005773961544037,-3.0173747837543488,0.04664708200494287
sub-S0001111449984_ses-1,0,-1.9572078585624695,-1.3986318707466125,-1.6000773906707764,-1.6519723733266194,0.16084255583768328
sub-S0001111451872_ses-1,0,-2.891102910041809,-2.8487324714660645,-2.7012767791748047,-2.8137040535608926,0.05658811149958894
sub-S0001111451926_ses-1,0,-4.922953128814697,-4.488919734954834,-4.318237543106079,-4.576703468958537,0.010183977188895051
sub-S0001111457455_ses-1,0,3.7630847692489624,3.719311475753784,3.616266369819641,3.699554204940796,0.9758624801515788
sub-S0001111458501_ses-1,0,-2.0571619272232056,-2.51058292388916,-1.3615930080413818,-1.9764459530512493,0.12169821152972808
sub-S0001111464535_ses-1,0,-3.851872146129608,-3.03590327501297,-3.3656448125839233,-3.4178067445755005,0.0317435709067224
sub-S0001111464981_ses-1,0,-3.239057421684265,-2.639494463801384,-3.3009541034698486,-3.0598353296518326,0.04479474846598423
sub-S0001111466254_ses-1,0,-3.984865218400955,-3.1640118956565857,-3.6008310317993164,-3.5832360486189523,0.027034467053957772
sub-S0001111467701_ses-1,0,-3.756379008293152,-4.155246734619141,-2.974106252193451,-3.6285773317019143,0.025867062689686134
sub-S0001111468975_ses-1,0,-2.6918331384658813,-2.407389521598816,-2.045805811882019,-2.3816761573155723,0.08458069583154673
sub-S0001111475060_ses-1,0,-1.8486411571502686,-1.2686398029327393,-1.8391773700714111,-1.6521527767181396,0.16081820787977813
sub-S0001111475816_ses-1,0,-4.8740581795573235,-5.106280650943518,-5.04300462314859,-5.007781151216477,0.006641319453459975
sub-S0001111476342_ses-1,0,-3.7913331389427185,-3.382809638977051,-3.5537672638893127,-3.575970013936361,0.02722624818578815
sub-S0001111478592_ses-1,0,-3.618880659341812,-3.4715659618377686,-3.4649590849876404,-3.518468568722407,0.028791287454986155
sub-S0001111478823_ses-1,0,-3.693357065320015,-3.533638522028923,-2.7439253479242325,-3.3236403117577233,0.034769032016119784
sub-S0001111480684_ses-1,0,-3.0529176592826843,-2.6048512905836105,-2.3333142399787903,-2.6636943966150284,0.0651499627517669
sub-S0001111488224_ses-1,1,1.5296741724014282,1.9371290802955627,1.5903725624084473,1.6857252717018127,0.8436611639501731
sub-S0001111491855_ses-1,1,1.1972647309303284,0.762780487537384,1.4972450733184814,1.1524300972620647,0.759954504177794
sub-S0001111494365_ses-1,0,-3.8168769478797913,-4.081323567777872,-3.858917087316513,-3.919039200991392,0.019473421796448027
sub-S0001111495771_ses-1,0,0.3452304005622864,0.5793391987681389,0.27616530656814575,0.400244968632857,0.598746515035731
sub-S0001111496165_ses-1,0,-3.0867393016815186,-2.8416348695755005,-2.4708696603775024,-2.799747943878174,0.0573377980563817
sub-S0001111499711_ses-1,0,-0.7383301854133606,-0.6218640208244324,-0.4756055474281311,-0.6119332512219747,0.351618323410232
sub-S0001111502710_ses-1,0,-1.3568979501724243,-1.2639259099960327,-0.8007737398147583,-1.1405325333277385,0.2422226006536198
sub-S0001111506566_ses-1,0,-4.698669612407684,-4.17890465259552,-4.13627690076828,-4.337950388590495,0.012894826748392527
sub-S0001111510900_ses-1,0,-2.0466820299625397,-1.7131758332252502,-2.1342557072639465,-1.9647045234839122,0.12295881145353384
sub-S0001111511810_ses-1,0,-2.2703263461589813,-1.5942513048648834,-1.7430965453386307,-1.8692247321208317,0.13363145297371565
sub-S0001111517197_ses-1,0,-2.8519274592399597,-3.6181119084358215,-3.069051519036293,-3.179696962237358,0.03993695140432462
sub-S0001111520032_ses-1,0,-0.9487874358892441,-1.7479985998361371,-1.3059030771255493,-1.3342297042836435,0.20846058319298638
sub-S0001111520136_ses-1,0,0.22252434492111206,0.4213312193751335,0.4914820250123739,0.37844586310287315,0.5934982093936323
sub-S0001111520256_ses-1,0,-0.4310866594314575,-0.5517222881317139,-0.8179913759231567,-0.6002667744954427,0.35428266234577527
sub-S0001111520696_ses-1,0,1.4674208015203476,1.1805188339203596,1.263071484863758,1.3036703734348218,0.7864520528076158
sub-S0001111525004_ses-1,0,-1.5546948909759521,-1.1627633571624756,-1.9904735684394836,-1.5693106055259705,0.17231469257597334
sub-S0001111527456_ses-1,0,-2.5871060490608215,-2.316026881337166,-2.936146728694439,-2.6130932196974754,0.06830050196704877
sub-S0001111531148_ses-1,0,-3.3011425137519836,-3.190566584467888,-3.673648416996002,-3.388452505071958,0.032658308028268974
sub-S0001111531526_ses-1,0,-4.16641329228878,-3.8270496175973676,-4.6116098165512085,-4.201690908812452,0.014749439414114081
sub-S0001111532503_ses-1,0,-5.8667489886283875,-5.08940863609314,-4.966769874095917,-5.307642499605815,0.0049291739438425825
sub-S0001111532770_ses-1,0,-1.2423827648162842,-1.2801819443702698,-1.1177060008049011,-1.2134235699971516,0.2290958503244224
sub-S0001111534168_ses-1,1,-0.3307143449783325,-0.2381654977798462,0.43567490577697754,-0.04440164566040039,0.48890141193619524
sub-S0001111534857_ses-1,0,-3.2161349654197693,-2.6234203577041626,-3.4578954577445984,-3.0991502602895102,0.0431423194823291
sub-S0001111535413_ses-1,0,-0.7324469089508057,-0.34728407859802246,-0.9146877527236938,-0.6648062467575073,0.33966078274413747
sub-S0001111544884_ses-1,0,-1.7118908762931824,-1.8241125345230103,-1.3270163834095001,-1.6210065980752308,0.1650660947939489
sub-S0001111550177_ses-1,0,-0.6954950392246246,-0.9617468565702438,-1.0918117500841618,-0.9163512152930101,0.28570194231940055
sub-S0001111551629_ses-1,0,-1.2394562363624573,-1.4135798215866089,-1.1383644342422485,-1.2638001640637715,0.22032040884329884
sub-S0001111557037_ses-1,0,-4.306957274675369,-5.105909424601123,-4.8086328357458115,-4.7404998450074345,0.0086586522213431
sub-S0001111559016_ses-1,0,-3.4540151953697205,-3.584172695875168,-3.0911501944065094,-3.376446028550466,0.033039749281318746
sub-S0001111559239_ses-1,0,-4.169065356254578,-4.124556303024292,-4.040626645088196,-4.1114161014556885,0.01612042981339188
sub-S0001111559869_ses-1,0,-6.506780415773392,-6.647013072797563,-6.282859273254871,-6.478884253941942,0.001533168761748903
sub-S0001111561964_ses-1,0,0.40337833762168884,-0.1940410896204412,-0.9466715604066849,-0.24577810413514575,0.4388629228879456
sub-S0001111574117_ses-1,0,-3.9089313447475433,-3.4237347096204758,-4.007925122976303,-3.780197059114774,0.022309140150874894
sub-S0001111578755_ses-1,0,-3.370039254426956,-3.5968447625637054,-3.9475442320108414,-3.6381427496671677,0.02562712371172121
sub-S0001111580308_ses-1,0,-3.624753773212433,-3.2405757904052734,-3.384081244468689,-3.4164702693621316,0.03178467441443148
sub-S0001111580415_ses-1,0,-3.4129422903060913,-3.5904919505119324,-3.4673907896503806,-3.4902750101561346,0.029590206343677497
sub-S0001111580910_ses-1,0,-0.1705019474029541,0.6250540018081665,-0.2952617406845093,0.053096771240234375,0.5132710750644246
sub-S0001111583206_ses-1,0,-2.916502207517624,-2.4116987586021423,-2.636956311762333,-2.6550524259606996,0.0656782879586147
sub-S0001111585006_ses-1,0,-4.337045669555664,-4.291904866695404,-3.3693929314613342,-3.999447822570801,0.01799596550606088
sub-S0001111588612_ses-1,0,-3.7682099789381027,-2.988608503714204,-3.3858379125595093,-3.3808854650706053,0.032898211258277035
sub-S0001111595224_ses-2,0,-5.013687819242477,-4.797580033540726,-5.434590616263449,-5.081952823015551,0.006169475772316797
sub-S0001111598838_ses-1,0,-2.43204016238451,-2.823762781918049,-2.3125637471675873,-2.5227888971567154,0.07427595545568565
sub-S0001111599126_ses-1,0,-4.736265674233437,-5.171261934563518,-4.344813134521246,-4.750780247772734,0.008570852798680266
sub-S0001111600869_ses-1,0,-2.7428035736083984,-2.0517083406448364,-3.203786849975586,-2.6660995880762735,0.06500362661841223
sub-S0001111602038_ses-1,0,-4.407317399978638,-3.9008083939552307,-3.867324471473694,-4.058483421802521,0.016981833897555677
sub-S0001111602832_ses-1,0,-4.082765996456146,-4.675343990325928,-4.612838864326477,-4.456982950369517,0.011464344740616597
sub-S0001111607694_ses-1,0,-0.12753695249557495,-0.2598429024219513,0.17417052388191223,-0.07106977701187134,0.48224003045654296
sub-S0001111608665_ses-1,0,1.1177204549312592,1.0160380154848099,0.07313250750303268,0.7356303259730339,0.6760395907719037
sub-S0001111609497_ses-1,0,-5.142016351222992,-5.377107486128807,-5.205917119979858,-5.241680319110553,0.005263507090036873
sub-S0001111612244_ses-1,0,-3.0074023604393005,-2.027621418237686,-3.2709115892648697,-2.7686451226472855,0.05904224042012184
sub-S0001111613441_ses-1,1,2.7111222743988037,3.2832192182540894,2.6831012964248657,2.8924809296925864,0.9474734883353884
sub-S0001111614628_ses-1,0,-8.171399295330048,-12.33253813162446,-8.090712130069733,-9.531549852341413,7.252187069461875e-05
sub-S0001111616525_ses-1,0,-2.5306892693042755,-2.704030826687813,-3.3289109766483307,-2.85454369088014,0.054446922735199445
sub-S0001111616571_ses-1,0,-3.284892976284027,-3.197109818458557,-2.923297382891178,-3.135100059211254,0.04168240840701104
sub-S0001111618503_ses-1,0,-2.1547825783491135,-2.704857736825943,-1.716997116804123,-2.192212477326393,0.1004519942307824
sub-S0001111618995_ses-1,0,-3.226995348930359,-2.8539465069770813,-3.902931869029999,-3.3279579083124795,0.034624423540265604
sub-S0001111623207_ses-1,1,0.5469557791948318,0.9798295572400093,0.8599282000213861,0.7955711788187424,0.6890263171324875
sub-S0001111625329_ses-1,0,-4.591311037540436,-4.094383180141449,-3.5499721728265285,-4.078555463502805,0.016649990663350978
sub-S0001111625940_ses-1,0,1.5616092085838318,1.6385778486728668,1.7629044838249683,1.6543638470272224,0.8394799649502136
sub-S0001111628617_ses-1,0,0.1480633169412613,0.5438755974173546,0.409645177423954,0.36719469726085663,0.5907809448708213
sub-S0001111633405_ses-1,0,-3.2043792009353638,-3.9285832345485687,-3.7561508119106293,-3.6297044157981873,0.025838677643863106
sub-S0001111634851_ses-1,0,-5.5911277532577515,-4.442096590995789,-5.803917288780212,-5.2790472110112505,0.005071434568940984
sub-S0001111635388_ses-1,0,-2.111218184232712,-2.1784142553806305,-2.2989789620041847,-2.1962038005391755,0.10009190743054244
sub-S0001111637387_ses-1,0,-2.3675385862588882,-2.605441694089677,-2.6484720557928085,-2.5404841120471247,0.07306837803105504
sub-S0001111637464_ses-1,0,-2.988508105278015,-2.6520367860794067,-2.1689525842666626,-2.6031658252080283,0.06893495092629624
sub-S0001111637505_ses-1,0,-2.6132644563913345,-2.1272512720315717,-3.0436945110559464,-2.5947367464929507,0.06947792350622391
sub-S0001111638599_ses-1,0,-1.1430688351392746,-1.4328884345013648,-1.8776705712080002,-1.4845426136162132,0.1847422645981464
sub-S0001111639462_ses-1,0,-3.3617821037769318,-3.183864116668701,-3.3404948860406876,-3.2953803688287735,0.035730010250501314
sub-S0001111640658_ses-1,0,-3.4056814946234226,-3.940787677594926,-2.2058137208223343,-3.1840942976802276,0.03976868948063607
sub-S0001111640757_ses-1,0,0.7904131710529327,0.6387825987767428,0.36255577951669693,0.5972505164487908,0.6450270160984489
sub-S0001111643919_ses-1,0,-2.4843389093875885,-2.703297547996044,-3.134167328476906,-2.773934595286846,0.058749061636945814
sub-S0001111646810_ses-1,0,-1.6160560846328735,-2.0493661165237427,-1.4781269431114197,-1.7145163814226787,0.15257883752936058
sub-S0001111649388_ses-1,0,-1.5557584762573242,-0.8853687830269337,-1.8708795681595802,-1.4373356091479461,0.19195828387057334
sub-S0001111654149_ses-1,0,-2.3553546667099,-2.5133820474147797,-2.8108966052532196,-2.5598777731259665,0.07176568402610094
sub-S0001111654175_ses-1,0,-3.179905593395233,-4.135164231061935,-3.7907516956329346,-3.701940506696701,0.024081374531769142
sub-S0001111656425_ses-1,0,-3.0892211496829987,-3.0359673500061035,-2.578117184340954,-2.9011018946766853,0.05209911936432807
sub-S0001111658506_ses-1,0,2.4011831879615784,2.8466416001319885,2.443991959095001,2.5639389157295227,0.9285043804477104
sub-S0001111659606_ses-3,0,-1.4453190565109253,-1.056412935256958,-1.0276070833206177,-1.1764463583628337,0.2356917519473897
sub-S0001111660187_ses-1,0,-2.1792576909065247,-1.8107255697250366,-1.868930995464325,-1.9529714186986287,0.12422971652562856
sub-S0001111660409_ses-1,0,-1.0318268835544586,-1.1321549713611603,-1.340515598654747,-1.1681658178567886,0.23718668132000767
sub-S0001111660766_ses-1,0,-4.56457382440567,-4.953131148125976,-4.0287522077560425,-4.515485726762563,0.010819939174400852
sub-S0001111662324_ses-1,0,-6.113648146390915,-5.634515166282654,-6.243702594190836,-5.9972886356214685,0.002479319791577419
sub-S0001111669746_ses-1,0,-1.3110886812210083,-0.7188535928726196,0.13150346279144287,-0.6328129371007284,0.3468729867535893
sub-S0001111671158_ses-1,0,-4.507845401763916,-4.070477545261383,-4.7822200655937195,-4.453514337539673,0.01150372091498669
sub-S0001111671651_ses-1,0,-3.5789783000946045,-3.04473614692688,-3.4150298833847046,-3.3462481101353965,0.03401823968965354
sub-S0001111672397_ses-4,0,-2.7720820903778076,-1.771530270576477,-1.4213550090789795,-1.9883224566777546,0.12043445150320031
sub-S0001111672899_ses-1,0,0.6117221713066101,0.22186899185180664,1.1123974323272705,0.6486628651618958,0.6567090791648021
sub-S0001111673222_ses-1,0,-4.513477377593517,-3.859668206423521,-4.276964038610458,-4.216703207542499,0.014532864048227706
sub-S0001111674206_ses-1,0,-5.5677260756492615,-5.471375405788422,-5.747614026069641,-5.595571835835774,0.0037005299875072432
sub-S0001111674855_ses-1,0,-2.6795751750469208,-2.571438431739807,-3.336543381214142,-2.86251899600029,0.05403779043372957
sub-S0001111677120_ses-1,1,-0.6987082958221436,0.03888201713562012,-0.17420625686645508,-0.27801084518432617,0.43094151117639856
sub-S0001111678728_ses-1,0,-4.878960996866226,-4.262841694056988,-3.738615036010742,-4.293472575644652,0.013473404547521344
sub-S0001111681193_ses-1,0,-5.226087987422943,-5.055908565351274,-5.499930694699287,-5.260642415824502,0.00516515094487334
sub-S0001111683364_ses-1,0,1.998617947101593,1.9299930930137634,1.7998151779174805,1.9094754060109456,0.8709602009794799
sub-S0001111683576_ses-1,0,-2.70466610789299,-2.808258481323719,-2.468522992916405,-2.6604825273777046,0.06534585651006068
sub-S0001111685738_ses-1,0,-1.1077480912208557,-2.0529539585113525,-0.848983883857727,-1.3365619778633118,0.2080760085967141
sub-S0001111686986_ses-1,0,-6.155887722969055,-6.4815745539963245,-7.075588837265968,-6.571017038077116,0.001398414154868614
sub-S0001111688259_ses-1,0,-6.460736244916916,-5.538269624114037,-6.3656846806406975,-6.121563516557217,0.0021902137605851663
sub-S0001111691871_ses-1,0,-1.6449759602546692,-1.3926796540617943,-1.5254852771759033,-1.5210469638307889,0.17930740039730692
sub-S0001111692737_ses-1,0,-2.9685510396957397,-1.9690168499946594,-1.6673152148723602,-2.20162770152092,0.09960441618435824
sub-S0001111694991_ses-1,0,-3.501869708299637,-4.102462215349078,-3.9340328574180603,-3.8461215936889253,0.020915619731042254
sub-S0001111695024_ses-1,0,1.8627594709396362,1.5732883070595562,1.5775578618049622,1.6712018799347181,0.8417359971723825
sub-S0001111695301_ses-1,0,-2.0449472963809967,-2.740577846765518,-1.4915935397148132,-2.0923728942871094,0.10984034867679074
sub-S0001111695670_ses-1,0,-2.13945209980011,-1.9637037515640259,-2.089281380176544,-2.0641457438468933,0.11263081733265634
sub-S0001111699821_ses-1,0,-3.3510674238204956,-2.1888086199760437,-2.7890708446502686,-2.7763156294822693,0.05861753438713783
sub-S0001111702661_ses-1,0,-4.1595818400383,-4.393652677536011,-3.009565107524395,-3.8542665416995683,0.020749475443338966
sub-S0001111704088_ses-1,0,-0.16444623470306396,-0.7441157400608063,-0.16918855905532837,-0.35925017793973285,0.4111410888287469
sub-S0001111706645_ses-1,0,-2.4442168474197388,-2.9970820546150208,-2.652224123477936,-2.697841008504232,0.06310087347427833
sub-S0001111707551_ses-1,0,-0.019675493240356445,-0.4906986951828003,0.24158445000648499,-0.08959657947222392,0.4776158272955323
sub-S0001111707641_ses-1,0,-5.118715852499008,-5.093418500269763,-5.2710545882582664,-5.161062980342346,0.005702890120084906
sub-S0001111707870_ses-2,0,-5.907110273838043,-6.313169616274536,-5.858445256948471,-6.026241715687017,0.002408735502682358
sub-S0001111710054_ses-1,0,-3.8515067100524902,-3.845187485218048,-3.7381251752376556,-3.811606456836065,0.02163423759165457
sub-S0001111710794_ses-1,0,-5.4709126353263855,-6.035698413848877,-5.4438846707344055,-5.65016523996989,0.003504610100578318
sub-S0001111713904_ses-1,0,-0.8703278303146362,-0.8722091913223267,-1.1841933131217957,-0.9755767782529196,0.2737703286465661
sub-S0001111718213_ses-1,1,-0.25006914138793945,0.556445837020874,0.45252370834350586,0.25296680132548016,0.5629065965958476
sub-S0001111721661_ses-1,0,-2.0050849318504333,-1.8887247294187546,-1.7409454602748156,-1.8782517071813345,0.13258981514854296
sub-S0001111721807_ses-1,0,-1.1258626282215118,-1.0543356239795685,-0.45116475969552994,-0.8771210039655367,0.293774732656455
sub-S0001111722285_ses-1,0,0.37772800028324127,-0.07164659351110458,0.49437065282836556,0.2668173532001674,0.5663114035993873
sub-S0001111723368_ses-1,0,-3.38792484998703,-3.0251976251602173,-3.2533854246139526,-3.2221692999204,0.03833992332155843
sub-S0001111724681_ses-1,0,0.06360453367233276,0.02530604600906372,-0.5648492127656937,-0.15864621102809906,0.46042142395502866
sub-S0001111729931_ses-1,1,0.7116209864616394,2.133695214986801,1.276891976594925,1.3740693926811218,0.7980368295904746
sub-S0001111732337_ses-1,0,-2.597318112850189,-2.4001203775405884,-2.074624240398407,-2.357354243596395,0.08648299043741209
sub-S0001111739767_ses-1,0,-2.258998319506645,-1.1793873757123947,-1.7206759080290794,-1.7196872010827065,0.15191145851955531
sub-S0001111746547_ses-1,0,-3.4979187548160553,-3.6409425139427185,-3.1472070664167404,-3.4286894450585046,0.031410780282502784
sub-S0001111750552_ses-1,0,-0.394618958234787,-0.15955965220928192,-1.0151656940579414,-0.5231147681673368,0.37212418563595184
sub-S0001111754432_ses-1,0,-2.5559457540512085,-2.44674351811409,-1.5475366860628128,-2.183408652742704,0.10125032307274728
sub-S0001111756694_ses-1,0,-1.3284181356430054,-1.0647701770067215,-0.40262168645858765,-0.9319366663694382,0.28253197211936465
sub-S0001111760631_ses-1,0,-2.317792773246765,-1.6562256813049316,-2.262618064880371,-2.0788788398106894,0.11116669876705705
sub-S0001111761681_ses-1,0,-3.1578577756881714,-3.547567968198564,-3.865752652287483,-3.523726132058073,0.028644637283297983
sub-S0001111762976_ses-2,0,-5.210571765899658,-4.47500467300415,-3.624202072620392,-4.436592837174733,0.011697740973515162
sub-S0001111763081_ses-1,0,-2.140503376722336,-1.702241064980626,-2.398039199411869,-2.0802612137049437,0.11103018165108655
sub-S0001111766597_ses-1,0,-3.9590244591236115,-4.991919852793217,-4.440301276743412,-4.463748529553413,0.011387923896388371
sub-S0001111770809_ses-1,0,-4.440295100212097,-4.1695141196250916,-4.402720332145691,-4.33750985066096,0.012900435360991844
sub-S0001111778324_ses-1,0,-2.323820859193802,-2.309362754225731,-2.6499730348587036,-2.4277188827594123,0.08108326812422045
sub-S0001111783433_ses-1,1,1.0448112934827805,1.359783835709095,1.3363367319107056,1.2469772870341937,0.7767761765379837
sub-S0001111784630_ses-1,0,-4.95530378818512,-4.326664810010698,-5.915482699871063,-5.065817099355627,0.006269203058093856
sub-S0001111786812_ses-1,0,-2.3353894352912903,-1.7767335176467896,-1.9151207208633423,-2.009081224600474,0.1182527440355396
sub-S0001111789984_ses-1,0,-1.2180764079093933,-1.0628573037683964,-0.7876697778701782,-1.0228678298493226,0.26446915860441034
sub-S0001111791065_ses-1,0,-2.313044786453247,-2.1387568712234497,-2.3716824054718018,-2.274494687716166,0.09325744375625827
sub-S0001111791492_ses-1,0,-3.497053623199463,-2.0592271089553833,-3.3898617029190063,-2.9820474783579507,0.04824352951125932
sub-S0001111793941_ses-1,0,0.8583573549985886,0.7576122581958771,0.9138407036662102,0.8432701056202253,0.6991534907369868
sub-S0001111797649_ses-1,0,-0.6488751173019409,-0.5840952396392822,-1.0195752382278442,-0.7508485317230225,0.3206364381275087
sub-S0001111797845_ses-1,0,-1.969577670097351,-2.560146927833557,-1.4178995192050934,-1.9825413723786671,0.12104818674079375
sub-S0001111799988_ses-1,0,-2.523870199918747,-2.5787929072976112,-3.199959471821785,-2.767540859679381,0.05910361901538996
sub-S0001111800501_ses-1,0,-2.159879744052887,-2.9333470463752747,-1.842326819896698,-2.31185120344162,0.09014619401497435
sub-S0001111802106_ses-1,0,-3.566138505935669,-3.233768403530121,-4.000083934515715,-3.599996947993835,0.026597072592179017
sub-S0001111805152_ses-1,0,-2.258130192756653,-2.700715735554695,-2.1595183610916138,-2.3727880964676538,0.08527141573523114
sub-S0001111807115_ses-1,0,-3.726927548646927,-3.795483708381653,-4.311538904905319,-3.9446500539779663,0.018990373977070388
sub-S0001111809161_ses-1,1,2.839626729488373,3.9110700488090515,3.6264069080352783,3.459034562110901,0.9694994313993728
sub-S0001111812180_ses-1,0,-2.062710776925087,-1.9512363523244858,-1.9170550853013992,-1.9770007381836574,0.12163892423590975
sub-S0001111813210_ses-1,0,-3.670013800263405,-3.476858288049698,-3.206541158258915,-3.4511377488573394,0.030734947363409027
sub-S0001111816140_ses-1,0,-6.427151083946228,-10.052761554718018,-5.8186646699905396,-7.432859102884929,0.000591144291696269
sub-S0001111820022_ses-1,1,3.3128412663936615,2.8492006696760654,3.6348777115345,3.2656398825347424,0.9632310610225315
sub-S0001111820077_ses-1,0,-1.4599523544311523,-0.8459851145744324,-1.0363540649414062,-1.1140971779823303,0.2471078372490372
sub-S0001111821627_ses-1,0,-2.8881593346595764,-3.4682709723711014,-2.5421071648597717,-2.9661791572968164,0.04897738612891704
sub-S0001111821640_ses-1,1,2.971226692199707,2.3812222480773926,2.9051594734191895,2.752536137898763,0.940056421671202
sub-S0001111822630_ses-1,0,-3.8964534252882004,-3.646961636841297,-3.91038803383708,-3.8179343653221927,0.021500704489385732
sub-S0001111824620_ses-1,0,-5.2235947251319885,-5.481953859329224,-4.473997920751572,-5.059848835070928,0.0063064945253277225
sub-S0001111830842_ses-1,0,-0.6490944102406502,-0.443732951709535,-0.4702523648738861,-0.5210265756080238,0.372612217324937
sub-S0001111832790_ses-1,0,-4.8306639194488525,-4.233405977487564,-4.194991767406464,-4.419687221447627,0.01189480726987831
sub-S0001111833319_ses-1,1,1.8022566437721252,1.671420931816101,2.076265513896942,1.8499810298283894,0.8641248756601105
sub-S0001111833734_ses-1,1,4.487636566162109,5.8769402503967285,3.8885931968688965,4.751056671142578,0.9914314957603562
sub-S0001111835075_ses-2,0,-5.627268671989441,-5.5331540405750275,-5.296985372900963,-5.485802695155144,0.004128094602216323
sub-S0001111835542_ses-1,0,-1.3698541224002838,-1.0980288833379745,-2.4800797775387764,-1.6493209277590115,0.16120074925181613
sub-S0001111838280_ses-1,0,-3.2972242534160614,-3.972450226545334,-3.937379390001297,-3.7356846233208976,0.02330094577147787
sub-S0001111838828_ses-1,0,-2.300830453634262,-2.446983575820923,-1.3881975337862968,-2.0453371877471604,0.11452438106845633
sub-S0001111839448_ses-1,0,-3.063805401325226,-3.4005602598190308,-3.0041434466838837,-3.1561697026093802,0.04084886186438205
sub-S0001111840081_ses-1,0,-2.9775360822677612,-2.735906034708023,-2.692749857902527,-2.802063991626104,0.05721274353551213
sub-S0001111842663_ses-1,0,-3.2687938511371613,-3.7220787494443357,-2.920063614845276,-3.3036454051422575,0.035446341950791924
sub-S0001111843298_ses-1,0,-3.5572659969329834,-2.9946364164352417,-3.220062255859375,-3.2573215564092,0.03706468690385074
sub-S0001111845659_ses-1,0,-4.018948167562485,-4.18174435896799,-3.4734705984592438,-3.891387708329906,0.020008480520491388
sub-S0001111848529_ses-1,1,2.6802344918251038,2.6198319792747498,3.3584007620811462,2.8861557443936667,0.9471578073840411
sub-S0001111852004_ses-1,0,-4.662447169423103,-5.346684500575066,-4.767281003296375,-4.925470891098182,0.00720698938232602
sub-S0001111853238_ses-1,0,-3.9559177458286285,-3.255307525396347,-3.6619632244110107,-3.6243961652119956,0.025972628669516173
sub-S0001111854539_ses-1,0,-0.758632481098175,-0.5692952871322632,-0.9745364785194397,-0.7674880822499593,0.31702273483740984
sub-S0001111857642_ses-1,0,-5.627225399017334,-4.353004634380341,-5.3958684504032135,-5.125366161266963,0.005908917634940974
sub-S0001111859464_ses-1,0,-2.5686235427856445,-1.10379958152771,-2.4148573875427246,-2.0290935039520264,0.11618197207545505
sub-S0001111859594_ses-1,0,-3.1577571034431458,-3.510451152920723,-4.162198923528194,-3.6101357266306877,0.026335839063615515
sub-S0001111860137_ses-1,0,0.10662704706192017,0.17603111267089844,-0.11226090788841248,0.056799083948135376,0.5141959546855962
sub-S0001111862567_ses-1,0,-1.8379984498023987,-1.6064890623092651,-2.3091416358947754,-1.917876382668813,0.12809856443489612
sub-S0001111863324_ses-1,0,-4.7390411496162415,-5.276096433401108,-4.605090230703354,-4.873409271240234,0.007589212647222609
sub-S0001111864001_ses-1,0,-3.557747483253479,-3.056820511817932,-4.036988973617554,-3.5505189895629883,0.02790849035116871
sub-S0001111870519_ses-1,0,-2.3520813584327698,-2.868739351630211,-2.2276317179203033,-2.482817475994428,0.07707155180455172
sub-S0001111871420_ses-1,0,-4.675546228885651,-4.6037925481796265,-2.796688348054886,-4.025342375040054,0.017544020215841782
sub-S0001111872083_ses-1,0,-1.4793643355369568,-1.3229243159294128,-1.6185183823108673,-1.4736023445924122,0.1863956927153045
sub-S0001111873314_ses-1,0,-3.1598327457904816,-4.079911667853594,-4.3273995667696,-3.8557146601378918,0.020720071631058108
sub-S0001111875734_ses-1,0,-6.111801326274872,-6.8199469512328506,-5.499616652727127,-6.143788310078283,0.0021421767702003458
sub-S0001111885319_ses-1,0,-3.4494888186454773,-2.833247631788254,-3.302566647529602,-3.1951010326544442,0.03935049638155942
sub-S0001111888112_ses-1,0,-1.4316027760505676,-1.566473364830017,-1.715280532836914,-1.5711188912391663,0.17205694343657899
sub-S0001111890176_ses-1,0,0.13855993747711182,-0.06438660621643066,0.6248986274003983,0.2330239862203598,0.5579938108866751
sub-S0001111894427_ses-1,0,-2.7087710350751877,-2.9461567997932434,-2.4972804188728333,-2.717402751247088,0.06195423611740018
sub-S0001111896655_ses-1,0,-2.8018009662628174,-3.0029120869003236,-3.057463087141514,-2.954058713434885,0.04954503561715917
sub-S0001111896852_ses-1,0,-4.208626449108124,-4.831860303878784,-4.198149427771568,-4.412878726919492,0.011975096201400548
sub-S0001111901425_ses-1,0,-3.555988311767578,-2.903958559036255,-3.4026275873184204,-3.2875248193740845,0.036001649752813704
sub-S0001111902322_ses-1,0,0.3154173046350479,0.8522751033306122,0.4085491746664047,0.525413860877355,0.6284128341433134
sub-S0001111906384_ses-1,0,-4.488077282905579,-3.8531805276870728,-4.067610800266266,-4.136289536952972,0.015730634730269005
sub-S0001111906574_ses-1,0,-1.3463220596313477,-1.490032970905304,-0.6292653679847717,-1.1552067995071411,0.23953932533501204
sub-S0001111910086_ses-1,1,0.2520940899848938,0.7230448126792908,0.12835681438446045,0.36783190568288165,0.5909349867110796
sub-S0001111913739_ses-1,0,-3.6623508781194687,-4.589807588607073,-3.5772604048252106,-3.943139623850584,0.01901853335045447
sub-S0001111914567_ses-1,0,-3.744702845811844,-2.7415864169597626,-4.074644774198532,-3.520311345656713,0.028739803802311822
sub-S0001111915910_ses-1,0,-1.7983098924160004,-2.1605805204599164,-2.62970287213102,-2.1961977616689787,0.10009245137413642
sub-S0001111916963_ses-1,0,1.7719504833221436,2.115350663661957,2.216293692588806,2.034531613190969,0.8843752687477556
sub-S0001111918777_ses-1,0,-3.6519492268562317,-3.46210515499115,-3.491412878036499,-3.5351557532946267,0.028328325652111668
sub-S0001111922482_ses-1,0,-1.5063213407993317,-1.596543401479721,-1.9635826963931322,-1.6888158128907282,0.1559316357362088
sub-S0001111927084_ses-1,0,0.785128653049469,1.4523120820522308,1.291249305009842,1.176230013370514,0.7642692731883951
sub-S0001111929992_ses-1,0,-2.5997071266174316,-2.6327926963567734,-3.120463140308857,-2.7843209877610207,0.058177344286213115
sub-S0001111930149_ses-1,0,0.10236954689025879,0.4628854990005493,0.30944597721099854,0.29156700770060223,0.5723797190072311
sub-S0001111930889_ses-1,1,1.7534851431846619,2.332923173904419,2.00258868932724,2.0296656688054404,0.8838767670398364
sub-S0001111932587_ses-1,0,2.5483275055885315,2.476667135953903,2.5025041699409485,2.509166270494461,0.9247819165588919
sub-S0001111936315_ses-1,0,-0.3834803104400635,-0.018702447414398193,-0.5571770817041397,-0.31978661318620044,0.4207277527330374
sub-S0001111938266_ses-1,0,-1.0215197205543518,-1.4548276662826538,-0.19179874658584595,-0.8893820444742838,0.2912373682210798
sub-S0001111939420_ses-1,0,-0.9306054040789604,-0.40972525341203436,-1.0692700743675232,-0.8032002439528393,0.3093413721805665
sub-S0001111940241_ses-1,0,-4.691928267478943,-5.026017352938652,-4.953580021858215,-4.89050854742527,0.007461505842653418
sub-S0001111940756_ses-1,0,-1.9979348480701447,-2.1311180889606476,-2.010566398501396,-2.0465397785107293,0.1144024846083974
sub-S0001111942504_ses-1,0,-1.8971030116081238,-1.9604073762893677,-2.1777049899101257,-2.0117384592692056,0.11797595768007645
sub-S0001111943799_ses-1,0,-3.7802961468696594,-4.247570276260376,-3.7710224390029907,-3.932962954044342,0.01920932999896896
sub-S0001111948595_ses-1,0,-0.9057431519031525,-0.1624101661145687,-0.44557029008865356,-0.5045745360354582,0.3764662396113253
sub-S0001111956222_ses-1,0,-2.9255475401878357,-2.8413780973642133,-3.6930496096611023,-3.153325082404384,0.04096046042977417
sub-S0001111963010_ses-1,0,-3.385205328464508,-3.5995020270347595,-4.801921017467976,-3.9288761243224144,0.019286478709148135
sub-S0001111963422_ses-1,0,-3.975076377391815,-4.371745049953461,-4.60765141248703,-4.318157613277435,0.013149204273242123
sub-S0001111966669_ses-1,0,-1.1501047015190125,-1.3190818428993225,-1.5834472179412842,-1.3508779207865398,0.2057268795586486
sub-S0001111970721_ses-1,0,-4.318202555179596,-4.080647051334381,-3.890011191368103,-4.09628693262736,0.016362151889989362
sub-S0001111970801_ses-1,0,-3.151049941778183,-3.0471252501010895,-3.5468750074505806,-3.2483500664432845,0.0373862206618471
sub-S0001111971091_ses-1,0,-1.1081974804401398,-1.1446747825830244,-0.9391041249036789,-1.0639921293089476,0.25654729303381907
sub-S0001111971665_ses-1,0,-4.213785797357559,-4.519130592176225,-4.732831299304962,-4.488582562946249,0.011111702337026979
sub-S0001111973059_ses-1,0,-2.780885100364685,-2.8825565576553345,-1.90091273188591,-2.5214514633019767,0.07436796849725116
sub-S0001111973609_ses-1,0,-3.8032127618789673,-3.5771833965554833,-3.4966555386781693,-3.62568389903754,0.0259400713913755
sub-S0001111979267_ses-1,0,-3.8351611495018005,-3.663680851459503,-4.3083412647247314,-3.9357277552286782,0.01915730941135401
sub-S0001111979448_ses-1,0,1.3248735070228577,1.7547234296798706,1.2971911430358887,1.4589293599128723,0.8113688685563254
sub-S0001111989125_ses-1,0,-0.7268569767475128,-1.6318174302577972,-1.1859636902809143,-1.1815460324287415,0.2347743293657111
sub-S0001111989435_ses-1,0,3.226497530937195,3.41381299495697,3.651538133621216,3.4306162198384604,0.9686477872924636
sub-S0001111989592_ses-1,0,-4.877116709947586,-3.9513527154922485,-4.64631512761116,-4.491594851016998,0.011078651313945934
sub-S0001111991663_ses-1,0,-2.50911283493042,-2.453289568424225,-2.995317816734314,-2.6525734066963196,0.06583057599853755
sub-S0001111992642_ses-1,0,-3.975520074367523,-4.1242329478263855,-3.919631004333496,-4.006461342175801,0.017872439901163925
sub-S0001111996380_ses-1,0,-1.5204913020133972,-1.0631284713745117,-1.3781504929065704,-1.3205900887648265,0.2107201348375525
sub-S0001111997144_ses-1,0,-3.9131442308425903,-4.493249028921127,-4.0828613340854645,-4.163084864616394,0.015321096534064008
sub-S0001111998640_ses-1,0,-1.2700183689594269,-0.7362796664237976,-0.7187440753914416,-0.908347370258222,0.28733813541730624
sub-S0001111999186_ses-1,0,-2.857700541615486,-2.635064050555229,-2.800683039240539,-2.7644825438037515,0.059273922631892975
sub-S0001111999692_ses-1,0,-1.5858116149902344,-1.6685891151428223,-1.9211938381195068,-1.7251981894175212,0.15120281501707078
sub-S0001112004382_ses-1,0,-2.0283612608909607,-3.033621907234192,-1.2430999875068665,-2.101694385210673,0.10893224497012727
sub-S0001112005280_ses-1,0,-3.2941072583198547,-3.1774548441171646,-2.7945573031902313,-3.088706468542417,0.0435755132448821
sub-S0001112005803_ses-1,0,-2.9061003029346466,-3.0824041664600372,-2.471375271677971,-2.819959913690885,0.05625506173468971
sub-S0001112008893_ses-1,1,3.7282469272613525,4.449548244476318,3.515600085258484,3.8977984189987183,0.980116835562037
sub-S0001112009746_ses-1,0,-4.175527513027191,-4.493854463100433,-4.427829163148999,-4.365737046425541,0.012545888222034627
sub-S0001112010504_ses-1,0,-0.9602363109588623,-0.7880681753158569,-0.9400172233581543,-0.8961072365442911,0.2898511179013046
sub-S0001112010949_ses-1,0,-3.4827205538749695,-4.092857375741005,-3.0619910955429077,-3.5458563417196274,0.028035264978673608
sub-S0001112018700_ses-1,0,-3.0766607224941254,-2.6546924114227295,-3.070439785718918,-2.933930973211924,0.05050149704860283
sub-S0001112021565_ses-1,0,-2.138638138771057,-1.3665958046913147,-1.8575685024261475,-1.787600815296173,0.14336712249145606
sub-S0001112024427_ses-1,0,0.079140305519104,-0.004228949546813965,0.43040414340794086,0.1684384997934103,0.542010347070998
sub-S0001112025792_ses-1,0,-1.179731011390686,-1.7648077104240656,-1.423034518957138,-1.4558577469239633,0.18910168972789193
sub-S0001112026494_ses-1,0,-2.2981025017797947,-3.2175654156599194,-2.9298268854618073,-2.815164934300507,0.056510171571850745
sub-S0001112032601_ses-1,0,-1.1412323713302612,-1.6569593623280525,-1.492405652999878,-1.4301991288860638,0.193067659542493
sub-S0001112032947_ses-1,0,-3.886399984359741,-3.3053803890943527,-3.5210680961608887,-3.5709494898716607,0.027359532743734705
sub-S0001112036712_ses-1,0,-3.745833605527878,-3.956317499279976,-3.561348684132099,-3.754499929646651,0.022876565695927355
sub-S0001112037401_ses-1,0,-0.5352280139923096,-0.4207614064216614,-0.49948418140411377,-0.4851578672726949,0.38103491192936234
sub-S0001112040001_ses-1,0,-0.6628639101982117,-1.5293208956718445,-0.666195273399353,-0.9527933597564697,0.2783234018937685
sub-S0001112042757_ses-1,0,-2.154914140701294,-1.5954294204711914,-2.0503573417663574,-1.933566967646281,0.1263562961253002
sub-S0001112044344_ses-1,0,-2.2392380237579346,-2.2034929990768433,-2.8654091358184814,-2.4360467195510864,0.0804649319779818
sub-S0001112044875_ses-1,0,-0.5425316095352173,-0.537268877029419,-0.1946200728416443,-0.4248068531354268,0.3953670864880205
sub-S0001112046210_ses-1,0,3.1739468574523926,3.3004119396209717,2.6378588546067476,3.0374058838933706,0.9542356776916195
sub-S0001112057213_ses-1,1,3.259861469268799,3.1103628277778625,3.655200880020857,3.3418083923558393,0.9658355645348726
sub-S0001112058534_ses-2,0,-5.415127784013748,-4.936230540275574,-5.354798376560211,-5.235385566949844,0.005296568020284029
sub-S0001112059299_ses-1,0,-2.0530179142951965,-1.7502418830990791,-2.0518493950366974,-1.9517030641436577,0.12436777508967956
sub-S0001112059742_ses-1,0,1.7285854816436768,2.0060914754867554,1.9018995761871338,1.8788588444391887,0.8674799959845793
sub-S0001112062220_ses-1,0,-5.438635349273682,-4.460325717926025,-2.730491518974304,-4.20981752872467,0.014631808757057564
sub-S0001112065453_ses-1,0,-7.0790756940841675,-6.266056776046753,-7.851495310664177,-7.065542593598366,0.0008533026553867252
sub-S0001112065946_ses-3,1,1.6740018129348755,2.274953067302704,1.7890078946948051,1.9126542583107948,0.8713170464117771
sub-S0001112069581_ses-1,0,-3.145104259252548,-3.0001391172409058,-3.6048094630241394,-3.250017613172531,0.0373262544447522
sub-S0001112072509_ses-1,0,-1.364723265171051,-1.6235818266868591,-1.2827890813350677,-1.4236980577309926,0.1940824993458471
sub-S0001112074214_ses-1,0,-1.8845890760421753,-2.0730600245296955,-2.3485397696495056,-2.102062956740459,0.10889647435822528
sub-S0001112074777_ses-1,0,-1.6245363056659698,-2.1152272522449493,-1.4557202085852623,-1.7318279221653938,0.15035391777048027
sub-S0001112079730_ses-1,0,-1.9615150094032288,-2.2206503450870514,-1.6085514724254608,-1.930238942305247,0.12672413518263279
sub-S0001112079870_ses-1,0,-2.0515124201774597,-2.0786170959472656,-1.6487162709236145,-1.9262819290161133,0.12716268575993084
sub-S0001112081926_ses-1,0,-2.850997567176819,-2.3031644225120544,-1.5292019844055176,-2.227787991364797,0.09728272394965853
sub-S0001112082510_ses-1,0,-4.797078371047974,-4.152749836444855,-4.653372049331665,-4.534400085608165,0.010619363101913547
sub-S0001112083199_ses-1,0,-4.73785525560379,-4.945485361851752,-5.248341724276543,-4.9772274472440285,0.006845957507375111
sub-S0001112084072_ses-2,0,-2.853216588497162,-3.5508129000663757,-2.3774496279656887,-2.9271597055097422,0.05082717677394858
sub-S0001112087330_ses-1,0,1.64068403840065,1.3117499724030495,1.1408353745937347,1.3644231284658115,0.7964776316234001
sub-S0001112087827_ses-1,0,-5.234290957450867,-5.61863611638546,-6.028731316328049,-5.627219463388125,0.0035856641236646993
sub-S0001112088382_ses-1,0,-2.069269359111786,-1.8947844803333282,-1.9412407279014587,-1.9684315224488576,0.12255745656217053
sub-S0001112091532_ses-1,0,-0.9143699258565903,-1.029982678592205,-1.1355441212654114,-1.0266322419047356,0.2637375350579214
sub-S0001112094085_ses-1,0,-1.3077955543994904,-1.5794151052832603,-1.5263599306344986,-1.4711901967724164,0.18676177732373922
sub-S0001112096830_ses-2,0,-4.146834075450897,-4.248602211475372,-4.31107360124588,-4.2355032960573835,0.01426605851996413
sub-S0001112097533_ses-1,0,-3.148393988609314,-3.239484965801239,-3.330487221479416,-3.239455391963323,0.03770764706167814
sub-S0001112098854_ses-1,0,-3.009684443473816,-3.890939474105835,-3.5955722257494926,-3.498732047776381,0.029348329365416544
sub-S0001112099327_ses-1,0,-5.934654474258423,-6.543403387069702,-5.984193831682205,-6.15408389767011,0.00212028147026249
sub-S0001112100828_ses-1,0,-3.224799370393157,-3.1026417062967084,-3.0431118309497833,-3.123517635879883,0.04214753201153968
sub-S0001112103347_ses-1,0,-2.749153792858124,-2.2199177742004395,-2.731407582759857,-2.5668263832728067,0.07130417492464136
sub-S0001112105618_ses-1,0,-1.8044357001781464,-0.9499167501926422,-1.115190931595862,-1.2898477939888835,0.21587857438321176
sub-S0001112108506_ses-1,0,-2.1229759454727173,-3.2443109154701233,-2.029732882976532,-2.465673247973124,0.0782999235029237
sub-S0001112109055_ses-1,0,0.1529272198677063,0.48043525218963623,0.2626016139984131,0.2986546953519185,0.5741136130192724
sub-S0001112110179_ses-1,0,-2.2958720326423645,-2.2020211815834045,-1.4851760268211365,-1.9943564136823018,0.11979673695267544
sub-S0001112111254_ses-1,0,-1.6813421249389648,-2.4708195626735687,-0.7851738929748535,-1.6457785268624623,0.16168031027864202
sub-S0001112111502_ses-1,0,-2.5904316902160645,-2.204178512096405,-2.5892093181610107,-2.46127317349116,0.07861806247565756
sub-S0001112112518_ses-1,0,-2.517643064260483,-2.4008595943450928,-2.2361330119892955,-2.384878556864957,0.08433307390921552
sub-S0001112114011_ses-1,0,-2.0222015976905823,-2.0322028868831694,-2.394526109099388,-2.14964353122438,0.10436453847683913
sub-S0001112115175_ses-1,0,-2.6311370134353638,-2.9537234008312225,-2.9994879961013794,-2.8614494701226554,0.05409248822874523
sub-S0001112117538_ses-1,0,-2.2722262740135193,-2.2429822087287903,-1.677380919456482,-2.064196467399597,0.11262574786089101
sub-S0001112117957_ses-1,0,-2.8525850772857666,-3.119864046573639,-3.19308865070343,-3.055179258187612,0.04499439607118657
sub-S0001112121015_ses-1,0,-4.309155568480492,-4.124569334089756,-4.785068392753601,-4.406264431774616,0.012053607656861916
sub-S0001112123728_ses-4,1,0.7758755534887314,1.5067687034606934,1.5102838277816772,1.264309361577034,0.7797670483056276
sub-S0001112123994_ses-2,1,2.1732675433158875,3.058724522590637,2.8586090803146362,2.696867048740387,0.9368415223418887
sub-S0001112125760_ses-1,0,-4.52495745010674,-4.811139948666096,-5.497051000595093,-4.9443827997893095,0.007072927164402671
sub-S0001112127855_ses-1,0,-4.443973988294601,-4.008967936038971,-4.139922529459,-4.197621484597524,0.014808692778490715
sub-S0001112127949_ses-1,0,-0.840338408946991,-1.718194603919983,-0.980133131146431,-1.1795553813378017,0.23513214927216314
sub-S0001112131474_ses-1,0,-0.10232424736022949,-0.42908239364624023,-0.489400714635849,-0.3402691185474396,0.4157441064333912
sub-S0001112131955_ses-1,0,-3.7025452852249146,-4.667221397161484,-3.590006686747074,-3.986591123044491,0.018224584119835508
sub-S0001112140068_ses-1,0,-3.2293076515197754,-2.7090768218040466,-3.235642299056053,-3.058008924126625,0.04487296203667005
sub-S0001112140560_ses-1,0,-3.7210880517959595,-3.422953014203813,-3.309968762099743,-3.4846699426998384,0.02975157882445777
sub-S0001112141915_ses-1,0,1.113649845123291,1.3384572863578796,0.9924922585487366,1.1481997966766357,0.7591819488641233
sub-S0001112146879_ses-1,0,-4.2618244886398315,-3.872415065765381,-4.673393130302429,-4.269210894902547,0.01379972354798617
sub-S0001112151538_ses-1,0,-3.078350156545639,-3.0917849373072386,-3.1314048543572426,-3.10051331607004,0.04308608612169319
sub-S0001112151678_ses-1,0,-5.064446330070496,-5.8354892283678055,-4.467196129262447,-5.1223772292335825,0.005926500582149617
sub-S0001112152764_ses-1,0,-4.965351194143295,-4.61044199205935,-5.058491811156273,-4.878094999119639,0.00755400284591893
sub-S0001112156568_ses-1,0,1.4778438806533813,1.2918822467327118,0.9108013212680817,1.2268424828847249,0.7732654571668336
sub-S0001112157950_ses-1,0,-7.43993616104126,-7.216817557811737,-7.143142998218536,-7.266632239023845,0.0006979727783237554
sub-S0001112160585_ses-1,0,-3.825044482946396,-3.1505618691444397,-3.7614084780216217,-3.579004943370819,0.027145983370016214
sub-S0001112162439_ses-1,0,-3.9334170669317245,-3.7206155107705854,-4.129386033862829,-3.9278062038550465,0.019306726142841475
sub-S0001112162721_ses-1,0,-3.6309686303138733,-3.2442452390678227,-3.5957943350076675,-3.4903360681297877,0.02958845313715438
sub-S0001112163098_ses-1,0,-1.01044762134552,-1.3276722431182861,-0.08175534009933472,-0.8066250681877136,0.30861013911217566
sub-S0001112163945_ses-1,0,-3.2280064821243286,-2.4375633597373962,-2.4372363090515137,-2.7009353836377463,0.06291818376600779
sub-S0001112165429_ses-1,0,-2.528165102005005,-2.797426402568817,-1.9223141074180603,-2.4159685373306274,0.08196309266936086
sub-S0001112166549_ses-1,0,-2.537459075450897,-2.551550567150116,-2.3622598350048065,-2.483756492535273,0.07700478464406232
sub-S0001112167991_ses-1,0,-2.3813134282827377,-2.0872005270211957,-2.3368868231773376,-2.2684669261604236,0.093768405446501
sub-S0001112171149_ses-1,0,-6.5158021450042725,-5.964805722236633,-6.160594720393419,-6.213734195878108,0.001997749576660009
sub-S0001112175055_ses-1,0,-2.5959128066897392,-2.2729104459285736,-3.3904134035110474,-2.7530788853764534,0.05991300162445327
sub-S0001112177456_ses-2,0,-3.2170022428035736,-2.272375300526619,-2.5086670219898224,-2.666014855106672,0.06500877672180673
sub-S0001112180369_ses-1,0,-4.20185312628746,-5.041151080280542,-4.474547311663628,-4.5725171727438765,0.010226262804606185
sub-S0001112182890_ses-2,0,-3.834538757801056,-3.3121162950992584,-3.468151271343231,-3.5382687747478485,0.0282427628507841
sub-S0001112183149_ses-1,0,-5.2520743906497955,-5.049461640417576,-5.422158420085907,-5.241231483717759,0.005265857625455136
sub-S0001112186183_ses-1,0,-2.363439291715622,-2.3120283503085375,-2.422189772129059,-2.3658858047177396,0.08581133931141563
sub-S0001112186864_ses-1,0,-2.513718545436859,-2.018664005212486,-2.2040190920233727,-2.2454672142242393,0.0957411714779846
sub-S0001112188265_ses-1,1,2.6823054552078247,3.312094569206238,3.15726375579834,3.0505545934041343,0.9548064638584676
sub-S0001112189300_ses-1,0,-2.909415602684021,-2.182779435941484,-3.0655895471572876,-2.7192615285942643,0.06184629949897603
sub-S0001112192998_ses-1,0,-0.952164500951767,-1.6072129607200623,-1.335785061120987,-1.2983875075976055,0.2144365218678719
sub-S0001112198481_ses-1,1,1.3980657309293747,1.069157250225544,1.449676364660263,1.3056331152717273,0.78678150058839
sub-S0001112201597_ses-1,0,-3.8911837339401245,-3.3559690117836,-3.7257068157196045,-3.657619853814443,0.02514524068060535
sub-S0001112203954_ses-1,1,2.8153030276298523,3.811261683702469,3.3433953300118446,3.3233200137813887,0.9652202171349743
sub-S0001112204522_ses-1,0,-2.8276110887527466,-2.3943285942077637,-2.8854775428771973,-2.7024724086125693,0.06282762242110335
sub-S0001112207046_ses-1,0,-3.8861027359962463,-4.391202142462134,-3.158017598092556,-3.8117741588503122,0.0216306882624699
sub-S0001112207113_ses-1,0,-5.111733160912991,-5.9703339744592085,-5.13155484944582,-5.404540661606006,0.004475994562148763
sub-S0001112214613_ses-1,0,-2.1334518790245056,-2.8898895978927612,-2.9145854711532593,-2.645975649356842,0.066237481819944
sub-S0001112222435_ses-1,0,-3.6429712772369385,-2.6794866919517517,-2.6395642161369324,-2.987340728441874,0.048001064519708224
sub-S0001112225663_ses-1,0,0.3406693935394287,-0.8776640892028809,0.4612985849380493,-0.02523203690846761,0.4936923254207397
sub-S0001112229480_ses-1,0,-1.4509926289319992,-1.2582201790064573,-1.791427731513977,-1.5002135131508112,0.18239368123669117
sub-S0001112230648_ses-1,0,-2.7656402587890625,-2.266092896461487,-1.6084003448486328,-2.213377833366394,0.09855557125569747
sub-S0001112231449_ses-1,0,-7.854957967996597,-7.162098981440067,-7.753750145435333,-7.590269031624,0.0005050898372014379
sub-S0001112231854_ses-1,0,-0.9443609118461609,-0.6474980264902115,-1.0270404815673828,-0.8729664733012518,0.2946374157453005
sub-S0001112235361_ses-1,0,-5.388153433799744,-5.332177463918924,-5.915747597813606,-5.545359498510758,0.003890345022288566
sub-S0001112237381_ses-1,0,-0.5550787206739187,0.0340365432202816,-0.46709492802619934,-0.3293790351599455,0.41839172113562023
sub-S0001112239184_ses-1,0,-1.2153720408678055,-1.3331968830316328,-1.238469049334526,-1.2623459910779882,0.2205703072893941
sub-S0001112244181_ses-1,0,-3.854998365044594,-3.4857524679391645,-3.846448540687561,-3.72906645789044,0.02345203818367494
sub-S0001112245127_ses-1,0,-5.399488627910614,-4.9884257316589355,-4.879604399204254,-5.089172919591268,0.006125363848721106
sub-S0001112245326_ses-1,0,-4.912629067897797,-5.372158572077751,-5.05898530036211,-5.114590980112553,0.005972549228030411
sub-S0001112246860_ses-1,0,-3.300364673137665,-2.497498333454132,-3.5192765593528748,-3.105713188648224,0.042872205702822436
sub-S0001112247857_ses-2,0,-1.3613733053207397,-1.0347323417663574,-2.149255871772766,-1.515120506286621,0.18018117381520093
sub-S0001112249878_ses-1,0,-0.34915000200271606,-0.49997641891241074,-0.7075063735246658,-0.5188775981465975,0.37311472621242986
sub-S0001112250930_ses-1,0,-1.473313331604004,-1.4492367506027222,-1.3565790951251984,-1.4263763924439747,0.193663912226326
sub-S0001112257942_ses-1,0,-1.9618924856185913,-2.409618988633156,-2.109564444050193,-2.16035863943398,0.10336720715627606
sub-S0001112260381_ses-1,0,-2.2547449469566345,-2.6969741628854536,-1.8607044778764248,-2.2708078625728376,0.09356967136708721
sub-S0001112265196_ses-1,0,-4.064004421234131,-3.410791292786598,-4.471983723342419,-3.9822598124543824,0.018302243804698696
sub-S0001112270645_ses-1,0,-0.4324015974998474,-0.7883824110031128,-0.282101571559906,-0.5009618600209554,0.37731465476193515
sub-S0001112274719_ses-1,0,-6.774522185325623,-5.737952768802643,-6.114740163087845,-6.209071705738704,0.0020070670740511888
sub-S0001112276348_ses-1,0,-0.8850090503692627,-1.01385498046875,-1.3560965657234192,-1.0849868655204773,0.25256345923519297
sub-S0001112280178_ses-1,0,-4.510405421257019,-3.3635327219963074,-3.372536063194275,-3.748824735482534,0.02300376870234316
sub-S0001112283068_ses-1,0,-4.143281519412994,-3.452341139316559,-3.4565598368644714,-3.684060831864675,0.02450516791171337
sub-S0001112283626_ses-1,0,-0.607159823179245,-0.7645184546709061,-1.735654205083847,-1.0357774943113327,0.26196555055108617
sub-S0001112284667_ses-1,0,2.3141133785247803,1.9916346073150635,2.090097188949585,2.131948391596476,0.8939698338343766
sub-S0001112287792_ses-1,0,-2.625047206878662,-2.374837875366211,-1.7526970505714417,-2.2508607109387717,0.09527524759628593
sub-S0001112288190_ses-1,0,-2.1040408313274384,-2.254102838691324,-2.2994744181632996,-2.219206029394021,0.0980389906084671
sub-S0001112289137_ses-1,0,0.5368926525115967,0.41408276557922363,1.3222360014915466,0.7577371398607889,0.680862240873102
sub-S0001112291834_ses-1,0,-2.183517098426819,-1.5953521132469177,-2.3834227323532104,-2.054097314675649,0.11363902467017842
sub-S0001112291948_ses-1,0,-1.5951071977615356,-1.6418837904930115,-1.0290522873401642,-1.4220144251982372,0.1943459795015877
sub-S0001112293206_ses-1,0,0.9168888926506042,1.1488709449768066,0.3943944573402405,0.8200514316558838,0.6942472575119808
sub-S0001112293543_ses-1,0,-0.222894549369812,-1.1075581312179565,0.09096676111221313,-0.4131619731585185,0.3981541822014099
sub-S0001112294043_ses-1,0,-2.7830822467803955,-2.1001121550798416,-2.6410784125328064,-2.5080909381310144,0.07529291808392129
sub-S0001112295093_ses-1,0,-0.1938817799091339,-0.6478881202638149,-0.6354069411754608,-0.49239228044946987,0.3793301696668213
sub-S0001112296654_ses-1,0,-2.3032191693782806,-2.5251119136810303,-3.0026163309812546,-2.6103158046801886,0.06847745633698674
sub-S0001112296834_ses-1,0,-2.7955092787742615,-2.5032193660736084,-2.919060468673706,-2.739263037840525,0.06069590533766336
sub-S0001112298253_ses-1,1,1.1925591975450516,1.3205939084291458,1.731833778321743,1.4149956280986469,0.8045526898032239
sub-S0001112310675_ses-1,0,-5.258558928966522,-5.2118664383888245,-5.308423839509487,-5.259616402288278,0.005170425764467046
sub-S0001112312818_ses-1,0,-0.6223090887069702,-0.6308735609054565,-0.760005533695221,-0.6710627277692159,0.3382589191283584
sub-S0001112313733_ses-1,0,1.01984541118145,0.9672049834043719,0.9762656092643738,0.9877720012833985,0.7286476263378061
sub-S0001112313768_ses-1,0,-3.6992143094539642,-3.365770071744919,-3.131700575351715,-3.398894985516866,0.03233001698165168
sub-S0001112320780_ses-1,0,-0.27557745575904846,-0.7894558310508728,-0.5270738899707794,-0.5307023922602335,0.3703530810939227
sub-S0001112328420_ses-1,0,0.07817746698856354,0.032381027936935425,-0.23554637096822262,-0.041662625347574554,0.4895858500040665
sub-S0001112331277_ses-1,0,1.3976649045944214,0.5955806449055672,-0.9972120076417923,0.33201118061939877,0.5822486474502713
sub-S0001112333920_ses-1,0,-2.1304463148117065,-1.9401075839996338,-0.7667355537414551,-1.6124298175175984,0.16625153861153946
sub-S0001112335245_ses-1,1,2.0118059515953064,2.4134039282798767,1.8844961076974869,2.10323532919089,0.8912172382050109
sub-S0001112335772_ses-1,0,-4.012133538722992,-4.501833856105804,-4.567872554063797,-4.360613316297531,0.012609522288075709
sub-S0001112336069_ses-1,0,-1.0165773630142212,-0.5415620803833008,-1.0967257022857666,-0.8849550485610962,0.29215202441112575
sub-S0001112337891_ses-1,0,-2.0364604592323303,-2.660856321454048,-2.860430121421814,-2.5192489673693976,0.07451972473593076
sub-S0001112341686_ses-1,1,0.027649253606796265,0.17140454053878784,-0.6576301380991936,-0.1528587813178698,0.4618595409826075
sub-S0001112343404_ses-1,0,0.6090303808450699,0.37051665782928467,0.04032611846923828,0.33995771904786426,0.5841802523500708
sub-S0001112344838_ses-1,0,0.09911417961120605,-0.5229379236698151,0.6510705649852753,0.07574894030888875,0.518928185270025
sub-S0001112351376_ses-1,0,-4.1754791140556335,-3.1240776777267456,-4.338390111923218,-3.8793156345685325,0.02024656815337769
sub-S0001112351388_ses-2,0,-2.8583078384399414,-1.9653412103652954,-2.4366549253463745,-2.4201013247172036,0.08165265725485657
sub-S0001112351555_ses-1,0,-5.822125852108002,-5.788536261767149,-6.175199627876282,-5.928620580583811,0.0026550834460309066
sub-S0001112353144_ses-1,0,-4.628720730543137,-4.745459228754044,-4.6422812938690186,-4.6721537510554,0.00926545420611503
sub-S0001112359083_ses-1,0,-0.8263870477676392,0.023401916027069092,1.8587560653686523,0.3519236445426941,0.5870839798516678
sub-S0001112361938_ses-1,0,-4.72921359539032,-3.6141169667243958,-3.947612702846527,-4.0969810883204145,0.016350983598343444
sub-S0001112364317_ses-1,0,-6.043726861476898,-5.818378448486328,-6.0685670375823975,-5.976890782515208,0.0025302826282308766
sub-S0001112366412_ses-1,0,-1.8956206440925598,-1.742874026298523,-2.3860075771808624,-2.008167415857315,0.11834805923263696
sub-S0001112366600_ses-1,0,-3.6633279025554657,-3.492965519428253,-3.24250790476799,-3.4662671089172363,0.03028742483455579
sub-S0001112368348_ses-1,0,-2.3495994806289673,-2.2439572513103485,-2.4113414883613586,-2.334966073433558,0.08826819095428498
sub-S0001112373990_ses-2,0,-2.685180366039276,-3.2925150394439697,-1.496753752231598,-2.4914830525716147,0.07645741072447472
sub-S0001112377052_ses-1,0,-1.981971025466919,-1.683245062828064,-2.964950203895569,-2.210055430730184,0.09885113532174487
sub-S0001112377797_ses-1,0,-10.465823411941528,-8.49708116054535,-7.028588771820068,-8.663831114768982,0.00017269149501675119
sub-S0001112380675_ses-1,0,-3.0994619131088257,-3.539221227169037,-2.074071943759918,-2.9042516946792603,0.051943786389520005
sub-S0001112382508_ses-1,0,-5.048132434487343,-5.509081676602364,-6.190006524324417,-5.5824068784713745,0.0037493855319664306
sub-S0001112382548_ses-1,0,2.246979147195816,1.8297576308250427,1.478974498808384,1.851903758943081,0.8643504711857422
sub-S0001112382750_ses-1,1,-2.3288919925689697,-2.0003026127815247,-2.4386951327323914,-2.2559632460276284,0.09483632729196813
sub-S0001112383301_ses-1,0,-1.8172788619995117,-1.3689998388290405,-1.964129090309143,-1.7168025970458984,0.15228346793132602
sub-S0001112385029_ses-1,1,0.6760024577379227,1.153165727853775,1.0793289840221405,0.9694990565379461,0.7250196378726376
sub-S0001112387813_ses-1,0,-2.65488114207983,-3.4134296029806137,-2.501591771841049,-2.8566341723004975,0.05433939980704627
sub-S0001112390257_ses-1,0,-0.7702069878578186,-0.2685617059469223,-0.5209584832191467,-0.5199090590079626,0.3728734989781864
sub-S0001112390608_ses-1,0,-3.7205241918563843,-2.5390124320983887,-3.4659274220466614,-3.2418213486671448,0.03762189031387325
sub-S0001112391793_ses-1,0,-5.168778657913208,-5.193195223808289,-4.801546052098274,-5.05450664460659,0.006340060999872126
sub-S0001112391937_ses-1,0,-1.0886673480272293,-1.9667517226189375,-0.7950904220342636,-1.2835031642268102,0.21695449758320107
sub-S0001112392019_ses-1,0,-5.052389711141586,-4.282557849714067,-5.034782782196999,-4.789910114350884,0.008244664999248731
sub-S0001112392970_ses-1,0,-2.1350624561309814,-1.2406213283538818,-0.4920593500137329,-1.289247711499532,0.21598017067464356
sub-S0001112397498_ses-1,0,1.7728472352027893,2.050913482904434,2.222299747169018,2.0153534884254136,0.8823996944949482
sub-S0001112402092_ses-1,0,-2.409511089324951,-2.146327555179596,-3.278635948896408,-2.6114915311336517,0.06840249679148994
sub-S0001112405283_ses-1,0,-3.9851326644420624,-3.944119244813919,-4.456749062985182,-4.128666990747054,0.015849092697522795
sub-S0001112406047_ses-1,0,-5.61082398891449,-5.112439513206482,-5.545808061957359,-5.423023854692777,0.004394383976209861
sub-S0001112407179_ses-1,0,-1.7130934000015259,-1.320275902748108,-1.9462846666574478,-1.6598846564690273,0.1597774810479063
sub-S0001112414810_ses-1,0,-4.340471267700195,-4.348097965121269,-4.233865760266781,-4.307478331029415,0.013288504802100783
sub-S0001112422802_ses-1,0,-5.525412321090698,-4.541501045227051,-5.078524231910706,-5.048479199409485,0.006378146296466801
sub-S0001112423495_ses-1,0,-4.309221863746643,-4.503680765628815,-4.541449308395386,-4.4514506459236145,0.011527211620311208
sub-S0001112431151_ses-1,0,-1.5050389766693115,-1.3621526211500168,-2.0120713487267494,-1.626420982182026,0.16432124086241087
sub-S0001112435820_ses-1,0,-2.8817626237869263,-3.3616629540920258,-2.8034016489982605,-3.0156090756257377,0.04672566793050042
sub-S0001112438764_ses-1,0,-5.606023609638214,-5.2740815579891205,-5.810947418212891,-5.563684195280075,0.003819974679849697
sub-S0001112439796_ses-1,0,-2.97991406917572,-2.7968193888664246,-2.9021774530410767,-2.892970303694407,0.05250216208771801
sub-S0001112448300_ses-2,0,0.13972298800945282,-0.136411402374506,-0.2619774043560028,-0.08622193957368533,0.47845785920958256
sub-S0001112448890_ses-1,0,-2.505329132080078,-2.8072381019592285,-2.998838424682617,-2.770468552907308,0.05894101888076304
sub-S0001112450178_ses-1,0,-1.3897749781608582,-2.6875783801078796,-3.0261189341545105,-2.3678240974744162,0.08565940662130578
sub-S0001112452125_ses-1,1,0.6537330150604248,1.0666303038597107,1.2796748578548431,1.0000127255916595,0.7310610806258259
sub-S0001112453251_ses-1,0,-2.7669735855888575,-2.5878249452798627,-2.849940001964569,-2.7349128442777633,0.06094439267384764
sub-S0001112453372_ses-1,1,2.927571654319763,2.9563028812408447,3.072372317314148,2.9854156176249185,0.9519108871759517
sub-S0001112453633_ses-1,0,-4.008907586336136,-2.7634806036949158,-3.742817133665085,-3.5050684412320456,0.02916836180137125
sub-S0001112454411_ses-1,0,-2.1987867802381516,-2.4106013894779608,-2.199846640229225,-2.2697449366484457,0.09365986173304669
sub-S0001112459803_ses-1,0,-1.820973962545395,-2.6741428673267365,-2.795750215649605,-2.430289015173912,0.08089197677800403
sub-S0001112461967_ses-1,0,-2.889597535133362,-2.6710910201072693,-3.099823832511902,-2.8868374625841775,0.05280808309102164
sub-S0001112462786_ses-1,0,-3.37882924079895,-3.520660400390625,-3.351209431886673,-3.416899691025416,0.03177146187332111
sub-S0001112472052_ses-1,0,-4.421751618385315,-4.42848670942476,-3.9029910042881966,-4.2510764440327575,0.014048709045766751
sub-S0001112475068_ses-1,0,-5.433117747306824,-4.736600935459137,-5.5718186078593135,-5.247179096875091,0.0052347947579097845
sub-S0001112478496_ses-1,0,-3.6607357561588287,-3.603016272187233,-3.369267702102661,-3.5443399101495743,0.028076616247888563
sub-S0001112478720_ses-1,0,-0.3112492561340332,0.28315651416778564,0.4477548375725746,0.139887365202109,0.5349149238766342
sub-S0001112479577_ses-1,0,-1.3986449241638184,-1.289518617093563,-1.5508829653263092,-1.4130155021945636,0.19575886814403612
sub-S0001112479992_ses-2,0,-0.42841213941574097,-0.7086174488067627,-0.243599534034729,-0.4602097074190776,0.3869360766110214
sub-S0001112482386_ses-1,0,-3.50235915184021,-4.958277612924576,-2.3511623330414295,-3.6039330326020718,0.02649535832818338
sub-S0001112486542_ses-1,0,-3.277199149131775,-2.925080746412277,-3.0433234944939613,-3.081867796679338,0.043861417727778636
sub-S0001112489560_ses-2,0,-4.0062075555324554,-3.9109560921788216,-3.9121429175138474,-3.943102188408375,0.0190192317896644
sub-S0001112492144_ses-1,0,-2.675412029027939,-2.2483115419745445,-2.9792935252189636,-2.634339032073816,0.06696085056613962
sub-S0001112495049_ses-1,0,-4.989354491233826,-5.844512711279094,-4.875862538814545,-5.236576580442488,0.005290296844270915
sub-S0001112495832_ses-1,0,-1.7280440926551819,-0.7921486049890518,-2.018814653158188,-1.513002450267474,0.1804942563685873
sub-S0001112502644_ses-1,0,-4.248209595680237,-4.251613502332475,-4.950667787343264,-4.483496961785325,0.011167723268108812
sub-S0001112502746_ses-1,0,-2.8224968314170837,-2.537026994396001,-3.0607938170433044,-2.8067725476187966,0.056959295515242196
sub-S0001112503694_ses-1,0,-0.6686396598815918,-0.633208155632019,-0.8109564185142517,-0.7042680780092875,0.33086662022200447
sub-S0001112507741_ses-1,0,-5.143768787384033,-5.445774212479591,-5.491933032870293,-5.3604920109113054,0.004676620240606302
sub-S0001112507998_ses-1,0,1.4540563225746155,1.0195105075836182,1.1063408851623535,1.193302571773529,0.7673312061525472
sub-S0001112512063_ses-1,0,-3.9438615143299103,-4.07104292884469,-4.24419454485178,-4.086366329342127,0.01652258681133737
sub-S0001112514578_ses-1,0,-2.299395203590393,-1.6687589883804321,-2.8266099989414215,-2.264921396970749,0.09407012420179615
sub-S0001112516993_ses-1,0,0.3102322220802307,-0.23558920621871948,0.03988337516784668,0.03817546367645264,0.5095427070125117
sub-S0001112517705_ses-1,0,-0.16106832027435303,-0.3018741011619568,-0.17047715187072754,-0.21113985776901245,0.44741026160225855
sub-S0001112518866_ses-1,0,-3.9460402131080627,-3.474518656730652,-3.7617063522338867,-3.727421740690867,0.023489735100755908
sub-S0001112519541_ses-1,0,-4.639434456825256,-4.3470810651779175,-2.7825980186462402,-3.923037846883138,0.01939721734651856
sub-S0001112522128_ses-1,0,-0.6509021818637848,-1.1363946422934532,-0.48908112943172455,-0.7587926511963209,0.3189084520793183
sub-S0001112523878_ses-1,0,-3.402502715587616,-3.3605944514274597,-3.2578556835651398,-3.3403176168600717,0.03421366109822242
sub-S0001112524993_ses-1,0,-0.8001825213432312,-0.7128654718399048,-0.6887039542198181,-0.7339173158009847,0.32433568876954005
sub-S0001112526010_ses-1,0,0.020681232213974,-0.7684529237449169,-0.13147296383976936,-0.2930815517902374,0.4272496201034107
sub-S0001112527188_ses-1,0,-6.207406222820282,-5.501226216554642,-4.917786628007889,-5.5421396891276045,0.0039028424128406073
sub-S0001112528447_ses-1,0,-0.3206320106983185,0.33337367326021194,0.17946851253509521,0.06407005836566289,0.5160120375517996
sub-S0001112529311_ses-1,0,0.2407515048980713,1.0884004831314087,0.8790993690490723,0.7360837856928507,0.67613889508462
sub-S0001112538134_ses-1,0,-1.5501983165740967,-1.3307946920394897,-1.4287768974900246,-1.4365899687012036,0.1920739669504953
sub-S0001112538718_ses-1,0,-4.118554845452309,-4.901096072047949,-3.8346245922148228,-4.28475850323836,0.013589723293982075
sub-S0001112540098_ses-1,0,-2.480832576751709,-1.7501065731048584,-1.6997942924499512,-1.976911147435506,0.1216484966954056
sub-S0001112541508_ses-1,0,-1.9525845646858215,-1.5572640299797058,-1.744883120059967,-1.7515772382418315,0.14784837260619202
sub-S0001112541707_ses-1,0,-5.327795177698135,-5.2470816522836685,-5.639326997101307,-5.404734609027703,0.0044751304232401225
sub-S0001112542986_ses-1,0,-1.4180448055267334,-0.890056848526001,-1.6132632493972778,-1.3071216344833374,0.2129688974267505
sub-S0001112543708_ses-1,0,-4.093772113323212,-3.744042520353105,-4.071532867848873,-3.9697825005083964,0.018527779668880508
sub-S0001112543717_ses-1,0,-2.5953646898269653,-2.2003610134124756,-1.9410544037818909,-2.2455933690071106,0.09573025020993398
sub-S0001112545532_ses-1,1,1.6196781247854233,1.539263904094696,0.658910870552063,1.2726176331440608,0.7811905142294311
sub-S0001112546917_ses-1,0,-3.4270861744880676,-4.21478196978569,-3.895755797624588,-3.8458746472994485,0.020920677336203636
sub-S0001112550663_ses-2,0,-2.9642325937747955,-3.1883424566476606,-3.0702788680791855,-3.074284639500547,0.04418053939620219
sub-S0001112551526_ses-1,0,-2.106185793876648,-2.029224842786789,-1.5769872963428497,-1.904132644335429,0.129641455169956
sub-S0001112552495_ses-1,0,-2.103144407272339,-2.1400952339172363,-1.6816826462745667,-1.9749740958213806,0.12185562266650073
sub-S0001112555724_ses-1,0,-1.293324589729309,-1.6679673790931702,-1.704738736152649,-1.5553435683250427,0.17431583035636897
sub-S0001112556128_ses-1,0,-1.5438525676727295,-1.061365395784378,-1.1746870279312134,-1.2599683304627736,0.22097934400283423
sub-S0001112558716_ses-1,0,-1.9575865864753723,-2.365091308951378,-1.3443018198013306,-1.8889932384093602,0.1313593023713333
sub-S0001112558959_ses-1,0,2.210509479045868,2.671895980834961,1.33707195520401,2.073159138361613,0.8882668870081862
sub-S0001112562948_ses-1,0,-1.491986870765686,-1.5235218405723572,-0.8534268736839294,-1.2896451950073242,0.21591287130306297
sub-S0001112564136_ses-1,0,-1.013540968298912,-0.7561883376329206,-1.2963026314973831,-1.0220106458097387,0.2646359361817094
sub-S0001112566731_ses-1,0,-4.610256195068359,-4.628272891044617,-3.492871105670929,-4.243800063927968,0.014149853879545395
sub-S0001112567892_ses-1,0,-1.5431662201881409,-1.2531313449144363,-1.7892664857208729,-1.5285213502744834,0.17821013290522794
sub-S0001112570807_ses-1,0,-1.083996057510376,-1.7693818658590317,-0.9118301272392273,-1.2550693502028782,0.2218238437492286
sub-S0001112573172_ses-1,0,0.12158751487731934,0.6430703401565552,0.4586614742875099,0.40777310977379483,0.6005537923385557
sub-S0001112575775_ses-1,0,-3.9088502526283264,-4.308698892593384,-3.8417614418431185,-4.0197701956882765,0.017640322209697384
sub-S0001112578101_ses-1,0,0.1834806650876999,0.16528619080781937,-0.07138580456376076,0.0924603504439195,0.523098634264027
sub-S0001112578231_ses-4,1,2.2544739842414856,1.9813269972801208,2.147763177752495,2.1278547197580338,0.8935811775339879
sub-S0001112578604_ses-1,0,-3.1155446767807007,-3.6317423582077026,-3.6421784162521362,-3.463155150413513,0.03037895707802972
sub-S0001112582774_ses-1,0,-0.3716719150543213,-0.47423624992370605,-0.8496584892272949,-0.5651888847351074,0.3623477040768411
sub-S0001112584945_ses-1,0,-4.171857386827469,-4.002939701080322,-4.293706959113479,-4.156168015673757,0.0154257971973668
sub-S0001112587488_ses-1,0,-5.037749379873276,-5.051650648005307,-4.490871529094875,-4.860090518991153,0.007690185096126192
sub-S0001112589070_ses-1,0,-3.7555948197841644,-3.68072646856308,-3.6782506108283997,-3.7048572997252145,0.02401292070457646
sub-S0001112589327_ses-1,0,-4.126766681671143,-3.9008318185806274,-2.8862032890319824,-3.637933929761251,0.025632338539475188
sub-S0001112589862_ses-1,0,-5.0034019947052,-4.3166301771998405,-4.717481851577759,-4.6791713411609335,0.00920125684159915
sub-S0001112592096_ses-1,0,-2.9164755046367645,-2.915884919464588,-3.5914789400994778,-3.1412797880669436,0.0414362571812729
sub-S0001112597745_ses-1,0,-1.7061820030212402,-1.7526540756225586,-1.4390797019004822,-1.6326385935147603,0.16346922091287797
sub-S0001112598738_ses-1,0,-0.8752322420477867,-0.329607819148805,-0.7055155485868454,-0.6367852032611457,0.34597360968124774
sub-S0001112601406_ses-1,0,-2.389814615249634,-2.1641066670417786,-2.2565374672412872,-2.2701529165109,0.0936252350049775
sub-S0001112601472_ses-1,0,-1.2621250748634338,-0.8605444431304932,-0.7251698672771454,-0.9492797950903574,0.2790296840650863
sub-S0001112601839_ses-1,0,-5.923941552639008,-5.458325743675232,-5.999128833413124,-5.7937987099091215,0.003037135532250904
sub-S0001112604466_ses-1,0,-3.3134958148002625,-2.056663751602173,-2.43694531917572,-2.6023682951927185,0.06898615633528754
sub-S0001112606352_ses-1,0,-4.140951573848724,-4.013848900794983,-4.020333647727966,-4.058378040790558,0.01698359315988435
sub-S0001112607771_ses-1,0,-5.450871169567108,-5.036577939987183,-5.500289112329483,-5.329246073961258,0.004824336411008616
sub-S0001112608228_ses-1,0,-3.752626955509186,-3.1055882573127747,-3.0800917744636536,-3.3127689957618713,0.03513572597943611
sub-S0001112608251_ses-1,0,-0.6983548700809479,-1.45857984572649,-0.09447046276181936,-0.7504683928564191,0.3207192489327547
sub-S0001112608387_ses-1,0,-4.640844404697418,-4.174471974372864,-4.1932209730148315,-4.336179117361705,0.012917391926362586
sub-S0001112612110_ses-1,0,-3.4163134582340717,-3.0639423010870814,-3.016677141189575,-3.165644300170243,0.04047925558338254
sub-S0001112614866_ses-1,1,2.913395941257477,3.504604250192642,2.873505026102066,3.0971684058507285,0.9567757933502433
sub-S0001112623440_ses-1,0,-0.8734926581382751,-1.4200851619243622,-0.44153083860874176,-0.911702886223793,0.2866515004860823
sub-S0001112624460_ses-1,1,2.605636328458786,2.660411559045315,2.3294593691825867,2.5318357522288957,0.9263437067621327
sub-S0001112624534_ses-1,0,-3.8315741419792175,-3.168684184551239,-3.3834983110427856,-3.461252212524414,0.030435060281440354
sub-S0001112625849_ses-1,0,-2.8842659890651703,-3.5409789383411407,-2.3974421322345734,-2.9408956865469613,0.05016857501282423
sub-S0001112626372_ses-1,0,-4.6102307215332985,-4.592821006604936,-4.9275370426476,-4.7101962569286115,0.008922679528317792
sub-S0001112628051_ses-1,0,-4.943551003932953,-3.8068004809319973,-3.982750415802002,-4.244367300222318,0.014141943320286152
sub-S0001112628809_ses-1,1,4.553405284881592,6.057500600814819,4.848081827163696,5.152995904286702,0.9942511837137259
sub-S0001112628874_ses-1,0,-0.2569230794906616,-0.26190683245658875,-0.1989155411720276,-0.23924848437309265,0.44047155824790896
sub-S0001112634314_ses-1,0,-0.011592268943786621,-0.4579908847808838,-0.1215420514345169,-0.19704173505306244,0.4508983297155298
sub-S0001112635607_ses-1,0,-3.41495443880558,-2.9313350961892866,-2.7661889046430588,-3.037492813212642,0.04576052625932623
sub-S0001112638512_ses-1,0,-2.8658083081245422,-2.027315855026245,-2.4565004408359528,-2.44987486799558,0.0794477003270406
sub-S0001112640136_ses-1,0,-4.0258928835392,-3.5197662711143494,-3.7163821794092655,-3.7540137780209384,0.02288743527530432
sub-S0001112645914_ses-1,0,-4.837207496166229,-4.0676032565534115,-4.452377066016197,-4.452395939578612,0.011516445599735048
sub-S0001112646569_ses-1,0,-1.2172960042953491,-0.902463972568512,-1.769698143005371,-1.2964860399564107,0.21475700466938985
sub-S0001112649152_ses-1,0,0.17134176194667816,0.5504078352823853,-0.43739673495292664,0.09478428742537896,0.5236783472002472
sub-S0001112649250_ses-1,0,-4.484090447425842,-3.6601063059060834,-4.420945346355438,-4.188380699895788,0.01494411645521564
sub-S0001112649481_ses-1,0,1.5305847767740488,1.7364712907583453,1.5778068751096725,1.6149543142140221,0.8340980920690508
sub-S0001112650171_ses-1,0,-2.043057769536972,-1.8173020631074905,-2.4997337386012077,-2.1200311904152236,0.1071650861282506
sub-S0001112650530_ses-1,0,0.7353110909461975,1.4957001507282257,0.6804603338241577,0.9704905251661936,0.7252172590629028
sub-S0001112655005_ses-1,0,-3.955342635512352,-4.2187989903613925,-3.8340537399053574,-4.002731788593034,0.0179380226637991
sub-S0001112656146_ses-1,0,-3.4601423740386963,-3.6275415420532227,-2.4751689434051514,-3.187617619832357,0.039634361838497355
sub-S0001112656708_ses-1,0,-1.8831042051315308,-2.361832618713379,-1.4989210367202759,-1.9146192868550618,0.1284627881276974
sub-S0001112656991_ses-1,0,-2.7564584016799927,-2.6440045684576035,-3.0521735697984695,-2.8175455133120217,0.056383380704205385
sub-S0001112659852_ses-1,0,-4.624354004859924,-4.752128839492798,-4.379484415054321,-4.585322419802348,0.010097461668897656
sub-S0001112661765_ses-1,0,-2.5402026772499084,-1.6646192073822021,-2.712449312210083,-2.3057570656140647,0.09064728435784923
sub-S0001112665527_ses-1,0,-4.722320199012756,-4.229662537574768,-4.691512167453766,-4.54783163468043,0.010479166929563823
sub-S0001112666517_ses-1,0,-3.6911545991897583,-2.92044597864151,-4.135095775127411,-3.582232117652893,0.02706088659961497
sub-S0001112669133_ses-1,0,-2.0374362468719482,-2.2012633085250854,-1.8503681421279907,-2.0296892325083413,0.11612081443591064
sub-S0001112669732_ses-1,0,-0.904079407453537,-1.431413620710373,-1.2980977445840836,-1.2111969242493312,0.229489337518633
sub-S0001112675057_ses-1,0,-5.177137494087219,-5.940031468868256,-4.246731996536255,-5.121300319830577,0.00593284843852955
sub-S0001112676405_ses-1,0,-2.452408254146576,-3.400628089904785,-2.4531124383211136,-2.768716260790825,0.05903828837530436
sub-S0001112679307_ses-1,0,-2.18786084651947,-1.688847303390503,-1.6884355545043945,-1.8550479014714558,0.13528130421316037
sub-S0001112683010_ses-1,0,-2.9721038937568665,-1.9772071242332458,-2.5453174114227295,-2.4982094764709473,0.07598379774023754
sub-S0001112683452_ses-1,0,-4.323604993522167,-3.4893564031808637,-4.002918489277363,-3.9386266286601312,0.019102914549095965
sub-S0001112688773_ses-1,0,-4.734099388122559,-4.698306083679199,-5.20738011598587,-4.879928529262543,0.0075402693846466
sub-S0001112691318_ses-1,0,-6.763103723526001,-12.42943525314331,-4.7771265506744385,-7.989888509114583,0.0003387570671431211
sub-S0001112692131_ses-1,0,-0.6249102354049683,-0.1655673384666443,-0.329211562871933,-0.3732297122478485,0.40776084035670646
sub-S0001112692538_ses-1,1,4.577300846576691,5.192797124385834,5.308416366577148,5.026171445846558,0.9934789109843654
sub-S0001112692937_ses-1,1,3.30492240190506,2.8466793298721313,3.2029344737529755,3.118178735176722,0.9576364029581758
sub-S0001112692968_ses-4,0,-0.9760209321975708,-1.3003560304641724,-0.8507513999938965,-1.0423761208852131,0.2606917800567053
sub-S0001112697095_ses-2,0,0.062188148498535156,0.8770539946854115,1.0684581100940704,0.669233417759339,0.6613314873691768
sub-S0001112698117_ses-1,0,-8.23122525215149,-12.726807832717896,-7.914925277233124,-9.62431945403417,6.609710870244483e-05
sub-S0001112701095_ses-1,0,-4.6487332582473755,-4.484512984752655,-4.361694276332855,-4.498313506444295,0.011005283578745844
sub-S0001112707595_ses-1,0,-1.9224137663841248,-2.1840946078300476,-1.7455926537513733,-1.9507003426551819,0.1244770130283669
sub-S0001112708254_ses-1,0,-2.769053190946579,-2.929676502943039,-3.4693031907081604,-3.0560109615325928,0.04495867138263779
sub-S0001112713376_ses-4,0,-6.593864977359772,-6.365085527300835,-6.430136322975159,-6.463028942545255,0.0015576331987139241
sub-S0001112714040_ses-1,0,-5.303534030914307,-5.287514477968216,-4.686590135097504,-5.0925462146600085,0.006104861930690988
sub-S0001112714274_ses-1,0,-4.597666293382645,-4.402409076690674,-4.139573933614884,-4.3798831012294,0.012371843019165375
sub-S0001112716211_ses-1,0,-3.972817063331604,-4.547444522380829,-3.521828830242157,-4.01403013865153,0.017740068369332996
sub-S0001112716275_ses-1,0,-3.0802115201950073,-2.059794545173645,-2.752735137939453,-2.630913734436035,0.0671751709014865
sub-S0001112716936_ses-1,0,-3.806139215826988,-3.112142643891275,-3.1821214258670807,-3.3668010951951146,0.0333492784687492
sub-S0001112722303_ses-1,0,1.471995010972023,1.4421207858831622,1.2156629525125027,1.3765929164558959,0.7984432502471182
sub-S0001112724496_ses-1,0,2.160278096795082,1.9433143436908722,2.953778497874737,2.3524569794535637,0.9131293233303038
sub-S0001112732649_ses-1,1,-0.07795572280883789,-1.3480493426322937,-0.7445493936538696,-0.7235181530316671,0.32661873261731983
sub-S0001112733630_ses-1,0,-3.5889318585395813,-4.294270753860474,-2.319577932357788,-3.4009268482526145,0.03226651095667447
sub-S0001112733848_ses-1,0,-0.4117380976676941,-0.3138485848903656,-0.7620750367641449,-0.4958872397740682,0.37850766838092764
sub-S0001112734881_ses-1,0,-5.967241793870926,-6.5063983500003815,-4.798316925764084,-5.757319023211797,0.0031496195436064097
sub-S0001112736658_ses-1,0,-3.91539204120636,-4.4234126806259155,-3.181096315383911,-3.8399670124053955,0.021042026529758655
sub-S0001112739721_ses-1,0,-0.744377076625824,-0.13965559005737305,0.11383026838302612,-0.25673413276672363,0.43616669949372083
sub-S0001112741168_ses-1,1,2.2737639099359512,2.0271815061569214,2.3021449744701385,2.2010301301876702,0.9003419787765894
sub-S0001112742447_ses-1,0,-1.4693886041641235,-1.6154489666223526,-0.6780926510691643,-1.2543100739518802,0.22195493619900816
sub-S0001112744261_ses-1,0,2.048327326774597,1.81610107421875,1.9984732866287231,1.9543005625406902,0.8759148177210085
sub-S0001112744774_ses-1,0,-2.0320973098278046,-2.1553370356559753,-2.105484515428543,-2.0976396203041077,0.10932644937006729
sub-S0001112747541_ses-1,0,-0.596348226070404,-0.6630611643195152,-1.2473836243152618,-0.8355976715683937,0.30246277454243975
sub-S0001112753217_ses-1,0,-1.514293223619461,-1.8077475354075432,-0.9876248314976692,-1.4365551968415577,0.19207936295963102
sub-S0001112754852_ses-1,0,0.35340894758701324,-0.044233426451683044,0.27522575855255127,0.19480042656262717,0.5485466860536224
sub-S0001112760439_ses-1,0,-1.6609371900558472,-2.9767225980758667,-1.76483716070652,-2.134165649612745,0.10582018073786446
sub-S0001112762069_ses-1,0,-3.97951203584671,-3.2301725195138715,-2.939748525619507,-3.383144360326696,0.03282641821169615
sub-S0001112762609_ses-1,0,-5.2332582622766495,-5.603208791464567,-5.32736811041832,-5.387945054719846,0.004550555364303433
sub-S0001112764550_ses-1,0,-4.996050789952278,-4.275656585523393,-4.8011241080239415,-4.6909438278332045,0.009094549641833295
sub-S0001112766068_ses-1,0,-4.434526562690735,-4.277316391468048,-3.286804974079132,-3.999549309412638,0.017994172107083487
sub-S0001112766251_ses-1,0,-3.326120972633362,-3.3618435859680176,-2.9837457835674286,-3.2239034473896027,0.03827603651308485
sub-S0001112768585_ses-1,0,-4.731352210044861,-4.140835821628571,-4.14273339509964,-4.33830714225769,0.012890286580456527
sub-S0001112773677_ses-1,0,-5.082371145486832,-5.0334755182266235,-5.0604376792907715,-5.058761447668076,0.006313312540081449
sub-S0001112779445_ses-1,0,-4.077528953552246,-2.6967822313308716,-4.153969824314117,-3.6427603363990784,0.02551207306096416
sub-S0001112779464_ses-1,0,-3.2776193022727966,-3.409456431865692,-2.9052425622940063,-3.197439432144165,0.03926219527927956
sub-S0001112780047_ses-1,0,-6.110765516757965,-5.825428664684296,-5.944510996341705,-5.960235059261322,0.00257266990916074
sub-S0001112789163_ses-1,0,-1.2684921622276306,-2.04481977596879,-0.505185917019844,-1.2728326184054215,0.2187727401539912
sub-S0001112789485_ses-1,0,-3.762189567089081,-3.8364927768707275,-4.180095434188843,-3.9262592593828836,0.01933603774350649
sub-S0001112791985_ses-1,0,-1.6618885397911072,-0.6674257516860962,-0.4537750482559204,-0.9276964465777079,0.283392289157739
sub-S0001112792771_ses-1,0,-2.1024665236473083,-1.2342117428779602,-1.2330158352851868,-1.5232313672701518,0.178986176916204
sub-S0001112799577_ses-1,0,-3.409467041492462,-2.974248945713043,-3.594463586807251,-3.326059858004252,0.034687923029519875
sub-S0001112809865_ses-1,0,-2.949185460805893,-2.787777878344059,-3.3566423431038857,-3.0312018940846124,0.04603601500617422
sub-S0001112810267_ses-1,0,0.3541516661643982,-0.6229974031448364,0.13160324096679688,-0.045747498671213783,0.4885651195378419
sub-S0001112816203_ses-1,0,-4.0309059619903564,-3.405428856611252,-3.8594413101673126,-3.76525870958964,0.02263730273847475
sub-S0001112817945_ses-1,0,-0.8277789056301117,-1.7222307920455933,-1.4337164014577866,-1.3279086997111638,0.20950550120756972
sub-S0001112819151_ses-1,0,-4.002703785896301,-4.345455959439278,-3.9875894486904144,-4.111916398008664,0.016112496749744683
sub-S0001112819786_ses-1,0,-2.020502507686615,-2.506506286561489,-2.1047373712062836,-2.2105820551514626,0.09880423374433997
sub-S0001112819918_ses-1,0,-0.7709193974733353,-1.2137159686535597,-0.980610579252243,-0.9884153151263794,0.27122519619118535
sub-S0001112820149_ses-1,0,-2.415916621685028,-1.7551044523715973,-2.6958469301462173,-2.2889560014009476,0.09204175982016845
sub-S0001112821085_ses-1,0,-2.192024052143097,-2.740325639024377,-2.011113926768303,-2.314487872645259,0.08993016835508308
sub-S0001112822050_ses-1,0,-3.6440181136131287,-4.0323541313409805,-4.3441406935453415,-4.006837646166484,0.017865835829504156
sub-S0001112827468_ses-1,0,-3.0363819897174835,-3.704702652990818,-3.021375000476837,-3.2541532143950462,0.037177933877654695
sub-S0001112827546_ses-1,1,4.51565158367157,5.001187086105347,4.007291316986084,4.5080433289210005,0.9891001151361501
sub-S0001112827756_ses-1,0,-4.27377849817276,-4.212356746196747,-3.9699126482009888,-4.1520159641901655,0.015488984940696312
sub-S0001112828627_ses-1,0,-2.3883623480796814,-2.308994174003601,-1.973105788230896,-2.223487436771393,0.09766104811375913
sub-S0001112829300_ses-1,0,-1.638237476348877,-2.0713082626461983,-1.9283579885959625,-1.879301242530346,0.13246915488294708
sub-S0001112829470_ses-1,0,-1.456818163394928,-1.842015027999878,-1.737321674823761,-1.6787182887395222,0.15726526318432912
sub-S0001112831957_ses-1,0,-3.5834421515464783,-2.8939017057418823,-3.01026451587677,-3.1625361243883767,0.040600151836565235
sub-S0001112833398_ses-1,0,-3.199564576148987,-2.6935061514377594,-2.6597775518894196,-2.8509494264920554,0.05463226089863609
sub-S0001112835139_ses-1,0,-5.029098272323608,-4.367836236953735,-5.341834306716919,-4.912922938664754,0.007297328020454601
sub-S0001112836304_ses-1,0,-2.4915776401758194,-2.040618222206831,-2.8476534336805344,-2.459949765354395,0.07871398001395959
sub-S0001112836636_ses-1,0,-0.5254102349281311,0.3195962533354759,0.8806546777486801,0.224946898718675,0.5560007817935413
sub-S0001112837091_ses-1,0,-2.40639466047287,-1.6711343824863434,-1.6999366581439972,-1.9258219003677368,0.12721375417289324
sub-S0001112839239_ses-1,0,-3.4116740822792053,-2.8635517954826355,-2.6443969011306763,-2.9732075929641724,0.04865104725507168
sub-S0001112844601_ses-1,0,-8.053122535347939,-12.396782971918583,-7.942576725035906,-9.464160744100809,7.757709637039507e-05
sub-S0001112846005_ses-1,0,-4.403602883219719,-4.7122311275452375,-3.717807747423649,-4.277880586062868,0.013682231187022715
sub-S0001112846348_ses-1,0,-1.8104804158210754,-0.8507130146026611,-1.1030513644218445,-1.254748264948527,0.22187927380248226
sub-S0001112847941_ses-1,0,-1.9156229943037033,-1.46037757396698,-1.694633111357689,-1.6902112265427907,0.15574806379830972
sub-S0001112851402_ses-1,0,-1.080020546913147,-1.130321741104126,-0.6972519159317017,-0.9691980679829916,0.27504037312453367
sub-S0001112856434_ses-1,0,-2.892070472240448,-1.93754343688488,-2.7285327911376953,-2.5193822334210076,0.074510534359197
sub-S0001112858214_ses-1,0,-2.788727283477783,-1.7845768928527832,-2.4866746068000793,-2.3533262610435486,0.08680174639482553
sub-S0001112858551_ses-1,0,-2.5407493710517883,-2.654827430844307,-2.886726699769497,-2.694101167221864,0.06332233131338892
sub-S0001112858881_ses-1,0,-0.23989802598953247,-0.07604920864105225,0.6437567472457886,0.10926983753840129,0.5272903111603273
sub-S0001112858992_ses-1,0,-5.574668794870377,-4.34592205286026,-5.690900474786758,-5.203830440839131,0.005465438789191422
sub-S0001112860352_ses-1,0,0.5873719602823257,1.3205501679331064,0.5661386996507645,0.8246869426220655,0.6952303412037979
sub-S0001112861561_ses-1,0,-1.9136364459991455,-2.343871057033539,-2.062778055667877,-2.106761852900187,0.10844133998406782
sub-S0001112863983_ses-1,0,-3.5663609206676483,-2.725428845733404,-3.5064297020435333,-3.2660731561481953,0.03675359681228967
sub-S0001112865676_ses-1,0,-6.0059691071510315,-4.98746058344841,-6.18187503516674,-5.725101575255394,0.0032524091349034347
sub-S0001112865701_ses-1,0,-5.674403667449951,-6.257891654968262,-5.273082047700882,-5.735125790039699,0.0032200736106274283
sub-S0001112868469_ses-1,0,1.2843156903982162,1.958836853504181,1.450027346611023,1.5643932968378067,0.826982858895043
sub-S0001112870349_ses-1,0,-5.571941077709198,-5.505481883883476,-6.18565359711647,-5.7543588529030485,0.0031589272713212734
sub-S0001112870907_ses-1,0,-2.8026010394096375,-2.317906565964222,-2.1837611198425293,-2.4347562417387962,0.0805604665621443
sub-S0001112871370_ses-1,0,-5.642777740955353,-5.346285276114941,-5.904792964458466,-5.631285327176253,0.003571166857080649
sub-S0001112871802_ses-1,0,-3.0235719680786133,-1.8300549983978271,-2.0397181510925293,-2.2977817058563232,0.09130684588521994
sub-S0001112873787_ses-1,0,-1.6401897370815277,-2.8192280381917953,-1.411036193370819,-1.9568179895480473,0.12381182687800249
sub-S0001112876843_ses-1,0,-3.8633044958114624,-3.1981001794338226,-3.530694916844368,-3.5306998640298843,0.028451235828733223
sub-S0001112882757_ses-1,0,-3.3680556416511536,-3.5065048411488533,-4.214435577392578,-3.696332020064195,0.024213534579822296
sub-S0001112885076_ses-1,0,-3.242076277732849,-2.6318730264902115,-3.0211963057518005,-2.965048536658287,0.0490300757200788
sub-S0001112885996_ses-1,0,-2.421130359172821,-1.882655143737793,-2.8100040555000305,-2.3712631861368814,0.08539043429525767
sub-S0001112892358_ses-1,0,-6.396290205419064,-6.486061990261078,-7.645692050457001,-6.842681415379047,0.0010661000691586956
sub-S0001112893779_ses-1,0,3.2799198627471924,3.4776651263237,3.580737829208374,3.4461076060930886,0.9691148488876525
sub-S0001112894687_ses-1,0,-1.0667246133089066,-0.22787237842567265,-1.2963938564062119,-0.8636636160469303,0.2965744800127631
sub-S0001112895854_ses-1,0,1.1579161584377289,0.9038220252841711,1.8277579471468925,1.2964987102895975,0.7852451320026893
sub-S0001112896267_ses-1,0,-7.751613974571228,-12.082400843501091,-7.697940154001117,-9.177318324024478,0.00010334665108228812
sub-S0001112899851_ses-1,0,0.02083563804626465,-0.19963908195495605,-0.14431869983673096,-0.10770738124847412,0.47309915578312134
sub-S0001112901155_ses-1,1,2.634468734264374,2.7323898673057556,3.1457638144493103,2.8375408053398132,0.9446710663789315
sub-S0001112901738_ses-1,0,-3.3319485187530518,-2.4198771715164185,-3.8852750062942505,-3.2123668988545737,0.038702977640768875
sub-S0001112905120_ses-1,0,-1.7352825999259949,-1.4793344140052795,-0.496115505695343,-1.236910839875539,0.22497415645918822
sub-S0001112905596_ses-1,0,-0.2234635353088379,-0.1465916633605957,-0.07664287090301514,-0.14889935652414957,0.46284378477614646
sub-S0001112908867_ses-1,0,-7.633973956108093,-12.257601171731949,-7.31433242559433,-9.06863585114479,0.00011521033869411922
sub-S0001112909152_ses-1,0,-5.266419738531113,-3.489657960832119,-4.83582728356123,-4.530634994308154,0.01065899435716692
sub-S0001112909427_ses-1,0,-2.785861074924469,-2.437692940235138,-3.5978408455848694,-2.940464953581492,0.050189104143527286
sub-S0001112910698_ses-1,0,-2.981386125087738,-3.468999594449997,-3.2350025959312916,-3.228462771823009,0.038108556166788744
sub-S0001112919320_ses-1,0,-6.093404054641724,-5.508014440536499,-4.67291522026062,-5.424777905146281,0.004386716544185503
sub-S0001112920743_ses-1,0,-1.6437848210334778,-0.9228742718696594,-1.2221186757087708,-1.262925922870636,0.22047062212516563
sub-S0001112921408_ses-1,0,-2.671444594860077,-2.4053698778152466,-2.6119492650032043,-2.5629212458928428,0.0715632060095908
sub-S0001112924032_ses-1,0,-1.4323232173919678,-1.2294427156448364,-1.280718207359314,-1.3141613801320393,0.21179132780134996
sub-S0001112924748_ses-1,0,-1.9710771143436432,-1.7739812181680463,-1.8372454941272736,-1.8607679422129877,0.13461356714354697
sub-S0001112928072_ses-1,0,-2.8739870339632034,-3.16915363073349,-3.5507232397794724,-3.1979546348253884,0.039242766098626355
sub-S0001112930038_ses-1,0,0.028131544589996338,-0.35306495428085327,-0.9812390804290771,-0.435390830039978,0.39283978853802587
sub-S0001112933288_ses-1,0,-4.764275968074799,-4.8211623430252075,-4.846853256225586,-4.810763855775197,0.008075887330953721
sub-S0001112935043_ses-1,1,2.439596176147461,2.66876220703125,2.391785979270935,2.500048120816549,0.9241451933579883
sub-S0001112935319_ses-1,0,-0.01994377374649048,0.1104973554611206,-0.08596152067184448,0.0015306870142618816,0.5003826716788488
sub-S0001112936324_ses-1,0,2.4372727274894714,1.5401844084262848,2.1690658777952194,2.0488410045703254,0.8858304562861578
sub-S0001112936362_ses-1,0,-3.5044166147708893,-3.0638501159846783,-3.0762363374233246,-3.214834356059631,0.038611280173800985
sub-S0001112938320_ses-1,0,-2.9118050932884216,-3.376475542783737,-2.736321210861206,-3.008200615644455,0.04705676871285125
sub-S0001112938679_ses-1,0,-3.9527787566184998,-4.181071221828461,-4.365659058094025,-4.166503012180328,0.015269614468222769
sub-S0001112954073_ses-1,0,-2.3571492433547974,-2.2144400477409363,-2.6712825298309326,-2.4142906069755554,0.08208943737391808
sub-S0001112955036_ses-1,0,-4.459573611617088,-4.62835081666708,-4.254003047943115,-4.447309158742428,0.011574496703019724
sub-S0001112955343_ses-1,0,0.4082642197608948,0.622832179069519,1.3308870792388916,0.7873278260231018,0.6872572752260774
sub-S0001112956909_ses-1,0,-1.871800184249878,-1.6848662495613098,-2.1281371414661407,-1.8949345250924428,0.13068286111294322
sub-S0001112957257_ses-1,0,-2.575732707977295,-2.7646836638450623,-2.837450832128525,-2.725955734650294,0.0614590300713367
sub-S0001112958167_ses-1,0,-2.1271864771842957,-2.0851871967315674,-2.2538384199142456,-2.155404031276703,0.10382731551364112
sub-S0001112959238_ses-1,0,-1.9002996683120728,-2.104766368865967,-1.3041744530200958,-1.769746830066045,0.14557381591445642
sub-S0001112960676_ses-1,0,1.0241999626159668,-0.07802942395210266,0.4846857152879238,0.47695208465059596,0.6170278961106995
sub-S0001112961122_ses-2,0,-3.5566805452108383,-3.743492130190134,-4.05047020316124,-3.783547626187404,0.02223617629958388
sub-S0001112963298_ses-1,0,-3.4882782101631165,-3.1721123456954956,-3.7290897369384766,-3.4631600975990295,0.03037881135369551
sub-S0001112963404_ses-1,0,-1.653912603855133,-1.471220314502716,-2.2018089294433594,-1.7756472826004028,0.14484143908118693
sub-S0001112964443_ses-1,0,-3.4040324687957764,-2.2927929162979126,-3.323121428489685,-3.0066489378611245,0.047126398637508476
sub-S0001112975197_ses-1,0,-2.6074751913547516,-2.615923061966896,-2.803464025259018,-2.6756207595268884,0.06442733853430582
sub-S0001112979679_ses-1,0,1.4958789348602295,1.9094591736793518,1.6864777207374573,1.6972719430923462,0.8451780990487864
sub-S0001112979859_ses-1,0,-3.365843415260315,-2.6531233489513397,-3.3030656278133392,-3.107344130674998,0.042805331207678585
sub-S0001112981025_ses-1,0,-2.5860792994499207,-2.37626913189888,-3.0523778200149536,-2.6715754171212516,0.0646716075189258
sub-S0001112981120_ses-1,0,-1.9222958087921143,-2.264042615890503,-2.2438299655914307,-2.1433894634246826,0.10495057046646683
sub-S0001112981476_ses-1,0,-1.56378173828125,-1.5905954241752625,-1.790376901626587,-1.6482513546943665,0.16134542405825156
sub-S0001112982893_ses-2,1,8.064536809921265,10.473546266555786,9.300697803497314,9.279593626658121,0.999906699671698
sub-S0001112984814_ses-1,0,-2.5693816244602203,-2.0778275430202484,-2.572544939815998,-2.4065847024321556,0.08267195619922565
sub-S0001112987475_ses-1,0,-1.831846833229065,-2.459586024284363,-1.316651463508606,-1.869361440340678,0.13361562649697817
sub-S0001112993336_ses-1,0,2.3783000707626343,2.9096333980560303,2.9724611043930054,2.753464857737223,0.9401087339719716
sub-S0001112996898_ses-1,0,0.27551107108592987,-0.7484579831361771,-0.29963312298059464,-0.2575266783436139,0.4359718023474401
sub-S0001112997805_ses-1,0,-1.429107666015625,-0.5406189262866974,-1.6000791415572166,-1.1899352446198463,0.2332705174197396
sub-S0001112998872_ses-1,0,-1.9136022329330444,-2.717821955680847,-2.045406937599182,-2.225610375404358,0.09747412733868212
sub-S0001113000858_ses-1,0,-1.9094277024269104,-1.5215341448783875,-1.4842455983161926,-1.63840248187383,0.16268255436661685
sub-S0001113001369_ses-1,0,-6.610936403274536,-9.791595458984375,-5.779862403869629,-7.394131422042847,0.0006144726832348304
sub-S0001113002587_ses-1,0,-2.7670804262161255,-2.8470501825213432,-2.812317080795765,-2.808815896511078,0.05684963647503662
sub-S0001113003146_ses-1,0,-4.2341190576553345,-4.912192136049271,-4.019642680883408,-4.388651291529338,0.012265163231665828
sub-S0001113005009_ses-1,0,-2.9963144659996033,-2.870146870613098,-2.348379224538803,-2.7382801870505014,0.060751963740664244
sub-S0001113010778_ses-1,0,-3.8591434359550476,-3.505664587020874,-2.387201964855194,-3.250669995943705,0.03730281944572044
sub-S0001113013265_ses-1,0,-3.3804898262023926,-3.3785126507282257,-3.0010479539632797,-3.2533501436312995,0.03720669107288488
sub-S0001113014437_ses-1,0,-2.4947813972830772,-2.3803785108029842,-2.084857329726219,-2.320005745937427,0.08947959119373194
sub-S0001113016506_ses-1,0,-3.532604455947876,-2.7976426482200623,-3.089434266090393,-3.1398937900861106,0.04149134304425782
sub-S0001113016675_ses-1,0,-4.907873868942261,-4.848296418786049,-5.2227605283260345,-4.992976938684781,0.0067397027607589925
sub-S0001113017129_ses-1,1,0.31804269552230835,0.6692590117454529,0.7749335765838623,0.5874117612838745,0.6427710634376277
sub-S0001113017949_ses-1,0,-0.838776558637619,-1.1269134879112244,-0.5150584131479263,-0.8269161532322565,0.30429752792359405
sub-S0001113022425_ses-1,0,-4.015974342823029,-4.053464829921722,-3.9318093359470367,-4.0004161695639295,0.01797886075570193
sub-S0001113023717_ses-1,0,-3.6336540281772614,-3.6106475591659546,-3.1602948904037476,-3.4681988259156546,0.030230741568742062
sub-S0001113024525_ses-1,0,-5.921742834150791,-5.551131610700395,-6.0331403613090515,-5.835338268720079,0.0029139187878772844
sub-S0001113026430_ses-1,0,-1.1960238218307495,-1.2762876749038696,-0.46707797050476074,-0.9797964890797933,0.27293216654011254
sub-S0001113028080_ses-1,0,-3.6861504912376404,-3.4638845920562744,-4.308044195175171,-3.819359759489695,0.02147073688672396
sub-S0001113029549_ses-1,0,-0.2537209093570709,-1.2884463117807172,-0.31522809714078903,-0.6191317727595257,0.3499789419020232
sub-S0001113030751_ses-1,0,-2.7757047414779663,-2.7548656575381756,-1.837866373360157,-2.4561455907920995,0.07899029398495588
sub-S0001113031018_ses-1,0,-3.017134577035904,-2.9389681816101074,-3.187871415168047,-3.0479913912713528,0.04530427011163447
sub-S0001113038615_ses-1,0,-5.157949090003967,-5.842873737215996,-5.8758105635643005,-5.625544463594754,0.0035916535536542394
sub-S0001113038747_ses-1,0,2.922225620597601,3.0133229448110797,3.410311460494995,3.1152866753012254,0.9575189197962047
sub-S0001113039883_ses-1,0,-2.6523348093032837,-2.6758840084075928,-2.2258673012256622,-2.5180287063121796,0.07460392561968224
sub-S0001113041614_ses-1,0,-3.984849989414215,-2.890832304954529,-3.513050377368927,-3.4629108905792236,0.030386152839670128
sub-S0001113046598_ses-1,0,-3.584341883659363,-2.910805642604828,-3.3982295393943787,-3.297792355219523,0.03564700216874669
sub-S0001113047341_ses-1,0,-1.0032492876052856,-1.1387564539909363,-1.1990594863891602,-1.1136884093284607,0.2471838947010456
sub-S0001113054332_ses-1,0,-1.1003350019454956,-1.085047960281372,-1.5360212326049805,-1.2404680649439495,0.22435452276137363
sub-S0001113056452_ses-1,0,-0.23410934209823608,-0.027723558247089386,-0.2700686901807785,-0.17730053017536798,0.45579061874414284
sub-S0001113057659_ses-1,0,-5.0874868631362915,-3.785410761833191,-4.721344232559204,-4.5314139525095625,0.010650783077135555
sub-S0001113060749_ses-1,0,-3.968434512615204,-3.7046703351661563,-3.9098306000232697,-3.8609784826015434,0.020613533748521512
sub-S0001113065593_ses-1,0,-4.069673448801041,-4.199352601543069,-3.7025576271116734,-3.990527892485261,0.01815427910876291
sub-S0001113067596_ses-1,0,-2.757971704006195,-3.0817999839782715,-2.7050113677978516,-2.848261018594106,0.05477127701692682
sub-S0001113068124_ses-1,0,-4.580137848854065,-3.786987543106079,-3.8656386733055115,-4.0775880217552185,0.016665837772174286
sub-S0001113071485_ses-1,0,-4.351862281560898,-3.407091498374939,-4.242548823356628,-4.000500867764155,0.017977365417402174
sub-S0001113071687_ses-1,0,-2.9241632223129272,-2.8142699897289276,-3.4068057537078857,-3.0484129885832467,0.04528603876706919
sub-S0001113072569_ses-1,0,-3.68614062666893,-2.907630579546094,-4.277855064719915,-3.62387542364498,0.02598580566874444
sub-S0001113075475_ses-1,0,-0.12965548038482666,-0.5229443907737732,-0.07134169340133667,-0.24131385485331217,0.4399625973045563
sub-S0001113077507_ses-1,0,-0.32843464612960815,0.0031353235244750977,1.212519258260727,0.2957399785518646,0.5734007903768141
sub-S0001113078805_ses-1,0,1.8862042725086212,2.3310144543647766,2.0556773394346237,2.090965355436007,0.890021952987251
sub-S0001113083616_ses-1,0,-3.0543442964553833,-2.5461264848709106,-2.6211549639701843,-2.740541915098826,0.06062303504905328
sub-S0001113084060_ses-1,0,-3.1812612116336823,-3.2526944875717163,-2.9161677211523056,-3.1167078067859015,0.04242331120783698
sub-S0001113084751_ses-1,0,-2.9695438742637634,-3.1899968087673187,-2.8941930532455444,-3.0179112454255423,0.04662323074863861
sub-S0001113088813_ses-1,0,-2.7626343965530396,-2.7135319765657187,-2.3684002086520195,-2.614855527256926,0.06818844185078296
sub-S0001113088998_ses-1,0,-2.044320225715637,-2.096269965171814,-1.7528811674565077,-1.9644904527813196,0.12298189868907794
sub-S0001113089316_ses-1,0,-5.5298473834991455,-7.036162261792924,-5.897354677319527,-6.154454774203866,0.0021194969198080793
sub-S0001113093026_ses-1,0,1.2759092450141907,1.1234738230705261,1.364873230457306,1.2547520995140076,0.778121388230177
sub-S0001113094259_ses-1,0,-5.6261498630046844,-4.350176115287468,-5.220266031101346,-5.065530669797833,0.006270987738014854
sub-S0001113102370_ses-1,0,-3.1071082651615143,-3.1021892968565226,-3.471244215965271,-3.2268472593277693,0.03816781907654301
sub-S0001113106733_ses-1,0,-3.701276183128357,-3.7587984949350357,-4.0827930085361,-3.847622562199831,0.020884904755466564
sub-S0001113106969_ses-1,0,-4.112992525100708,-3.8495486080646515,-3.8446165919303894,-3.935719241698583,0.019157469383852235
sub-S0001113112903_ses-1,0,0.8240813165903091,1.1103585912496783,0.46138738095760345,0.7986090962658636,0.6896768747415487
sub-S0001113116178_ses-1,0,-4.773049235343933,-4.625015373341739,-4.664676994085312,-4.687580534256995,0.009124909198213243
sub-S0001113122114_ses-1,0,-2.550400882959366,-2.29583259485662,-2.3336863948061364,-2.393306624207374,0.08368452594259745
sub-S0001113126948_ses-1,0,-1.9526110887527466,-2.3660465478897095,-1.9816780090332031,-2.1001118818918862,0.10908594734373764
sub-S0001113127215_ses-1,0,2.810881018638611,3.018325090408325,2.9864317178726196,2.9385459423065186,0.9497193372813025
sub-S0001113127704_ses-1,0,1.2516862154006958,1.5559509992599487,1.1821372509002686,1.3299248218536377,0.7908281991681556
sub-S0001113128067_ses-1,0,-3.747256278991699,-4.258534491062164,-4.255080133676529,-4.0869569679101305,0.016512991916417082
sub-S0001113129809_ses-1,0,-5.733794450759888,-5.95749306678772,-4.998486161231995,-5.563257892926534,0.003821597266543553
sub-S0001113131361_ses-2,0,-7.414550244808197,-7.999826729297638,-8.441809877753258,-7.952062283953031,0.00035181180941993017
sub-S0001113133870_ses-1,0,-0.6841051280498505,-1.5726314783096313,-0.8621922880411148,-1.0396429648001988,0.26121888997298276
sub-S0001113134515_ses-1,0,-0.7580752968788147,-0.80249884724617,-1.1620126068592072,-0.9075289169947306,0.28750576329506394
sub-S0001113136908_ses-1,0,-1.8420897722244263,-0.9805419445037842,-2.0895416736602783,-1.6373911301294963,0.1628203646091224
sub-S0001113137391_ses-1,0,-0.8153896182775497,-0.1599489450454712,-1.347652018070221,-0.7743301937977473,0.31554314364240704
sub-S0001113143930_ses-1,0,-4.633706331253052,-5.102866884786636,-4.557580158114433,-4.764717791384707,0.008453227565634196
sub-S0001113147440_ses-1,0,-2.596380352973938,-1.9619454145431519,-2.1203829050064087,-2.2262362241744995,0.09741908346221168
sub-S0001113151022_ses-1,0,-0.5125298500061035,-0.36917102336883545,0.25642096996307373,-0.20842663447062174,0.4480811588350712
sub-S0001113152887_ses-2,0,-3.8448642790317535,-3.652303433045745,-3.6806921884417534,-3.725953300173084,0.023523441720923386
sub-S0001113160720_ses-1,0,-0.917107343673706,-1.3137542605400085,-0.8305182456970215,-1.0204599499702454,0.2649378175383398
sub-S0001113162864_ses-1,0,-4.60951441526413,-4.787013649940491,-4.9708744287490845,-4.789134164651235,0.008251012121384939
sub-S0001113167668_ses-1,0,-0.4273393750190735,-0.8430567383766174,-0.6576847434043884,-0.6426936189333597,0.3446378972317254
sub-S0001113169703_ses-1,0,1.990559309720993,1.8657269617542624,1.536285750567913,1.7975240073477228,0.8578472667898572
sub-S0001113172909_ses-1,0,-5.819558881223202,-6.422664508223534,-6.8377997279167175,-6.360007705787818,0.0017263678856274552
sub-S0001113172980_ses-1,0,-3.2037816047668457,-2.8230222733691335,-3.4128176867961884,-3.146540521644056,0.041227807898838356
sub-S0001113173861_ses-1,0,1.4721748232841492,1.1369981840252876,0.8027233481407166,1.1372987851500511,0.7571833475650277
sub-S0001113174062_ses-1,0,-3.5337385833263397,-2.47853821516037,-3.262615829706192,-3.0916308760643005,0.04345379617651141
sub-S0001113175295_ses-1,0,-0.15727725625038147,-0.972100555896759,-0.05729678273200989,-0.3955581982930501,0.4023799967311893
sub-S0001113185734_ses-1,0,-4.4179845452308655,-3.333307672291994,-3.625765949487686,-3.7923527223368487,0.022045541473299277
sub-S0001113186445_ses-1,0,-4.114914357662201,-4.579726733267307,-4.041312322020531,-4.24531780431668,0.014128697558930198
sub-S0001113187538_ses-1,0,-1.9831667244434357,-2.130373132415116,-2.047716587781906,-2.0537521482134857,0.11367379626674357
sub-S0001113201381_ses-1,0,1.2556231766939163,0.40767693519592285,1.4685165584087372,1.0439388900995255,0.7396093022555874
sub-S0001113201489_ses-1,0,-2.1861247420310974,-1.796738862991333,-1.5565655827522278,-1.846476395924886,0.13628713954392344
sub-S0001113201999_ses-1,0,-3.7266898155212402,-4.058682918548584,-4.026232197880745,-3.937201643983523,0.019129634207968624
sub-S0001113202756_ses-1,0,-3.685609519481659,-3.6505741477012634,-3.5044513940811157,-3.613545020421346,0.026248558087925457
sub-S0001113206350_ses-1,0,-1.7141091227531433,-2.173027217388153,-0.06563611328601837,-1.317590817809105,0.21121939786447827
sub-S0001113209029_ses-1,0,-4.119088262319565,-3.8656197786331177,-3.9933533370494843,-3.9926871260007224,0.01811583143297169
sub-S0001113214177_ses-1,0,-1.6050527095794678,-1.5913959741592407,-0.9843325614929199,-1.3935937484105427,0.19883465509885306
sub-S0001113215785_ses-1,0,-3.122349739074707,-3.085456609725952,-2.2402533292770386,-2.816019892692566,0.05646460523007633
sub-S0001113217599_ses-1,0,-5.287118315696716,-4.952977538108826,-5.349302172660828,-5.1964660088221235,0.005505614796573937
sub-S0001113218253_ses-1,0,-0.16018682718276978,-0.4754513204097748,-0.2451581358909607,-0.2935987611611684,0.42712305991711197
sub-S0001113218367_ses-1,0,-3.236718326807022,-2.8035919070243835,-3.419309824705124,-3.153206686178843,0.04096511160609403
sub-S0001113222509_ses-1,0,-4.145113252103329,-3.2593060806393623,-4.3201857432723045,-3.9082016920049987,0.01968143668883091
sub-S0001113230703_ses-1,0,-2.5285335183143616,-2.733771860599518,-2.82908695936203,-2.697130779425303,0.0631428746471657
sub-S0001113233970_ses-1,0,-2.6589971780776978,-2.2950183749198914,-2.9713441729545593,-2.641786575317383,0.0664970476432406
sub-S0001113235430_ses-1,0,-1.6697226762771606,-2.308547278866172,-1.9454784989356995,-1.974582818026344,0.12189749825831163
sub-S0001113235546_ses-1,0,-0.43037283420562744,0.08769381046295166,-0.1575249433517456,-0.16673465569814047,0.4584126370652362
sub-S0001113236036_ses-1,0,-4.798345506191254,-4.356278359889984,-5.028496563434601,-4.727706809838613,0.008769156636693273
sub-S0001113238754_ses-1,0,-2.3726324141025543,-2.8698271811008453,-2.6488456577062607,-2.6304350843032203,0.06720517061003649
sub-S0001113238918_ses-1,0,-4.923848867416382,-5.283682107925415,-4.701277166604996,-4.9696027139822645,0.006897994172395031
sub-S0001113241920_ses-1,0,1.2693620920181274,1.357971429824829,1.2568058967590332,1.2947131395339966,0.7849438685339281
sub-S0001113242513_ses-1,0,-3.966875344514847,-3.660828098654747,-3.6846554279327393,-3.7707862903674445,0.02251532797441659
sub-S0001113243364_ses-1,0,-4.038030505180359,-4.398610889911652,-3.654703140258789,-4.030448178450267,0.017456231868312685
sub-S0001113245638_ses-1,0,-1.2260648012161255,-1.4254196882247925,-1.1602661609649658,-1.2705835501352947,0.21915737429330637
sub-S0001113251226_ses-1,0,-2.549607038497925,-2.390504479408264,-2.195350408554077,-2.378487308820089,0.08482792546961539
sub-S0001113251921_ses-1,0,-2.730012208223343,-3.1336828516214155,-3.326306626200676,-3.063333895348478,0.04464528938661531
sub-S0001113252429_ses-1,0,-3.094619631767273,-2.271853268146515,-3.066755712032318,-2.811076203982035,0.05672856518547766
sub-S0001113254429_ses-1,0,-3.052893966436386,-3.3902805149555206,-2.4812765568494797,-2.974817012747129,0.0485766107595874
sub-S0001113260570_ses-1,0,-1.880363404750824,-1.459816336631775,-0.6570203304290771,-1.3324000239372253,0.208762650220395
sub-S0001113264335_ses-1,0,-4.302042663097382,-4.08155819773674,-3.9917498230934143,-4.125116894642512,0.015904562019281466
sub-S0001113265996_ses-1,0,-2.506498157978058,-2.1484023332595825,-1.6331660151481628,-2.0960221687952676,0.10948404693015086
sub-S0001113269695_ses-1,0,-2.2946664094924927,-1.8637757301330566,-1.8146501779556274,-1.9910307725270588,0.12014785441269621
sub-S0001113275210_ses-1,0,-3.8820390701293945,-2.859677314758301,-3.0184359550476074,-3.2533841133117676,0.037205474218122855
sub-S0001113275564_ses-1,0,-3.0578441619873047,-3.5293916761875153,-3.131747156381607,-3.239660998185476,0.0377001871885378
sub-S0001113275725_ses-1,0,-3.9002307653427124,-2.3409948125481606,-3.5987812727689743,-3.2800022835532823,0.03626363656760731
sub-S0001113277404_ses-1,0,-1.6363306045532227,-1.7603178918361664,-1.8537806570529938,-1.750143051147461,0.14802915600969518
sub-S0001113280206_ses-1,0,-4.302456915378571,-4.546943485736847,-4.308707594871521,-4.3860359986623125,0.01229688724411092
sub-S0001113286301_ses-1,0,-2.2014489620923996,-1.8840235517709516,-1.9804794862866402,-2.021984000049997,0.11691399682712182
sub-S0001113286973_ses-1,0,-1.3737125396728516,-1.724305510520935,-1.055518388748169,-1.3845121463139851,0.20028530683684745
sub-S0001113288789_ses-1,0,-3.072014093399048,-2.889582395553589,-2.3679529428482056,-2.7765164772669473,0.05860645228375494
sub-S0001113292786_ses-1,0,-3.3532539904117584,-3.0792037583887577,-2.413838103413582,-2.948765284071366,0.04979490013297133
sub-S0001113293717_ses-1,0,-4.298691689968109,-4.024986162781715,-4.742668703198433,-4.355448851982753,0.012673984681568171
sub-S0001113294869_ses-1,0,-1.2853217720985413,-1.0991756916046143,-1.2021982371807098,-1.1955652336279552,0.23226507608970196
sub-S0001113300030_ses-1,0,-3.2481212615966797,-2.325157940387726,-3.047474980354309,-2.873584727446238,0.05347491906532347
sub-S0001113300317_ses-1,0,-1.0451939404010773,-1.6674036979675293,-0.6611805856227875,-1.1245927413304646,0.24516037128158216
sub-S0001113306917_ses-1,0,1.8119016289710999,1.2870299816131592,1.7009094059467316,1.5999470055103302,0.832010978292774
sub-S0001113309817_ses-1,0,0.8598683029413223,0.923527181148529,1.2995005697011948,1.0276320179303486,0.7364565556361389
sub-S0001113313343_ses-2,0,-4.623230814933777,-5.400346964597702,-4.8879289999604225,-4.970502259830634,0.006891834645440378
sub-S0001113314254_ses-1,0,-2.698846936225891,-2.9710057973861694,-1.862687349319458,-2.5108466943105063,0.07510127602329075
sub-S0001113314333_ses-1,1,2.8833541870117188,2.3069159984588623,2.3354204893112183,2.5085635582605996,0.9247399809658748
sub-S0001113316915_ses-1,0,0.31510597467422485,0.3233775198459625,0.6851010322570801,0.44119484225908917,0.6085437008821648
sub-S0001113318111_ses-1,0,-2.6209287643432617,-2.9018309712409973,-3.0305550694465637,-2.8511049350102744,0.054624229816708926
sub-S0001113318486_ses-1,0,-3.2243054807186127,-2.424092262983322,-2.7740395069122314,-2.8074790835380554,0.05692135586245736
sub-S0001113319294_ses-1,0,-2.8630594611167908,-2.1606350243091583,-2.9384409189224243,-2.654045134782791,0.0657401270783185
sub-S0001113326421_ses-1,0,-5.728469014167786,-5.57175600528717,-6.0863193571567535,-5.795514792203903,0.003031943816131216
sub-S0001113327228_ses-1,0,-2.0849326848983765,-2.6807478815317154,-2.6745743080973625,-2.480084958175818,0.07726614473356729
sub-S0001113332241_ses-1,0,-3.409068763256073,-3.9381156861782074,-3.5836464911699295,-3.6436103135347366,0.02549095012352309
sub-S0001113332385_ses-1,0,-2.0676642656326294,-1.901128739118576,-1.627197116613388,-1.8653300404548645,0.13408300108825996
sub-S0001113333305_ses-1,1,2.5250127613544464,2.4934458136558533,2.0781524777412415,2.365537017583847,0.9141612951684843
sub-S0001113334088_ses-2,1,2.605857253074646,3.245664119720459,3.0526475310325623,2.968056301275889,0.9511099746246916
sub-S0001113334987_ses-1,0,-4.2835202142596245,-4.188526599667966,-4.01409088820219,-4.162045900709927,0.015336778613658173
sub-S0001113337157_ses-1,0,-2.027387022972107,-1.9503811597824097,-2.2442570328712463,-2.0740084052085876,0.11164885204505856
sub-S0001113337898_ses-1,0,2.1309432983398438,2.695187568664551,2.5562437772750854,2.46079154809316,0.9213470428177061
sub-S0001113342213_ses-1,0,-3.2273351848125458,-2.9613372683525085,-3.222918152809143,-3.137196868658066,0.041598731828853555
sub-S0001113342329_ses-1,0,-3.6612510085105896,-3.488035005168058,-3.703278660774231,-3.6175215581509597,0.026147110737731554
sub-S0001113350663_ses-1,0,-2.9385831356048584,-3.4529694318771362,-3.8230847120285034,-3.404879093170166,0.03214332846967397
sub-S0001113352604_ses-1,0,-2.56972736120224,-2.686880525201559,-2.9525133967399597,-2.7363737610479197,0.06086083776232744
sub-S0001113353568_ses-1,0,-4.332519829273224,-4.340915858745575,-4.6462923884391785,-4.4399093588193255,0.011659461013876177
sub-S0001113356108_ses-1,0,0.1593247801065445,-0.43368960916996,0.5847389809787273,0.10345805063843727,0.5258414671115633
sub-S0001113358546_ses-1,0,-3.0699107944965363,-2.8720469176769257,-4.065257757902145,-3.3357384900252023,0.03436529273164192
sub-S0001113360223_ses-1,0,-1.3044079542160034,-1.797833651304245,-1.7013858556747437,-1.601209153731664,0.16781268679416816
sub-S0001113360378_ses-1,0,-1.0501291155815125,-0.8393673300743103,-0.5658260583877563,-0.818440834681193,0.3060947276088947
sub-S0001113361515_ses-1,0,-1.8810185492038727,-2.118385687470436,-2.036481261253357,-2.0119618326425552,0.11795271595940279
sub-S0001113361705_ses-1,0,-2.919532358646393,-2.6739677786827087,-2.7312313318252563,-2.774910489718119,0.05869512024009544
sub-S0001113363696_ses-1,0,0.5678412020206451,-0.3862513876520097,-0.45386407524347305,-0.09075808695827921,0.47732603996559525
sub-S0001113364699_ses-1,0,-3.02429336309433,-2.2304341048002243,-2.672665297985077,-2.6424642552932105,0.06645499288607913
sub-S0001113365342_ses-1,0,-1.3357583433389664,-1.725250855088234,-0.939813643693924,-1.3336076140403748,0.20856324966620407
sub-S0001113365647_ses-1,0,-1.2013366222381592,-0.6382829697104171,-1.4307713061571121,-1.0901302993685629,0.2515937429663339
sub-S0001113365927_ses-1,0,-0.5136220455169678,-0.9509900808334351,-0.4854946732521057,-0.6500355998675028,0.3429815150225609
sub-S0001113366350_ses-1,0,-2.438567101955414,-3.599182426929474,-1.537519484758377,-2.5250896712144217,0.07411791131819453
sub-S0001113369009_ses-1,1,3.638436496257782,4.4630138874053955,4.529099106788635,4.210183163483937,0.9853734619266986
sub-S0001113369261_ses-1,0,-2.925847291946411,-2.5690633356571198,-3.773752346634865,-3.089554324746132,0.04354019107767462
sub-S0001113371508_ses-1,0,9.440694749355316,10.321729302406311,9.874084085226059,9.878836045662561,0.9999487547328366
sub-S0001113371940_ses-1,0,-2.8268332481384277,-2.484920382499695,-2.6075726747512817,-2.6397754351298013,0.06662199844749561
sub-S0001113372316_ses-1,0,0.8090960830450058,0.21989047154784203,0.7995632290840149,0.6095165945589542,0.6478305228798386
sub-S0001113374666_ses-1,0,0.5819099545478821,0.722282886505127,1.5446214079856873,0.9496047496795654,0.7210356830440767
sub-S0001113375870_ses-1,0,-0.35982853174209595,-0.20646798610687256,-0.9011939167976379,-0.48916347821553546,0.38009065060169545
sub-S0001113379950_ses-1,0,-6.6913842856884,-6.43653467297554,-6.610908329486847,-6.5796090960502625,0.001386466957140512
sub-S0001113385425_ses-1,0,-2.5105776488780975,-3.1055823266506195,-2.8356325328350067,-2.8172641694545746,0.05639835127417752
sub-S0001113386507_ses-1,0,-3.0207781344652176,-3.403309269808233,-2.712457912042737,-3.0455151054387293,0.04541149458974045
sub-S0001113388993_ses-1,0,-5.276161953806877,-4.912645702192094,-5.723891794681549,-5.30423315022684,0.004945924640601035
sub-S0001113389368_ses-1,0,-3.5498894453048706,-2.2640585899353027,-3.3157719373703003,-3.0432399908701577,0.045510221257235674
sub-S0001113389753_ses-5,0,-5.372797667980194,-5.193809688091278,-5.549867749214172,-5.372158368428548,0.00462262887713051
sub-S0001113391313_ses-1,0,-2.67375248670578,-2.1936236023902893,-2.4522897228598595,-2.4398886039853096,0.08018112748021089
sub-S0001113392610_ses-1,0,-2.7685521841049194,-2.2466930150985718,-2.563220977783203,-2.526155392328898,0.07404480998208197
sub-S0001113393166_ses-1,0,-6.600141942501068,-6.826743349432945,-5.438141539692879,-6.288342277208964,0.0018543920161580105
sub-S0001113393886_ses-1,1,-1.1297273635864258,-0.7118805646896362,-1.0260965824127197,-0.9559015035629272,0.27769953207710973
sub-S0001113394343_ses-1,0,-3.8372451961040497,-3.8977989554405212,-2.7318288385868073,-3.488957663377126,0.029628056914044573
sub-S0001113394494_ses-1,0,-1.4119302667677402,-1.1426173578947783,-1.5017940700054169,-1.352113898222645,0.20552499018494222
sub-S0001113397327_ses-1,0,-1.3050945401191711,-0.7206451892852783,-0.5349754602648318,-0.8535717298897604,0.29868414282387096
sub-S0001113397392_ses-1,0,-2.7408639788627625,-2.3667243123054504,-2.6069643795490265,-2.5715175569057465,0.07099414998030605
sub-S0001113401060_ses-1,0,-2.5308985114097595,-2.397912919521332,-2.768718659877777,-2.5658433636029563,0.0713692978172297
sub-S0001113401238_ses-1,1,2.2062962651252747,2.390405386686325,2.0871405750513077,2.2279474089543023,0.9027312750122785
sub-S0001113401442_ses-1,0,-4.439092397689819,-4.851888597011566,-4.381648920476437,-4.557543305059274,0.010378940452505217
sub-S0001113402648_ses-1,0,-3.7749659419059753,-3.7103418111801147,-2.999673455953598,-3.494993736346563,0.029455010236164994
sub-S0001113403848_ses-1,1,1.158670961856842,1.3638149499893188,1.2459958791732788,1.25616059700648,0.7783644679376254
sub-S0001113404226_ses-1,0,-6.135731339454651,-5.642273843288422,-5.916703104972839,-5.898236095905304,0.0027367707324323395
sub-S0001113407451_ses-1,0,-2.6140576899051666,-2.4703728556632996,-1.2484895884990692,-2.110973378022512,0.10803483304292828
sub-S0001113408813_ses-1,0,-1.8175597190856934,-1.724691092967987,-1.460565447807312,-1.667605419953664,0.15874369971784025
sub-S0001113411929_ses-1,0,-6.040061324834824,-5.6860960349440575,-5.301820129156113,-5.675992496311665,0.0034155597083533875
sub-S0001113413494_ses-1,0,-1.7491007447242737,-1.2062057256698608,-1.3129560053348541,-1.4227541585763295,0.19423018147696194
sub-S0001113418421_ses-1,0,-2.8624332547187805,-2.6066251397132874,-1.6669471859931946,-2.3786685268084207,0.08481385818624262
sub-S0001113418521_ses-1,0,-8.795909769833088,-13.595655429409817,-8.815696522593498,-10.402420573945468,3.035798638040077e-05
sub-S0001113418625_ses-1,0,-4.224069982767105,-4.207655839622021,-4.932420805096626,-4.454715542495251,0.011490069562627065
sub-S0001113419312_ses-1,0,-3.124065935611725,-3.2844375371932983,-2.9758006930351257,-3.128101388613383,0.04196286866414656
sub-S0001113423458_ses-1,0,-4.249437004327774,-5.073265627026558,-3.6067773699760437,-4.3098266671101255,0.013257748773350255
sub-S0001113423661_ses-1,0,-1.6040536761283875,-0.8533028960227966,-1.0433953404426575,-1.1669173041979473,0.23741264796313857
sub-S0001113429924_ses-1,0,-3.7983970046043396,-3.4068350940942764,-3.875604510307312,-3.693612203001976,0.02427787957457915
sub-S0001113430254_ses-1,0,-4.5894553661346436,-5.19691127538681,-3.4680336117744446,-4.4181334177653,0.011913083480423466
sub-S0001113430739_ses-1,0,-5.032155930995941,-5.28328821528703,-5.326553359627724,-5.2139991686368985,0.005410443016072856
sub-S0001113431484_ses-1,0,-4.287257969379425,-4.088754236698151,-4.515975669026375,-4.297329291701317,0.013422237644414477
sub-S0001113433971_ses-1,0,-5.206314533948898,-5.2262376472353935,-5.159193903207779,-5.197248694797357,0.005501331011892132
sub-S0001113438628_ses-1,0,-2.41606605052948,-2.386829435825348,-2.9581371545791626,-2.5870108803113303,0.06997907088636
sub-S0001113444126_ses-1,0,-3.539006680250168,-3.9456678330898285,-3.698562204837799,-3.7277455727259317,0.023482308198182696
sub-S0001113445019_ses-1,0,-1.9753987193107605,-0.8018443584442139,-0.45389431715011597,-1.0770457983016968,0.25406547889702863
sub-S0001113446885_ses-1,0,1.2266681790351868,1.3256455957889557,1.2698216438293457,1.2740451395511627,0.781434422657734
sub-S0001113451230_ses-1,0,-1.9865839779376984,-1.1210805177688599,-1.9357312321662903,-1.6811319092909496,0.1569456436072939
sub-S0001113452157_ses-1,0,0.9645038917660713,0.8156774594099261,0.8495653569698334,0.8765822360486103,0.7061134761319605
sub-S0001113452289_ses-1,0,-3.609798491001129,-3.0173287987709045,-3.957912340760231,-3.528346543510755,0.028516357993168033
sub-S0001113454745_ses-1,0,-2.9716665744781494,-3.1482794880867004,-3.523143455386162,-3.214363172650337,0.03862877451654151
sub-S0001113467167_ses-1,0,-5.957780539989471,-5.944144830107689,-6.242999587208033,-6.048308319101731,0.002356288921630272
sub-S0001113467808_ses-1,0,-2.1984761357307434,-2.5137927532196045,-2.4317729622125626,-2.38134728372097,0.08460616294124651
sub-S0001113469297_ses-1,0,1.6525092720985413,1.5181088149547577,1.7204789817333221,1.6303656895955403,0.8362197284265471
sub-S0001113469340_ses-1,0,-4.907288193702698,-4.837756633758545,-3.525959014892578,-4.423667947451274,0.011848111312537964
sub-S0001113470085_ses-1,0,-3.8353475630283356,-3.7744041085243225,-3.773176610469818,-3.7943094273408255,0.022003395251420435
sub-S0001113470121_ses-1,0,-0.244510218501091,0.9867654396803118,-0.2730749323964119,0.15639342959426963,0.5390188599181845
sub-S0001113471414_ses-2,0,-2.20998752117157,-1.5152010917663574,-2.6326669454574585,-2.1192851861317954,0.10723648528368024
sub-S0001113472028_ses-1,0,-3.928045406937599,-3.767095420509577,-3.7724032402038574,-3.822514689217011,0.021404552594785894
sub-S0001113476141_ses-1,0,-3.1890997886657715,-2.9712568521499634,-3.553241729736328,-3.2378661235173545,0.037765357295474235
sub-S0001113476948_ses-1,0,-5.176474034786224,-4.768721103668213,-5.364962309598923,-5.103385816017787,0.006039442517443423
sub-S0001113477102_ses-1,0,-3.7275073677301407,-3.3183192060678266,-3.4437961229123175,-3.496540898903428,0.029410813046574134
sub-S0001113478359_ses-1,0,-1.1986597180366516,-1.8113329261541367,-1.0469016656279564,-1.3522981032729149,0.20549491399272804
sub-S0001113479029_ses-1,0,-2.3590158224105835,-1.8491113781929016,-2.3035253286361694,-2.170550843079885,0.10242638047422978
sub-S0001113480001_ses-1,1,2.890394151210785,3.486027240753174,2.4967415928840637,2.957720994949341,0.9506271381834964
sub-S0001113486544_ses-1,1,1.8365851640701294,2.6473664045333862,2.0096294283866882,2.1645269989967346,0.8970184882954063
sub-S0001113492839_ses-1,0,-1.681726098060608,-2.0733542740345,-2.0691333413124084,-1.9414045711358388,0.1254936307843604
sub-S0001113493934_ses-1,0,-4.259985506534576,-4.487337648868561,-4.35871946811676,-4.368680874506633,0.012509470924929732
sub-S0001113498601_ses-1,0,-2.327956438064575,-2.053404748439789,-2.2657428979873657,-2.2157013614972434,0.09834933597066728
sub-S0001113501040_ses-1,0,-4.087421894073486,-4.5330632627010345,-3.4854307174682617,-4.035305291414261,0.01737311999628888
sub-S0001113502021_ses-1,0,-6.078921318054199,-5.639264192432165,-5.400914005935192,-5.706366505473852,0.003313713809305939
sub-S0001113505039_ses-1,0,-2.2165756225585938,-2.4323506355285645,-2.335477650165558,-2.3281346360842385,0.08881951254288384
sub-S0001113506934_ses-1,0,-2.0570332407951355,-1.5879888534545898,-1.4412275850772858,-1.6954165597756703,0.15506483723314035
sub-S0001113509131_ses-1,0,0.7186277657747269,0.29301297664642334,0.35583066940307617,0.4558238039414088,0.6120229999885164
sub-S0001113512488_ses-1,0,-3.6474692821502686,-3.4946778416633606,-3.3098922967910767,-3.4840131402015686,0.029770544219770937
sub-S0001113512628_ses-1,0,-3.1189438104629517,-2.667798414826393,-3.051233232021332,-2.945991819103559,0.04992629162358779
sub-S0001113514548_ses-1,0,-1.9266176223754883,-1.4471243619918823,-1.9833914041519165,-1.785711129506429,0.14359935689398884
sub-S0001113514560_ses-1,0,-3.0208371579647064,-2.8662575781345367,-3.0001111328601837,-2.962401956319809,0.04915362289701899
sub-S0001113514725_ses-1,0,-2.9384308457374573,-2.6738046407699585,-2.910647004842758,-2.840960830450058,0.05515044858205267
sub-S0001113515734_ses-1,0,-0.13691484928131104,0.3719838075339794,0.2261364758014679,0.15373514468471208,0.5383582677238589
sub-S0001113516117_ses-1,0,-1.9482024908065796,-2.2946581840515137,-1.8400182723999023,-2.027626315752665,0.11633271328016678
sub-S0001113518234_ses-1,0,-1.4908832907676697,-0.6845699548721313,-1.0554769039154053,-1.076976716518402,0.25407857123729893
sub-S0001113518789_ses-2,0,-6.072849586606026,-6.780529861280229,-6.387889206409454,-6.41375621809857,0.001636175563903813
sub-S0001113520857_ses-1,0,0.4583454579114914,0.6114846244454384,0.84764364361763,0.6391579086581866,0.6545630799093378
sub-S0001113521488_ses-1,0,-1.3953542709350586,-0.5973027944564819,-0.8673977553844452,-0.9533516069253286,0.27821128653167815
sub-S0001113524560_ses-1,0,-2.0746419429779053,-1.2854024171829224,-0.8961179852485657,-1.418720781803131,0.19486220298085108
sub-S0001113525433_ses-1,0,-4.273612052202225,-4.112598806619644,-4.289593877270818,-4.225268245364229,0.014410707169926767
sub-S0001113529738_ses-1,0,-3.3223786652088165,-3.624810604378581,-3.5235022082924843,-3.4902304926266274,0.029591484674659108
sub-S0001113531308_ses-1,1,0.04028600454330444,0.6465148627758026,0.2638232111930847,0.3168746928373973,0.5785624025919001
sub-S0001113532165_ses-1,0,-1.3809895515441895,-1.1972622871398926,-1.739713430404663,-1.439321756362915,0.19165040044725892
sub-S0001113535372_ses-1,0,-5.256235510110855,-5.114903025329113,-4.894373953342438,-5.088504162927468,0.00612943647977284
sub-S0001113536396_ses-1,0,-6.042246520519257,-5.381499290466309,-5.900717467069626,-5.774821092685063,0.0030951434159707113
sub-S0001113537481_ses-1,0,-1.8592391610145569,-1.4989041611552238,-1.957996241748333,-1.772046521306038,0.145288008613731
sub-S0001113538424_ses-1,0,-2.507314145565033,-2.390836611390114,-2.7337606251239777,-2.5439704606930413,0.07283260094046695
sub-S0001113542540_ses-1,0,-6.090003997087479,-6.125509624311235,-5.531066834926605,-5.915526818775106,0.0026899829431531815
sub-S0001113543319_ses-1,0,-0.37275421619415283,0.2780072093009949,0.08539882302284241,-0.003116061290105184,0.4992209853078158
sub-S0001113544318_ses-1,0,-2.5658808946609497,-2.435184419155121,-2.3184657096862793,-2.4398436745007834,0.08018444118719145
sub-S0001113552131_ses-1,0,0.034626513719558716,-0.29445236921310425,0.6356430351734161,0.12527239322662354,0.5312772057855255
sub-S0001113559253_ses-1,0,-1.242738276720047,-1.0088874250650406,-1.0470875799655914,-1.099571093916893,0.24982026711183145
sub-S0001113559394_ses-1,0,-6.847655773162842,-10.178226470947266,-6.077600479125977,-7.701160907745361,0.00045209731289677516
sub-S0001113561637_ses-1,0,-3.140624701976776,-3.860792636871338,-3.7174231708049774,-3.5729468365510306,0.02730643152043147
sub-S0001113564629_ses-1,0,-5.3265990018844604,-4.304000616073608,-5.439706206321716,-5.023435274759929,0.006538839432563356
sub-S0001113568062_ses-1,0,-4.2202980518341064,-4.686226986348629,-5.020964860916138,-4.642496633032958,0.009541694949759089
sub-S0001113568825_ses-1,0,-0.658490851521492,-0.9411924527375959,0.3787354826927185,-0.4069826071887898,0.39963585554941616
sub-S0001113568968_ses-2,0,-0.9332424402236938,-0.5174694061279297,-0.5174155235290527,-0.6560424566268921,0.3416291782859805
sub-S0001113572283_ses-1,0,-4.500062435865402,-3.6014503687620163,-3.7495912835001945,-3.950368029375871,0.018884142053798982
sub-S0001113576192_ses-1,0,-2.7692791223526,-1.924224317073822,-2.397101581096649,-2.363535006841024,0.08599593377322633
sub-S0001113576868_ses-1,0,-0.20189020037651062,-0.9105311892926693,-0.23722660541534424,-0.4498826650281747,0.3893886638537735
sub-S0001113578395_ses-1,0,0.11728498339653015,0.4871944785118103,0.36177536845207214,0.3220849434534709,0.5798322846395353
sub-S0001113578490_ses-1,0,-1.100480079650879,-1.221731960773468,0.5443974286317825,-0.5926048705975214,0.3560373994892877
sub-S0001113583968_ses-1,0,0.13277117908000946,-0.5069003393873572,-0.21456041187047958,-0.19622985739260912,0.4510993497172225
sub-S0001113584603_ses-2,0,-3.646695554256439,-4.046606786549091,-3.420848548412323,-3.704716963072618,0.024016209896223408
sub-S0001113591598_ses-1,0,-5.295837640762329,-6.117900609970093,-4.961707673966885,-5.458481974899769,0.004241946884021765
sub-S0001113592740_ses-1,0,1.039839506149292,1.6420535445213318,1.3348793983459473,1.3389241496721904,0.7923129625737242
sub-S0001113594750_ses-1,0,-5.51226943731308,-5.259809970855713,-4.436938852071762,-5.069672753413518,0.006245228387501881
sub-S0001113597217_ses-1,0,-4.998849794268608,-4.862543433904648,-4.753170989453793,-4.871521405875683,0.007603444550975256
sub-S0001113600594_ses-1,0,-2.1652034521102905,-2.2879787385463715,-2.7797377705574036,-2.4109733204046884,0.08233974422175638
sub-S0001113602414_ses-1,0,-1.5106592774391174,-1.2690045684576035,-1.670381173491478,-1.4833483397960663,0.18492220496275188
sub-S0001113603866_ses-1,0,-3.293533504009247,-3.805707350373268,-2.7808708548545837,-3.2933705697456994,0.03579931926341229
sub-S0001113609532_ses-1,0,-4.649889826774597,-4.189983643591404,-4.131679945625365,-4.323851138663788,0.013075527787081303
sub-S0001113611162_ses-1,0,-0.8577583134174347,-1.504983901977539,-0.9840042367577553,-1.1155821507175763,0.24683166843642873
sub-S0001113612514_ses-1,0,-1.0941270589828491,-1.1873618960380554,-1.5038320571184158,-1.2617736707131069,0.22066871579613423
sub-S0001113617562_ses-1,0,-2.056444674730301,-2.252855472266674,-2.2417570054531097,-2.1836857174833617,0.10122511332819588
sub-S0001113617986_ses-1,0,-3.1266381964087486,-2.6628429032862186,-3.4660203643143177,-3.0851671546697617,0.04372325864254447
sub-S0001113619078_ses-1,0,-5.029600620269775,-4.624527931213379,-4.435979187488556,-4.696702579657237,0.009042799140478688
sub-S0001113620011_ses-1,0,0.11302328109741211,0.04646521806716919,-0.6828746199607849,-0.1744620402654012,0.4564947813710779
sub-S0001113621891_ses-1,0,-3.8217320442199707,-3.0682209730148315,-2.6911813020706177,-3.193711439768473,0.0394030594581851
sub-S0001113622126_ses-1,0,-2.7498419284820557,-1.9110743999481201,-2.499117374420166,-2.386677900950114,0.08419423063003445
sub-S0001113622825_ses-1,0,-1.5482366681098938,-1.3390621542930603,-1.2249543368816376,-1.370751053094864,0.20249852960622208
sub-S0001113623137_ses-1,0,-2.4109233021736145,-2.206800103187561,-2.9898125529289246,-2.535845319430033,0.07338318351725549
sub-S0001113623529_ses-1,0,-1.5273769795894623,-1.6656119674444199,-1.5956346467137337,-1.5962078645825386,0.1685122856012044
sub-S0001113623922_ses-1,0,-4.416743129491806,-4.255811221897602,-4.1177679896354675,-4.263440780341625,0.013878471420434534
sub-S0001113624385_ses-1,0,-6.78965562582016,-6.6928979605436325,-7.431177929975092,-6.971243838779628,0.000937604927670806
sub-S0001113624620_ses-1,0,-2.69708389043808,-2.2938442528247833,-2.1902530640363693,-2.3937270690997443,0.08365229127142876
sub-S0001113625221_ses-1,0,-0.5160851329565048,-1.4461758732795715,-0.1970267966389656,-0.7197626009583473,0.3274452619616959
sub-S0001113625640_ses-1,0,-5.125208795070648,-4.925320357084274,-5.214340806007385,-5.088289986054103,0.006130741354709256
sub-S0001113628353_ses-1,0,-3.6807520389556885,-4.0444663763046265,-3.668568715453148,-3.797929043571154,0.02192563845680425
sub-S0001113630465_ses-2,1,0.9368529319763184,0.04607041925191879,0.820282289525494,0.6010685469179103,0.6459007348545269
sub-S0001113631289_ses-1,0,-1.7762283459305763,-2.23042238218477,-1.7634863406419754,-1.9233790229191072,0.1274852349643245
sub-S0001113631474_ses-1,1,8.458608031272888,10.077596187591553,10.894973278045654,9.810392498970032,0.9999451247085689
sub-S0001113633474_ses-1,0,-2.0490416884422302,-1.8234049677848816,-1.945867896080017,-1.9394381841023762,0.12570959085756822
sub-S0001113639474_ses-1,0,-2.2229051291942596,-2.615506410598755,-1.710867315530777,-2.183092951774597,0.10127905506560993
sub-S0001113641132_ses-1,0,-2.8841477036476135,-2.410428313538432,-2.1616951003670692,-2.4854237058510384,0.07688637091351999
sub-S0001113642531_ses-1,1,2.450838714838028,2.405375599861145,2.9660323783755302,2.6074155643582344,0.9313373105868947
sub-S0001113643083_ses-1,0,-4.5720087587833405,-4.6197270200937055,-4.846259325742722,-4.6793317015399225,0.009199795016231681
sub-S0001113643274_ses-1,0,-1.9362584352493286,-1.7317222356796265,-1.9554110169410706,-1.8744638959566753,0.13302605698115624
sub-S0001113644484_ses-1,0,-2.721490800380707,-2.7477425932884216,-2.20496666431427,-2.5580666859944663,0.07188642387575664
sub-S0001113648256_ses-1,0,-1.9962978959083557,-2.0941065549850464,-2.3975777626037598,-2.1626607378323874,0.10315403782448546
sub-S0001113649284_ses-1,0,-2.6907164454460144,-2.3166887313127518,-2.952319111675024,-2.65324142947793,0.06578950657391627
sub-S0001113657634_ses-1,0,-4.132386744022369,-3.5905300602316856,-4.1460681557655334,-3.9563283200065293,0.018774028669043912
sub-S0001113658399_ses-1,0,-3.4327704906463623,-3.711722254753113,-3.127666860818863,-3.424053202072779,0.031552140854558604
sub-S0001113658728_ses-1,1,1.2427111268043518,1.4853686690330505,1.2666665986180305,1.3315821314851444,0.7911022174639759
sub-S0001113659125_ses-1,0,-3.8901646733283997,-4.003067314624786,-3.3061080500483513,-3.7331133460005126,0.023359534712490224
sub-S0001113661070_ses-1,0,-2.014170467853546,-2.186470687389374,-2.4119799733161926,-2.2042070428530374,0.09937333092765462
sub-S0001113661946_ses-1,0,-2.130721628665924,-2.508724331855774,-1.0362439155578613,-1.891896625359853,0.1310283686350923
sub-S0001113662116_ses-1,0,3.1068020462989807,3.482854176312685,3.7757352590560913,3.455130493889252,0.9693837751475026
sub-S0001113663234_ses-1,0,-1.4180814027786255,-1.6784106538980268,-1.897103413939476,-1.6645318235387094,0.15915459115419023
sub-S0001113672069_ses-1,0,-2.5502541065216064,-2.271461546421051,-3.363527238368988,-2.728414297103882,0.06131736852814996
sub-S0001113675264_ses-1,0,-4.422402501106262,-4.708203196525574,-4.43500155210495,-4.521869083245595,0.010751831855894938
sub-S0001113677246_ses-1,0,-0.44464564323425293,-0.7281638383865356,-1.0016573071479797,-0.7248222629229227,0.32633197295461214
sub-S0001113679934_ses-1,0,-0.6622498035430908,-0.7449815273284912,-0.8214567303657532,-0.7428960204124451,0.3223711887185308
sub-S0001113680645_ses-1,0,-2.485617518424988,-2.3804408609867096,-1.712681606411934,-2.1929133286078772,0.10038868206554352
sub-S0001113681357_ses-1,0,-2.128683865070343,-2.389323741197586,-2.140343189239502,-2.2194502651691437,0.09801739560700687
sub-S0001113681715_ses-1,0,-2.5631552040576935,-2.4139317902736366,-3.219447687268257,-2.7321782271998623,0.06110108331696372
sub-S0001113683514_ses-1,0,-1.5904688239097595,-1.0111664533615112,-1.549057126045227,-1.3835641344388325,0.20043719408908398
sub-S0001113688374_ses-1,0,-2.745956301689148,-2.1571401357650757,-3.395743042230606,-2.7662798265616098,0.05917378454950076
sub-S0001113689399_ses-1,0,-2.0878507494926453,-1.7654378414154053,-1.7890180349349976,-1.880768875281016,0.13230058390279287
sub-S0001113691279_ses-1,0,-1.9109412357211113,-2.117964416742325,-2.1368922367691994,-2.055265963077545,0.1135213654688646
sub-S0001113693010_ses-1,0,-4.7988002598285675,-4.618821352720261,-5.405864894390106,-4.941162168979645,0.007095581279949128
sub-S0001113693437_ses-1,0,-0.6822448968887329,-1.0726340413093567,-1.018252199399285,-0.9243770458657915,0.2840668811218057
sub-S0001113694297_ses-1,0,-3.479275554418564,-2.9906803369522095,-3.5060722827911377,-3.325342724720637,0.034711944016155356
sub-S0001113695542_ses-1,0,-4.01371031999588,-3.336160182952881,-3.303735077381134,-3.551201860109965,0.027889970313088017
sub-S0001113696671_ses-1,0,0.21988606452941895,0.32876357436180115,0.386522501707077,0.31172404686609906,0.5773060255374043
sub-S0001113698322_ses-1,0,-5.567666113376617,-5.400502920150757,-5.342823028564453,-5.436997354030609,0.004333670342180231
sub-S0001113701770_ses-1,0,-5.681035406887531,-4.367026691266801,-5.308926798868924,-5.118996299007752,0.0059464522260857305
sub-S0001113703658_ses-1,0,-4.698539972305298,-4.048385918140411,-4.475269317626953,-4.4073984026908875,0.012040111439495151
sub-S0001113703887_ses-1,0,-2.1791772842407227,-2.1590351462364197,-2.8711357712745667,-2.40311606725057,0.08293538921009513
sub-S0001113708441_ses-1,0,-2.9377639293670654,-1.9025693535804749,-3.0631743669509888,-2.6345025499661765,0.06695063516660661
sub-S0001113715072_ses-1,0,-5.395798280835152,-5.214055120944977,-4.507652208209038,-5.039168536663055,0.006437424311199975
sub-S0001113715073_ses-1,0,-2.7508479356765747,-1.8629541443078779,-3.3854906260967255,-2.6664309020270593,0.06498349286957714
sub-S0001113716186_ses-1,0,-2.5347805321216583,-2.414467543363571,-2.4911905601620674,-2.4801462118824324,0.07726177769701545
sub-S0001113718840_ses-1,0,-3.9907331466674805,-4.151316598057747,-4.002703458070755,-4.0482510675986605,0.01715349412123923
sub-S0001113724098_ses-1,0,-8.627780623733997,-12.84465028392151,-8.468547195196152,-9.980326034283886,4.6299826916543355e-05
sub-S0001113726035_ses-1,0,-2.9900180101394653,-3.450888757535722,-2.555111289024353,-2.9986726855665133,0.047485872843565174
sub-S0001113728525_ses-1,0,-2.3307907804846764,-2.0982619002461433,-1.7306890934705734,-2.053247258067131,0.11372467491415418
sub-S0001113728562_ses-1,0,-6.213290691375732,-9.742913246154785,-5.619068384170532,-7.191757440567017,0.000752198788604661
sub-S0001113729608_ses-1,0,-2.4717897176742554,-2.007885120809078,-2.292425110936165,-2.2573666498064995,0.09471592422771642
sub-S0001113729935_ses-1,0,-3.285608649253845,-3.468868315219879,-3.183586895465851,-3.312687953313192,0.035138473519752064
sub-S0001113736422_ses-1,0,-2.8536830246448517,-3.3671527481637895,-3.429693356156349,-3.21684304298833,0.0385367858779512
sub-S0001113736809_ses-1,0,-2.747986853122711,-2.160529911518097,-2.5993196964263916,-2.5026121536890664,0.0756752611036522
sub-S0001113739072_ses-1,0,-3.020196259021759,-2.9002808332443237,-3.2750657498836517,-3.065180947383245,0.0445665749877838
sub-S0001113743357_ses-1,0,-2.645240068435669,-3.0625635385513306,-2.5289226174354553,-2.745575408140818,0.060337021429722984
sub-S0001113745680_ses-1,0,-1.2393758296966553,-1.3665437698364258,-1.5742116272449493,-1.3933770755926769,0.19886917320864714
sub-S0001113745777_ses-1,0,-0.278356209397316,-0.6325346277444623,-0.642606109380722,-0.5178323155075001,0.373359250363987
sub-S0001113746190_ses-1,0,-2.6880478262901306,-3.5535084009170532,-2.7533914260566235,-2.998315884421269,0.047502013909505016
sub-S0001113746322_ses-1,1,-1.5337075591087341,-0.6675217151641846,-0.616448700428009,-0.939225991566976,0.2810567151909397
sub-S0001113746667_ses-1,0,-0.7389562726020813,-1.0711936950683594,-0.7756576389074326,-0.8619358688592911,0.29693504591308373
sub-S0001113747643_ses-1,0,-3.2853929549455643,-3.235458259412553,-3.4265062510967255,-3.315785821818281,0.035033595242702706
sub-S0001113750165_ses-1,0,-1.5946738123893738,-1.9215808808803558,-2.6530521512031555,-2.056435614824295,0.11340371162325912
sub-S0001113751735_ses-1,0,-1.4078662991523743,-1.2503148317337036,-0.23825309425592422,-0.9654780750473341,0.27578273468236136
sub-S0001113751885_ses-1,0,-2.161728948354721,-2.6356714963912964,-2.1094377152621746,-2.3022793866693974,0.09093435905447891
sub-S0001113758680_ses-1,0,-3.229796528816223,-3.287297308444977,-2.9731245040893555,-3.1634061137835183,0.040566277742169254
sub-S0001113758954_ses-1,0,-3.898622512817383,-3.054878681898117,-4.027337491512299,-3.660279562075933,0.025080125641951233
sub-S0001113760859_ses-1,0,-0.5372070074081421,-0.5883581936359406,-0.48782670497894287,-0.5377973020076752,0.368700134564752
sub-S0001113761494_ses-1,0,-0.7063455283641815,-1.255139877088368,-1.6936283111572266,-1.2183712388699253,0.22822320928499062
sub-S0001113761495_ses-1,0,-2.2214024662971497,-2.3907463550567627,-1.4982112646102905,-2.036786695321401,0.1153943361605318
sub-S0001113763137_ses-1,0,-5.047452300786972,-4.473183199763298,-4.235793024301529,-4.5854761749506,0.010095924924620117
sub-S0001113763715_ses-1,0,-5.2543333768844604,-4.8724976778030396,-5.047169029712677,-5.058000028133392,0.006318091067013013
sub-S0001113764682_ses-1,0,-4.557728886604309,-4.516019344329834,-3.991608202457428,-4.355118811130524,0.012678115264163637
sub-S0001113768440_ses-1,0,-4.624814808368683,-5.073651671409607,-4.974873244762421,-4.89111324151357,0.007457028913484348
sub-S0001113768514_ses-1,0,-0.18649780750274658,-0.10168004035949707,-0.4709863066673279,-0.25305471817652386,0.4370717722191082
sub-S0001113768974_ses-1,0,-4.526249289512634,-4.5638385862112045,-5.3836720287799835,-4.824586634834607,0.007965907234932524
sub-S0001113771092_ses-1,0,-2.3123021721839905,-1.9033676385879517,-1.87869793176651,-2.031455914179484,0.11593961087198895
sub-S0001113773108_ses-1,0,-4.114589810371399,-3.2692134380340576,-3.836077034473419,-3.7399600942929587,0.023203842608216788
sub-S0001113775699_ses-1,0,-3.4166035056114197,-3.223974585533142,-3.1384142637252808,-3.2596641182899475,0.036981169380808504
sub-S0001113778198_ses-1,0,-1.9346341788768768,-1.7484539821743965,-2.2147590704262257,-1.9659490771591663,0.12282466182396544
sub-S0001113778980_ses-1,0,-1.6727503538131714,-1.3647371530532837,-1.5779706239700317,-1.5384860436121623,0.1767554672732357
sub-S0001113779612_ses-1,0,-2.1310782432556152,-2.2596503496170044,-0.7751419544219971,-1.7219568490982056,0.1516192808105615
sub-S0001113787858_ses-1,0,-2.5222781896591187,-2.348483294248581,-2.1770430244505405,-2.349268169452747,0.08712395980972311
sub-S0001113794800_ses-1,0,-4.465690612792969,-3.558843493461609,-4.201068162918091,-4.075200756390889,0.016705005661291555
sub-S0001113795550_ses-1,0,-2.2865875363349915,-3.3030279874801636,-2.0686064809560776,-2.5527406682570777,0.07224258045168465
sub-S0001113798450_ses-1,0,-2.448826849460602,-2.9273862838745117,-2.1519565731287003,-2.5093899021546044,0.07520252902816547
sub-S0001113799462_ses-1,0,-0.6111919283866882,-0.6880971193313599,-1.0853701829910278,-0.7948864102363586,0.3111204265707754
sub-S0001113800989_ses-1,0,-3.983850419521332,-4.028530329465866,-4.2635484635829926,-4.0919764041900635,0.016431672220070827
sub-S0001113801375_ses-1,0,-5.716051667928696,-5.961552262306213,-5.593937523663044,-5.757180484632651,0.0031500545430474154
sub-S0001113809252_ses-1,1,1.9670327305793762,1.2619774043560028,2.574432611465454,1.9344809154669445,0.8737445604756312
sub-S0001113809402_ses-1,0,-2.916146904230118,-3.108204547315836,-2.754845827817917,-2.92639909312129,0.05086388412594977
sub-S0001113810795_ses-1,0,-4.13640271127224,-4.970828972756863,-3.552995949983597,-4.220075878004233,0.014484640811497073
sub-S0001113810961_ses-1,1,1.0543529093265533,1.033744215965271,1.277841329574585,1.1219794849554698,0.7543557059526838
sub-S0001113811611_ses-1,0,-2.2319788336753845,-1.926505446434021,-1.512739360332489,-1.890407880147298,0.13119797020021484
sub-S0001113816938_ses-1,0,-1.6177848279476166,-1.821270376443863,-1.5795099586248398,-1.672855054338773,0.15804389710468486
sub-S0001113820456_ses-1,0,-0.04451984167098999,-0.5040086507797241,0.28310105204582214,-0.08847581346829732,0.47789546422147416
sub-S0001113821798_ses-1,0,-1.2261727452278137,-1.0336183905601501,-0.8908087015151978,-1.0501999457677205,0.25918670759079915
sub-S0001113822616_ses-2,0,-5.273369327187538,-4.93086265027523,-5.056717675179243,-5.0869832175473375,0.006138708839111128
sub-S0001113825044_ses-3,0,-5.348862707614899,-3.8279934525489807,-4.706697352230549,-4.6278511707981425,0.00968110297665756
sub-S0001113828125_ses-1,0,-0.9750465750694275,-2.6491203010082245,-1.3415066599845886,-1.655224512020747,0.16040409143914702
sub-S0001113830791_ses-1,0,-2.6948875784873962,-2.421024739742279,-3.0161421969532967,-2.710684838394324,0.06234580454433871
sub-S0001113835402_ses-1,0,-3.1412176191806793,-2.5778353810310364,-3.726914830505848,-3.148655943572521,0.04114427044457772
sub-S0001113836030_ses-1,0,-3.0457422137260437,-3.1279444098472595,-3.318201243877411,-3.1639626224835715,0.04054462359619846
sub-S0001113841543_ses-1,0,1.989771530032158,2.0269026570022106,1.7749352883547544,1.9305364917963743,0.8733087895129863
sub-S0001113843439_ses-1,0,-1.9089441299438477,-1.8855068683624268,-1.8669284582138062,-1.8871264855066936,0.13157245303193218
sub-S0001113845777_ses-1,0,-3.1090149879455566,-3.53865247964859,-4.0570714473724365,-3.568246304988861,0.027431559145698236
sub-S0001113847077_ses-1,0,-3.7779377698898315,-3.2299068570137024,-4.06834489107132,-3.6920631726582847,0.024314600777129484
sub-S0001113847665_ses-1,0,-3.8123241662979126,-3.1526131629943848,-3.326570987701416,-3.430502772331238,0.03135565820659437
sub-S0001113849105_ses-1,0,-2.176946759223938,-2.3417999148368835,-1.7469210624694824,-2.088555912176768,0.11021411197345723
sub-S0001113852531_ses-1,0,-3.8607022762298584,-5.1585992620675825,-3.497399777173996,-4.172233771823812,0.01518368310983373
sub-S0001113855605_ses-1,0,1.3853018879890442,1.6349362300243229,1.290070801973343,1.43676963999557,0.8079539131783668
sub-S0001113855762_ses-1,0,-3.945684850215912,-3.1807650923728943,-2.973328948020935,-3.3665929635365806,0.033355988682394554
sub-S0001113859604_ses-1,0,-2.4901170134544373,-2.777630366384983,-2.7681788504123688,-2.6786420767505965,0.0642454637240264
sub-S0001113870103_ses-1,0,-5.338116407394409,-3.757717017957475,-4.687647454440594,-4.594493626597493,0.01000620151574681
sub-S0001113875052_ses-1,0,-2.939600706100464,-2.867066442966461,-3.3318150602281094,-3.0461607364316783,0.04538351515694612
sub-S0001113875858_ses-1,0,-2.6977865248918533,-3.1157216746360064,-2.478179469704628,-2.7638958897441626,0.059306643229183754
sub-S0001113876870_ses-1,0,-1.8856783360242844,-2.05178964138031,-1.7016685754060745,-1.879712184270223,0.1324219361475393
sub-S0001113878491_ses-1,0,-1.9568719826638699,-1.4262217171490192,-1.7505511790513992,-1.7112149596214294,0.15300619631999066
sub-S0001113881006_ses-1,0,-2.649402916431427,-2.969503730535507,-2.943814903497696,-2.8542405168215432,0.054462532988646915
sub-S0001113881131_ses-1,0,0.9561108946800232,1.7419779002666473,1.5729764103889465,1.423688401778539,0.8059159903188826
sub-S0001113881607_ses-1,0,-1.8057160377502441,-1.599924921989441,-1.5329036116600037,-1.6461815237998962,0.161625695606362
sub-S0001113885276_ses-1,0,-2.230183482170105,-2.033259391784668,-0.9397170543670654,-1.734386642773946,0.15002733965988946
sub-S0001113886057_ses-1,0,-8.609296672046185,-12.994337959215045,-8.248625153675675,-9.950753261645636,4.768942168831983e-05
sub-S0001113886624_ses-1,0,-3.6050127148628235,-2.84105184674263,-3.771889805793762,-3.405984789133072,0.03210894790792051
sub-S0001113889679_ses-1,0,0.3827125281095505,-0.18139538168907166,-0.04621237516403198,0.05170159041881561,0.5129225191831518
sub-S0001113891644_ses-1,0,-5.685308754444122,-6.008683229796588,-5.386684872210026,-5.693558952150245,0.003356283960859759
sub-S0001113891952_ses-1,0,-1.7492554187774658,-1.7037460803985596,-2.314761519432068,-1.9225876728693645,0.1275732849580613
sub-S0001113892732_ses-1,0,-0.7831113338470459,-0.8884900510311127,-0.9953401386737823,-0.888980507850647,0.2913202596208658
sub-S0001113893297_ses-1,0,-4.427896559238434,-4.181502461433411,-3.7500281929969788,-4.119809071222941,0.015987851802057543
sub-S0001113896069_ses-1,0,-1.2059969305992126,-1.0278053879737854,-0.9672881960868835,-1.067030171553294,0.25596827356798807
sub-S0001113898311_ses-1,0,-3.5409750938415527,-3.1403881311416626,-3.860458493232727,-3.5139405727386475,0.0289181713666367
sub-S0001113900009_ses-1,0,-1.7713815122842789,-1.5380293130874634,-1.3449158440344036,-1.551442223135382,0.1748780639381338
sub-S0001113902843_ses-1,0,-4.226131454110146,-3.9437610507011414,-3.727418929338455,-3.965770478049914,0.018600877398666494
sub-S0001113903046_ses-1,0,-5.226516395807266,-4.618440330028534,-3.414483692497015,-4.419813472777605,0.011893323488930262
sub-S0001113906780_ses-1,0,-4.789231300354004,-3.6071035861968994,-4.405685305595398,-4.267340064048767,0.013825207402462462
sub-S0001113906807_ses-1,0,1.8564773499965668,2.193545311689377,1.5198899060487747,1.8566375225782394,0.8649045423114292
sub-S0001113907176_ses-1,0,-1.0252845883369446,-1.7291150093078613,-0.27576079964637756,-1.010053465763728,0.2669693875554578
sub-S0001113912210_ses-1,0,-3.1308129727840424,-2.5487073705880903,-2.184814438223839,-2.6214449271986573,0.06777094886552366
sub-S0001113912683_ses-1,0,-6.481876701116562,-6.24246371909976,-6.3239466547966,-6.349429025004308,0.0017446954875709555
sub-S0001113915191_ses-1,0,-2.984311521053314,-3.0028927624225616,-3.3995309472084045,-3.1289117435614267,0.04193030287492545
sub-S0001113915784_ses-1,0,-2.233095407485962,-2.2008020281791687,-2.9504975080490112,-2.461464981238047,0.0786041695704302
sub-S0001113916027_ses-1,0,-3.5811810940504074,-3.5967170046060346,-3.298464834690094,-3.4921209777821787,0.029537246077310102
sub-S0001113916795_ses-1,0,-5.029873609542847,-5.5142166605219245,-5.120737597346306,-5.221609289137025,0.005369645417420554
sub-S0001113918435_ses-1,0,-4.4383193254470825,-4.522046960890293,-4.757716286927462,-4.572694191088279,0.010224471235777091
sub-S0001113918471_ses-1,0,-3.844366669654846,-3.3312790393829346,-3.2408372163772583,-3.472160975138346,0.030114799812330843
sub-S0001113918549_ses-1,0,-2.21056866645813,-2.196491003036499,-1.8353404998779297,-2.0808000564575195,0.11097700768106313
sub-S0001113919491_ses-1,0,-6.226088732481003,-5.63588635250926,-6.389367684721947,-6.083780923237403,0.002274357075735887
sub-S0001113920561_ses-1,0,1.95108962059021,2.4944076538085938,1.8136962056159973,2.0863978266716003,0.8895740730436961
sub-S0001113920666_ses-1,0,-2.452623724937439,-1.752593219280243,-2.2221089005470276,-2.1424419482549033,0.10503960952442047
sub-S0001113921055_ses-1,0,-3.3717082738876343,-3.227692127227783,-3.1810340881347656,-3.260144829750061,0.036964053343173986
sub-S0001113924535_ses-1,0,-3.527921497821808,-3.3636298030614853,-4.022773429751396,-3.6381082435448966,0.025627985356611937
sub-S0001113929916_ses-1,0,-4.55554986000061,-4.271116495132446,-5.405938267707825,-4.7442015409469604,0.00862693577005739
sub-S0001113932959_ses-1,0,-3.254105992615223,-2.1732695568352938,-2.4839664548635483,-2.6371140014380217,0.06678768673835178
sub-S0001113933383_ses-1,0,-4.136285126209259,-4.178622782230377,-3.8259546011686325,-4.046954169869423,0.017175372543821493
sub-S0001113935673_ses-1,1,4.89317524433136,5.607609748840332,5.595315456390381,5.365366816520691,0.9953460160556444
sub-S0001113939031_ses-1,1,2.792082339525223,2.6823402997106314,2.878909893333912,2.7844441775232553,0.9418294052511378
sub-S0001113939092_ses-1,0,-1.706793338060379,-2.3928896486759186,-1.4419642388820648,-1.8472157418727875,0.1362001323485621
sub-S0001113940940_ses-2,1,7.296135425567627,7.386857032775879,6.169940233230591,6.950977563858032,0.9990432178243234
sub-S0001113943308_ses-1,0,-1.3000763058662415,-1.1976882815361023,-1.5975754857063293,-1.365113357702891,0.2034105044134198
sub-S0001113950951_ses-1,0,-4.4947338700294495,-3.389216660987586,-3.8258112370967865,-3.9032539227046072,0.019777126546602936
sub-S0001113952330_ses-1,0,-2.4236146211624146,-1.9316944479942322,-1.869270384311676,-2.0748598178227744,0.11156443397688694
sub-S0001113953169_ses-1,0,-2.5686174035072327,-2.0155080556869507,-2.079836905002594,-2.2213207880655923,0.09785214700588207
sub-S0001113953924_ses-1,0,-1.6626939177513123,-1.5664556324481964,-1.9540835320949554,-1.7277443607648213,0.15087632818129984
sub-S0001113969256_ses-1,0,-5.363468199968338,-4.783575888723135,-4.345039688050747,-4.830694592247407,0.007917784172338129
sub-S0001113975543_ses-1,0,-0.5067275166511536,-0.36649203300476074,-0.28688928484916687,-0.38670294483502704,0.4045112509319005
sub-S0001113975626_ses-1,0,-2.4052547812461853,-2.4224042892456055,-2.774236500263214,-2.5339651902516684,0.07351113130245225
sub-S0001113976645_ses-1,0,-4.060918927192688,-4.170268774032593,-4.614600479602814,-4.2819293936093645,0.013627699863935243
sub-S0001113978799_ses-1,0,-5.837772518396378,-5.897440195083618,-4.870694182813168,-5.535302298764388,0.003929513887589816
sub-S0001113979236_ses-1,0,-2.190171957015991,-2.284522831439972,-2.2298269867897034,-2.2348405917485556,0.09666512973177711
sub-S0001113984025_ses-1,0,-3.457560122013092,-4.520579546689987,-3.5768161565065384,-3.8516519417365394,0.020802667951771384
sub-S0001113984138_ses-1,0,-8.28749005496502,-12.670339528471231,-8.195717215538025,-9.717848932991425,6.019573047337869e-05
sub-S0001113993796_ses-1,0,-2.1694003343582153,-2.7230557203292847,-2.334813043475151,-2.4090896993875504,0.08248218247368592
sub-S0001113996136_ses-1,0,-1.373279094696045,-1.00261390209198,-1.1729332208633423,-1.1829420725504558,0.2345236161691241
sub-S0001113998934_ses-1,0,-1.8949595093727112,-1.3436927199363708,-1.3411847352981567,-1.5266123215357463,0.1784898843783898
sub-S0001114009148_ses-2,0,-2.4294464588165283,-2.136240631341934,-2.60904161632061,-2.3915762354930243,0.08381731023988112
sub-S0001114014441_ses-1,0,-1.1077435314655304,-0.9940378963947296,-1.592149019241333,-1.2313101490338643,0.2259522012728402
sub-S0001114014584_ses-1,0,-0.6318733096122742,0.1590961217880249,-0.7810856699943542,-0.4179542859395345,0.39700637502386504
sub-S0001114026677_ses-1,0,-4.0657839179039,-3.737903255969286,-4.291702771559358,-4.031796648477514,0.01743311861187959
sub-S0001114035969_ses-1,0,-5.906875312328339,-5.002943143248558,-5.732531249523163,-5.54744990170002,0.003882252665728814
sub-S0001114042300_ses-1,0,-3.6688958406448364,-4.168499454855919,-3.7464771270751953,-3.8612908075253167,0.020607229284559016
sub-S0001114047793_ses-1,0,-1.9741103649139404,-1.8243823945522308,-2.0910505764186382,-1.9631811119616032,0.12312319044963287
sub-S0001114047906_ses-1,0,-2.1979557275772095,-1.9819782359991223,-1.705646316288039,-1.9618600932881236,0.12326588375924893
sub-S0001114053187_ses-1,0,2.0202287286520004,2.1855027228593826,2.4311011284589767,2.2122775266567865,0.9013466316995393
sub-S0001114064523_ses-1,0,-0.5198606550693512,-0.8451921939849854,-0.5671303272247314,-0.6440610587596893,0.34432910934351546
sub-S0001114066310_ses-1,0,-3.331776976585388,-3.6651843786239624,-4.026241183280945,-3.6744008461634317,0.024737150385436793
sub-S0001114067683_ses-1,0,-1.3139196634292603,-0.9753104448318481,-1.5080984234809875,-1.2657761772473652,0.2199811582273101
sub-S0001114068766_ses-1,0,-6.3484567403793335,-6.762436658143997,-6.280037999153137,-6.46364379922549,0.0015566772623111771
sub-S0001114069890_ses-1,0,0.7770059108734131,-1.1047056913375854,1.182995855808258,0.2850986917813619,0.5707957903612026
sub-S0001114069910_ses-1,0,-1.871853306889534,-1.482432789169252,-1.9267109632492065,-1.7603323531026642,0.14674871980920273
sub-S0001114071176_ses-2,0,-3.000379592180252,-2.348622828722,-3.1252836287021637,-2.8247620165348053,0.05600065862964023
sub-S0001114073490_ses-2,0,-3.230641782283783,-2.6094082593917847,-3.2363215684890747,-3.025457203388214,0.0462889618259642
sub-S0001114076869_ses-1,0,-0.14156900346279144,-0.5905181244015694,-0.3104638084769249,-0.3475169787804286,0.4139846764798206
sub-S0001114079572_ses-1,0,-1.1756478399038315,-0.9446004079072736,-1.3930478990077972,-1.1710987156063009,0.23665644368490785
sub-S0001114080707_ses-1,0,-2.9059467911720276,-1.7287319898605347,-2.821607768535614,-2.4854288498560586,0.07688600581929451
sub-S0001114080991_ses-1,0,-3.054770767688751,-3.169533371925354,-3.3897629380226135,-3.2046890258789062,0.03898964725615199
sub-S0001114090081_ses-1,0,-2.1277611702680588,-2.400836213491857,-1.8252899646759033,-2.1179624494786062,0.10736318569181276
sub-S0001114090590_ses-1,0,0.31549662351608276,-0.011366128921508789,0.26783207058906555,0.1906541883945465,0.5475196930376409
sub-S0001114093555_ses-1,0,-4.180808424949646,-3.6339210271835327,-3.0758044719696045,-3.6301779747009277,0.02582676034977065
sub-S0001114093855_ses-1,0,-4.0900216698646545,-3.354482889175415,-3.7431273460388184,-3.729210635026296,0.023448736459987993
sub-S0001114096536_ses-1,0,-1.2743507623672485,-1.5458304286003113,-0.5778822302818298,-1.1326878070831299,0.24366541678242662
sub-S0001114102759_ses-1,0,1.9677246809005737,1.899398922920227,2.036341432482004,1.9678216787676017,0.8773769475038906
sub-S0001114104989_ses-1,0,-0.47141826152801514,-0.7041304707527161,-0.7217833995819092,-0.6324440439542135,0.3469565649973581
sub-S0001114107255_ses-1,0,-1.8654549717903137,-1.1337239146232605,-1.538369059562683,-1.5125159819920857,0.18056622403329547
sub-S0001114109940_ses-1,0,0.558115765452385,0.8347000777721405,-0.054347679018974304,0.4461560547351837,0.6097249137946514
sub-S0001114110393_ses-1,0,-5.1994127333164215,-5.020248919725418,-3.9042029082775116,-4.707954853773117,0.008942522235431774
sub-S0001114110665_ses-1,0,-1.425892487168312,-0.8142189085483551,-0.8325047716498375,-1.0242053891221683,0.2642090515708951
sub-S0001114114585_ses-1,0,-1.0015432834625244,-1.4410445764660835,-0.760363444685936,-1.0676504348715146,0.25585016322062976
sub-S0001114119353_ses-1,0,2.727340579032898,2.634144365787506,2.834059000015259,2.7318479816118875,0.9388799684934382
sub-S0001114121889_ses-1,0,-3.978953540325165,-2.8939892053604126,-4.202481418848038,-3.6918080548445382,0.024320653773852154
sub-S0001114124779_ses-1,0,1.4308189153671265,1.2254157066345215,0.6107759773731232,1.0890035331249237,0.7481940339592102
sub-S0001114126841_ses-1,0,-0.3606361150741577,-0.9336698651313782,-0.31600339710712433,-0.5367697924375534,0.3689393302964286
sub-S0001114129371_ses-1,0,-1.9328667521476746,-1.2456231266260147,-2.4374111890792847,-1.871967022617658,0.13331428564638295
sub-S0001114130966_ses-1,0,-1.8186489343643188,-3.3126196563243866,-2.1471193432807922,-2.426129311323166,0.08120178403411216
sub-S0001114131939_ses-1,0,-5.462558150291443,-4.585150718688965,-4.888100028038025,-4.978602965672811,0.006836611574484661
sub-S0001114137420_ses-1,0,1.229933500289917,-0.09848976135253906,0.30771514773368835,0.4797196288903554,0.6176816670291848
sub-S0001114137484_ses-1,0,-5.3675327599048615,-5.517665214836597,-5.21136262267828,-5.365520199139913,0.004653273480290018
sub-S0001114145801_ses-1,0,-3.415226936340332,-1.8234983682632446,-3.5309269428253174,-2.9232174158096313,0.05101770484525082
sub-S0001114146964_ses-1,1,-0.556288480758667,-0.1578083038330078,0.9495495557785034,0.0784842570622762,0.5196109986813754
sub-S0001114146992_ses-1,0,-4.144384682178497,-4.24692964553833,-4.2744510769844055,-4.221921801567078,0.014458314157444682
sub-S0001114149928_ses-1,0,-3.3142093122005463,-2.9714345782995224,-3.4660322722047567,-3.2505587209016085,0.03730681568501467
sub-S0001114151108_ses-3,0,-5.09977000951767,-4.553165093064308,-4.079428017139435,-4.577454373240471,0.010176410659009155
sub-S0001114151480_ses-1,0,-3.4937039613723755,-4.089679126569536,-3.3911367654800415,-3.658173284473984,0.025131678022941716
sub-S0001114152311_ses-1,1,0.6959949731826782,0.7884769141674042,0.34917351230978966,0.6112151332199574,0.6482179405409381
sub-S0001114152725_ses-1,0,-3.5193645656108856,-4.00230061635375,-3.5686057657003403,-3.696756982554992,0.024203495919230874
sub-S0001114153946_ses-1,0,-1.0964671969413757,-0.9636110663414001,-1.3115709349513054,-1.123883066078027,0.24529172523732357
sub-S0001114155976_ses-1,0,-7.988856732845306,-12.697866678237915,-7.699880421161652,-9.462201277414957,7.772924330546077e-05
sub-S0001114159070_ses-1,0,-5.184963524341583,-4.7995085418224335,-4.616579823195934,-4.867017296453317,0.007637506389014964
sub-S0001114161012_ses-2,0,-4.691726744174957,-5.436821460723877,-4.094170540571213,-4.740906248490016,0.008655164480402754
sub-S0001114161309_ses-1,0,-2.422234296798706,-2.079309046268463,-3.013883888721466,-2.505142410596212,0.07549846330138976
sub-S0001114161559_ses-1,1,0.07262736558914185,1.5308493673801422,1.1286980211734772,0.910724918047587,0.7131484804991254
sub-S0001114161805_ses-1,0,0.343036413192749,0.47857463359832764,0.35378503799438477,0.3917986949284871,0.5967156233907578
sub-S0001114163765_ses-1,1,3.1744935512542725,3.1499331407248974,3.4988529086112976,3.2744265335301557,0.9635409942017085
sub-S0001114166046_ses-1,0,-1.2891058921813965,-0.9699033498764038,-0.574033260345459,-0.9443475008010864,0.2800230047582978
sub-S0001114166980_ses-1,0,-5.118414968252182,-4.14642995595932,-4.071882203221321,-4.445575709144275,0.011594345081091742
sub-S0001114169250_ses-1,1,-0.4059317708015442,0.3369521498680115,-0.19746458530426025,-0.08881473541259766,0.4778108999705609
sub-S0001114169483_ses-1,1,-1.1822763681411743,-0.2736639976501465,-1.3837718963623047,-0.9465707540512085,0.2795749936911497
sub-S0001114172482_ses-1,0,-3.3421028405427933,-4.066472892591264,-3.8887183219194412,-3.765764685017833,0.022626110808827263
sub-S0001114172525_ses-1,0,-3.5825125575065613,-3.099499136209488,-3.513793170452118,-3.398601621389389,0.03233919607517217
sub-S0001114174867_ses-1,1,1.5754587352275848,1.221951000392437,1.2073619663715363,1.3349239006638527,0.7916539393376762
sub-S0001114177000_ses-1,0,-2.3759928345680237,-2.182405322790146,-2.2974201440811157,-2.2852727671464286,0.09235003084167825
sub-S0001114179011_ses-1,0,-2.3450746536254883,-2.714213013648987,-1.7690028548240662,-2.276096840699514,0.0931220531683267
sub-S0001114183735_ses-1,0,-3.4948115944862366,-4.202771440148354,-3.0681814700365067,-3.588588168223699,0.02689404281650309
sub-S0001114186025_ses-1,1,2.7793275117874146,3.774909257888794,3.169869303703308,3.2413686911265054,0.9623617171176002
sub-S0001114187350_ses-1,0,-1.5154067277908325,-0.356566846370697,-0.3472687005996704,-0.7397474249204,0.3230593774461181
sub-S0001114187370_ses-1,0,-5.060345500707626,-4.844874083995819,-4.730772078037262,-4.8786638875802355,0.007549739117912418
sub-S0001114187672_ses-1,0,-2.7376289665699005,-2.4844263941049576,-3.176811397075653,-2.7996222525835037,0.057344592070852636
sub-S0001114191013_ses-1,0,-4.4566391706466675,-3.9308751225471497,-4.222342073917389,-4.203285455703735,0.014726285548906792
sub-S0001114196838_ses-1,0,-5.249170422554016,-4.784589469432831,-4.838573932647705,-4.957444608211517,0.0069817835047476665
sub-S0001114198397_ses-1,0,-1.8198018074035645,-1.813250094652176,-1.8422876000404358,-1.825113167365392,0.13882146382842347
sub-S0001114199692_ses-1,0,-1.7644808292388916,-2.0057480335235596,-1.114325612783432,-1.628184825181961,0.16407917373315803
sub-S0001114200598_ses-1,0,-1.5237976908683777,-1.3969765901565552,-1.2783021926879883,-1.3996921579043071,0.19786496587711233
sub-S0001114201600_ses-1,0,-1.1123417615890503,-1.4158031940460205,-1.3363457918167114,-1.2881635824839275,0.21616380573347388
sub-S0001114209295_ses-1,0,-4.737372875213623,-4.008914053440094,-4.879780888557434,-4.54202260573705,0.010539574414327691
sub-S0001114211225_ses-2,0,-1.1160823106765747,-0.34576845169067383,-0.3676936626434326,-0.609848141670227,0.3520938396355516
sub-S0001114212147_ses-1,0,-4.206329941749573,-3.8522833585739136,-4.042144775390625,-4.033586025238037,0.017402494462488333
sub-S0001114213934_ses-1,0,-3.216482698917389,-1.8931865692138672,-2.127213478088379,-2.412294248739878,0.08223999004346287
sub-S0001114214580_ses-1,0,-3.313253939151764,-2.9740394204854965,-2.7505670189857483,-3.0126201262076697,0.046858983369321296
sub-S0001114214742_ses-1,0,0.8236832469701767,1.9941325187683105,1.720217227935791,1.5126776645580928,0.8194576976171546
sub-S0001114217358_ses-1,0,-2.9260656535625458,-2.023798882961273,-2.9657230898737907,-2.6385292087992034,0.06669953503868378
sub-S0001114220132_ses-1,0,-0.77257239818573,0.2169904112815857,-0.06402593851089478,-0.20653597513834634,0.4485487730331071
sub-S0001114222601_ses-1,0,-4.9711615443229675,-4.816613212227821,-4.819341942667961,-4.869038899739583,0.007622199545218084
sub-S0001114226487_ses-1,0,-3.4528260231018066,-3.2637124061584473,-2.877997636795044,-3.198178688685099,0.03923431951918391
sub-S0001114228133_ses-1,0,-3.2147428393363953,-3.2367754355072975,-3.2495210031047463,-3.2336797593161464,0.03791778087930084
sub-S0001114237485_ses-1,0,-3.1738513112068176,-3.508705198764801,-3.719694435596466,-3.467416981856028,0.03025367118950749
sub-S0001114239300_ses-1,0,-1.1962568759918213,-1.2033620649017394,-1.250023953616619,-1.2165476315033932,0.2285445738852244
sub-S0001114244645_ses-1,0,-6.476044714450836,-7.024785280227661,-6.762053459882736,-6.7542944848537445,0.0011645044260376516
sub-S0001114244692_ses-1,0,-4.953479915857315,-4.0025288462638855,-4.714708626270294,-4.556905796130498,0.010385490490012401
sub-S0001114245980_ses-1,0,1.4044544696807861,1.4825305044651031,1.8244032263755798,1.5704627335071564,0.8278495645808117
sub-S0001114246892_ses-1,0,-1.5113587379455566,-2.463282611221075,-2.151221200823784,-2.0419541833301387,0.11486789426775981
sub-S0001114249101_ses-1,0,-6.011664271354675,-6.338057219982147,-6.390719107585028,-6.24681353297395,0.0019328720460685014
sub-S0001114249812_ses-1,0,0.17690236866474152,-0.20898232609033585,0.10973082482814789,0.025883622467517853,0.50647054436939
sub-S0001114250065_ses-1,0,-2.988986372947693,-2.086318403482437,-1.7752745151519775,-2.283526430527369,0.09249651564564755
sub-S0001114255383_ses-1,1,1.5235902070999146,1.4789292514324188,1.515139400959015,1.505886286497116,0.81845075435356
sub-S0001114256231_ses-1,0,-0.14600834250450134,0.7349492013454437,0.14307809621095657,0.244006318350633,0.5607007059900669
sub-S0001114256253_ses-1,0,-3.8682387471199036,-3.862539768218994,-3.7886653766036034,-3.8398146306475005,0.021045165710260664
sub-S0001114266378_ses-1,0,-0.7128289341926575,-1.3052553534507751,-0.9961961507797241,-1.0047601461410522,0.26800654983954286
sub-S0001114267713_ses-1,0,-0.24982792139053345,0.4831722676753998,-0.3982667922973633,-0.054974148670832314,0.48625992304717774
sub-S0001114273744_ses-1,0,-2.9784423112869263,-2.6177765130996704,-1.5472825467586517,-2.3811671237150827,0.08462011701044805
sub-S0001114278257_ses-1,1,1.336175262928009,0.7967620491981506,0.9744755625724792,1.035804291566213,0.7380396303864291
sub-S0001114278352_ses-1,0,-2.931279420852661,-3.950194835662842,-2.692904571071267,-3.19145960919559,0.03948838073552982
sub-S0001114281356_ses-1,0,-5.310367822647095,-4.989063858985901,-5.904068619012833,-5.401166766881943,0.004491053664413178
sub-S0001114286797_ses-1,0,-3.5549737215042114,-2.462849736213684,-3.190617024898529,-3.0694801608721414,0.044383870794829236
sub-S0001114287643_ses-1,0,2.859502851963043,3.0291783213615417,2.5551247596740723,2.8146019776662192,0.9434598059027904
sub-S0001114292043_ses-1,0,-13.014935076236725,-11.089903593063354,-8.660095665603876,-10.921644778301319,1.8062676127411946e-05
sub-S0001114296268_ses-1,0,-7.3528008460998535,-11.582162857055664,-6.880686283111572,-8.60521666208903,0.00018311433968782746
sub-S0001114299827_ses-1,0,-3.810982644557953,-5.005172878503799,-3.5956425070762634,-4.137266010046005,0.015715522966977966
sub-S0001114301143_ses-1,0,-2.2517969608306885,-2.185987114906311,-2.1459985971450806,-2.194594224294027,0.10023698097461387
sub-S0001114304406_ses-1,0,-2.151072919368744,-1.685234010219574,-2.1160848140716553,-1.984130581219991,0.12087920383734585
sub-S0001114307387_ses-1,0,-4.903332471847534,-4.542029142379761,-5.2235100865364075,-4.889623900254567,0.007468060246253828
sub-S0001114309949_ses-1,0,-2.073472738265991,-2.051052468828857,-1.9925492405891418,-2.0390248158946633,0.11516606879330699
sub-S0001114312270_ses-1,0,-4.059865802526474,-4.487581840250641,-4.133697479963303,-4.227048374246806,0.01438544577344957
sub-S0001114314243_ses-1,0,-3.557509183883667,-3.0396858155727386,-3.213663637638092,-3.2702862123648324,0.03660473370614012
sub-S0001114315183_ses-1,0,-3.7016179114580154,-2.7520207212655805,-3.458650439977646,-3.3040963575670808,0.03543092716255657
sub-S0001114317022_ses-1,0,-2.571021154522896,-2.2763532446115278,-2.325432136654854,-2.3909355119297593,0.08386652578576304
sub-S0001114319221_ses-1,0,-3.770748645067215,-3.554580573865678,-3.679138623178005,-3.6681559473702996,0.024888257957696273
sub-S0001114319721_ses-1,0,-3.152657352387905,-1.982385457959026,-2.5390518456697464,-2.558031552005559,0.07188876800739764
sub-S0001114320710_ses-1,0,-6.481473326683044,-6.563582748174667,-6.324828412383795,-6.4566281624138355,0.0015676195632379638
sub-S0001114322096_ses-1,0,-5.920913934707642,-5.128885924816132,-6.177522242069244,-5.742440700531006,0.0031966800220653946
sub-S0001114326341_ses-2,0,-5.591939628124237,-4.844416392967105,-4.220412900671363,-4.885589640587568,0.007498022837155958
sub-S0001114336927_ses-1,0,-3.795472949743271,-2.830523371696472,-2.4575580060482025,-3.0278514424959817,0.04618337978622834
sub-S0001114341604_ses-1,0,-3.6754282116889954,-2.8490044474601746,-3.372068852186203,-3.298833837111791,0.03561121719103711
sub-S0001114343193_ses-1,0,0.47728633880615234,0.05248865485191345,0.036723196506500244,0.18883273005485535,0.5470684025897204
sub-S0001114344658_ses-1,0,-5.913473717868328,-6.027956847974565,-5.716242745518684,-5.885891103787192,0.0027706713582223742
sub-S0001114346077_ses-1,0,-4.62652400135994,-4.160468940564897,-4.8542360961437225,-4.547076346022853,0.01048700168138558
sub-S0001114347907_ses-1,0,-4.063535511493683,-4.027051094919443,-3.3200577795505524,-3.8035481286545596,0.02180546086606959
sub-S0001114351866_ses-1,0,-2.4881078004837036,-2.447747115918901,-2.0577304884791374,-2.3311951349605806,0.08857213600794277
sub-S0001114352474_ses-1,0,-3.0677661299705505,-3.3144088983535767,-2.9803556203842163,-3.120843549569448,0.04225562013621846
sub-S0001114354662_ses-1,0,-6.447832465171814,-6.248059123754501,-6.248002290725708,-6.314631293217341,0.0018063640058567385
sub-S0001114359809_ses-1,0,-4.009062647819519,-3.703887462615967,-4.296036601066589,-4.002995570500691,0.01793337640660798
sub-S0001114360156_ses-1,0,0.285351924598217,-0.08890785276889801,1.586331456899643,0.5942585095763206,0.6443416478834524
sub-S0001114372247_ses-1,0,0.8238170146942139,0.04153239727020264,1.0318547040224075,0.632401371995608,0.6530337664249669
sub-S0001114372429_ses-1,0,-2.1937100887298584,-2.3887889981269836,-1.1751257181167603,-1.9192082683245342,0.12794988069825047
sub-S0001114377479_ses-3,1,5.369746446609497,5.980559349060059,5.799392461776733,5.71656608581543,0.9967198025979939
sub-S0001114378268_ses-3,0,-5.669216573238373,-5.800783996412065,-5.224064573645592,-5.5646883810986765,0.003816155272103049
sub-S0001114378497_ses-1,0,1.5656945705413818,1.9283885955810547,1.2583454847335815,1.5841428836186726,0.8297904513568558
sub-S0001114381737_ses-1,0,-2.286217540502548,-1.5716626029461622,-1.823270820081234,-1.8937169878433149,0.13082124145727272
sub-S0001114383106_ses-1,0,1.5728349685668945,1.0995866060256958,1.5780502930283546,1.4168239558736484,0.8048400299885515
sub-S0001114385896_ses-1,0,-2.8880708515644073,-3.181292176246643,-2.8380527645349503,-2.969138597448667,0.048839723393774785
sub-S0001114389100_ses-1,0,-1.5828821063041687,-1.000827968120575,-1.4081224501132965,-1.33061084151268,0.20905834281518473
sub-S0001114399702_ses-1,0,-4.818686246871948,-4.842952489852905,-4.822941362857819,-4.828193366527557,0.007937455734320588
sub-S0001114400993_ses-1,0,2.6169244050979614,1.9468547701835632,1.8468378782272339,2.136872351169586,0.8944356603878564
sub-S0001114401950_ses-1,0,-0.847684919834137,-1.81181138753891,-0.6463791131973267,-1.1019584735234578,0.249373115342542
sub-S0001114402985_ses-1,0,1.0725740641355515,0.954122256487608,0.22908134013414383,0.7519258869191011,0.6795981954050724
sub-S0001114407634_ses-1,0,-0.11517632007598877,-0.13582181930541992,0.560889407992363,0.10329708953698476,0.5258013341561882
sub-S0001114411343_ses-1,0,-1.451690912246704,-1.6660996228456497,-1.5732003897428513,-1.563663641611735,0.17312156669695425
sub-S0001114412920_ses-1,0,-3.2146466970443726,-3.6880120635032654,-3.7544131577014923,-3.5523573060830436,0.027858660806108996
sub-S0001114413751_ses-1,0,-5.415073104202747,-4.783141374588013,-4.748158797621727,-4.982124425470829,0.006812742788601059
sub-S0001114414086_ses-1,0,-2.0132672786712646,-2.092586636543274,-1.4744667410850525,-1.860106885433197,0.13469059407119746
sub-S0001114415535_ses-1,0,-2.5149749517440796,-2.6611661314964294,-2.614541709423065,-2.5968942642211914,0.06933856788075257
sub-S0001114416728_ses-1,0,-2.4538367986679077,-2.674178272485733,-2.3031898736953735,-2.4770683149496713,0.07748149405146822
sub-S0001114422758_ses-1,0,-5.17566055059433,-4.706809937953949,-4.934415400028229,-4.938961962858836,0.007111099069580338
sub-S0001114422939_ses-1,0,-2.589041769504547,-3.6928000450134277,-2.253726214170456,-2.8451893428961434,0.054930519574354277
sub-S0001114423938_ses-1,0,-2.91743004322052,-2.779679473489523,-3.1542145758867264,-2.950441364198923,0.04971565559972559
sub-S0001114424187_ses-1,1,3.6614532470703125,3.696268141269684,3.3340253233909607,3.563915570576986,0.9724526641293331
sub-S0001114425297_ses-1,0,-2.318051278591156,-2.6651556491851807,-1.784126297570765,-2.2557777417823672,0.09485225261817466
sub-S0001114425468_ses-1,0,-4.489735245704651,-4.20137557387352,-4.4068843126297,-4.365998377402623,0.012542651138503334
sub-S0001114429880_ses-1,0,1.506870597600937,1.5924501419067383,1.3017362169921398,1.4670189854999383,0.8126038636110041
sub-S0001114431014_ses-1,0,-1.672167807817459,-1.0416648760437965,-0.6728653963655233,-1.128899360075593,0.2443642772956856
sub-S0001114433780_ses-1,0,-1.9612447023391724,-2.1146780848503113,-1.3977243304252625,-1.8245490392049153,0.13888891912897672
sub-S0001114434302_ses-1,0,-0.1903010904788971,-1.1525686122477055,-0.624690979719162,-0.6558535608152548,0.3416716657540371
sub-S0001114436002_ses-1,0,-3.9209627509117126,-3.293939232826233,-3.8686164021492004,-3.694506128629049,0.024256712852194266
sub-S0001114438927_ses-1,0,-2.969030797481537,-2.5660839080810547,-3.4808036983013153,-3.005306134621302,0.04718673457242192
sub-S0001114439072_ses-1,0,-1.0481063723564148,-1.226354956626892,-1.448937401175499,-1.2411329100529354,0.22423884790382193
sub-S0001114439687_ses-1,0,0.16405153274536133,-0.786675214767456,0.3165595531463623,-0.10202137629191081,0.47451675532829923
sub-S0001114440155_ses-1,0,-3.1388766169548035,-2.072693705558777,-2.6773777455091476,-2.629649356007576,0.06725444359807978
sub-S0001114440459_ses-1,0,-1.9882913529872894,-2.155985802412033,-2.436829924583435,-2.1937023599942527,0.10031744647878701
sub-S0001114441623_ses-1,0,-1.3708261251449585,-1.8499905467033386,-1.6291959881782532,-1.6166708866755168,0.1656645074771847
sub-S0001114443025_ses-1,0,-0.17813453078269958,-0.3026089482009411,-0.8455182611942291,-0.4420872467259566,0.3912437326783914
sub-S0001114443384_ses-1,0,-1.5947396159172058,-1.5591169595718384,-1.1163582801818848,-1.4234049518903096,0.19412834945519836
sub-S0001114445653_ses-1,1,-0.7729805707931519,-0.4898672103881836,-0.6095626354217529,-0.6241368055343628,0.34884118523833213
sub-S0001114446498_ses-1,0,-4.606860935688019,-4.191643700003624,-4.765840575098991,-4.521448403596878,0.010756307222420778
sub-S0001114449821_ses-1,0,-3.836661323904991,-4.324230141937733,-4.021009206771851,-4.060633557538192,0.016945977963706053
sub-S0001114450907_ses-1,0,-3.2795474976301193,-2.6180048137903214,-2.4001440182328224,-2.765898776551088,0.05919500202388736
sub-S0001114451276_ses-1,0,-4.85516482591629,-4.189515113830566,-4.849008202552795,-4.631229380766551,0.009648768386371876
sub-S0001114452091_ses-1,0,-4.619189262390137,-4.344071552157402,-3.5646552741527557,-4.175972029566765,0.015127885613240827
sub-S0001114465387_ses-1,0,-3.6929969787597656,-4.596233651041985,-3.9398067742586136,-4.076345801353455,0.016686207616555218
sub-S0001114469044_ses-1,0,-4.590436898171902,-5.01923356577754,-5.177176274359226,-4.928948912769556,0.00718214657218248
sub-S0001114469393_ses-1,0,-2.5471857488155365,-2.7246529161930084,-2.8417036533355713,-2.7045141061147056,0.06270751388204443
sub-S0001114471144_ses-1,0,-3.7946740984916687,-3.879744827747345,-3.6424334049224854,-3.7722841103871665,0.02248238693542915
sub-S0001114472508_ses-1,0,-3.228571802377701,-3.5043319687247276,-3.387568026781082,-3.3734905992945037,0.033134300120160706
sub-S0001114473029_ses-1,0,-3.1540185511112213,-3.0733686983585358,-2.954385980963707,-3.060591076811155,0.04476242254357552
sub-S0001114475942_ses-1,0,-4.102133214473724,-4.289401963353157,-3.5119798332452774,-3.967838337024053,0.018563166424807504
sub-S0001114477687_ses-1,0,-1.939138650894165,-1.1724501848220825,-1.671881914138794,-1.5944902499516804,0.1687530877586976
sub-S0001114479228_ses-1,0,-2.915043205022812,-2.4157685041427612,-2.9715182185173035,-2.7674433092276254,0.0591090440665269
sub-S0001114480179_ses-1,0,-3.812273859977722,-2.675268530845642,-3.5139529407024384,-3.3338317771752677,0.034428621906294775
sub-S0001114483077_ses-1,0,-2.066895544528961,-2.0469948053359985,-1.5022048205137253,-1.8720317234595616,0.13330681018579332
sub-S0001114483333_ses-1,0,-3.0670026540756226,-3.112941265106201,-2.1416923999786377,-2.7738787730534873,0.0587521485490364
sub-S0001114483867_ses-1,0,-2.0431933403015137,-1.9639535546302795,-2.0887507051229477,-2.0319658666849136,0.11588735219127158
sub-S0001114486905_ses-1,0,-2.621535301208496,-2.3647161722183228,-2.620612680912018,-2.535621384779612,0.07339841210098139
sub-S0001114489361_ses-1,0,-3.6740357875823975,-2.7037907242774963,-2.8757860362529755,-3.084537516037623,0.043749592364967
sub-S0001114497101_ses-1,0,-4.116570830345154,-3.23322531580925,-3.6249496936798096,-3.658248613278071,0.02512983252747422
sub-S0001114498400_ses-1,0,-2.564390182495117,-2.280609428882599,-2.362130433320999,-2.4023766815662384,0.08299164209296513
sub-S0001114499792_ses-1,0,-3.999661922454834,-3.6698355674743652,-4.0148420333862305,-3.894779841105143,0.019942075286313865
sub-S0001114502428_ses-1,0,-3.9706199765205383,-3.330680549144745,-4.255664885044098,-3.8523218035697937,0.020789027300959207
sub-S0001114503012_ses-1,1,3.6187523007392883,3.6777378916740417,3.5096943378448486,3.6020615100860596,0.9734563260264572
sub-S0001114504767_ses-1,0,-3.445790708065033,-3.3125510215759277,-2.5812829732894897,-3.11320823431015,0.042565704220685084
sub-S0001114506600_ses-1,0,-2.7066829204559326,-3.373657703399658,-2.7159619331359863,-2.932100852330526,0.05058932557684124
sub-S0001114509910_ses-1,0,-2.7984827756881714,-2.206352263689041,-2.8727175891399384,-2.6258508761723838,0.06749311915516687
sub-S0001114515720_ses-1,0,-2.3380197286605835,-1.363313615322113,-0.5894091725349426,-1.4302475055058796,0.1930601229380012
sub-S0001114518172_ses-2,0,-5.233912825584412,-4.870100915431976,-5.021191030740738,-5.041734923919042,0.006421030514255334
sub-S0001114518611_ses-1,0,-2.7931926548480988,-3.2347404658794403,-2.8505766093730927,-2.959503243366877,0.04928927881216599
sub-S0001114521220_ses-1,0,-4.7472440004348755,-3.827030122280121,-4.054539740085602,-4.209604620933533,0.01463487871898228
sub-S0001114522328_ses-1,0,-4.570221662521362,-4.626020073890686,-3.0605223774909973,-4.085588037967682,0.01653523848781533
sub-S0001114528413_ses-1,0,-1.97934228181839,-2.51488196849823,-2.227343261241913,-2.2405225038528442,0.09617011534757101
sub-S0001114531838_ses-1,0,-1.8636335283517838,-2.5858700536191463,-1.739729143679142,-2.0630775752166906,0.11273761975273239
sub-S0001114533010_ses-1,0,-1.2580201029777527,-2.1287895143032074,-0.8074353933334351,-1.3980816702047985,0.19812069788013859
sub-S0001114533774_ses-1,0,-2.969477653503418,-2.530415892601013,-2.5509806275367737,-2.683624724547068,0.06394656657023721
sub-S0001114534279_ses-1,0,-6.799978852272034,-10.75261640548706,-6.123990535736084,-7.892195264498393,0.0003735088558890818
sub-S0001114535777_ses-1,0,-2.810840278863907,-2.8468838930130005,-2.7059668004512787,-2.787896990776062,0.05798171457498422
sub-S0001114535855_ses-1,0,-3.7164522111415863,-3.03025745972991,-3.506189875304699,-3.4176331820587316,0.03174890594333936
sub-S0001114538868_ses-1,0,-2.3967419862747192,-1.8895056247711182,-1.6689414978027344,-1.9850630362828572,0.12078014926602786
sub-S0001114545851_ses-1,0,-1.9802942276000977,-1.2463867664337158,-1.032138705253601,-1.4196065664291382,0.19472326897272915
sub-S0001114547604_ses-1,0,-2.82961905002594,-1.9760215878486633,-2.5526029467582703,-2.452747861544291,0.0792378354633978
sub-S0001114548192_ses-1,0,-1.7448458075523376,-0.935034990310669,-0.20776963233947754,-0.962550143400828,0.27636790430927666
sub-S0001114551891_ses-1,0,-3.934468388557434,-3.701877534389496,-3.223143756389618,-3.6198298931121826,0.026088396838466178
sub-S0001114555891_ses-1,0,-5.784493327140808,-5.20151360379532,-4.9862893037498,-5.324098744895309,0.004849112152464559
sub-S0001114556435_ses-1,0,-0.15301048755645752,-1.042127549648285,-0.27605563402175903,-0.4903978904088338,0.3797998393251522
sub-S0001114556987_ses-1,0,-5.126972630620003,-4.82124243862927,-5.076301887631416,-5.00817231896023,0.006638739334757728
sub-S0001114561423_ses-1,0,-0.28544604778289795,-0.2926543951034546,-0.21320974826812744,-0.26377006371816,0.43443716990796727
sub-S0001114569248_ses-1,0,-2.301557719707489,-2.399282321333885,-2.5905758887529373,-2.430471976598104,0.08087837492002134
sub-S0001114571810_ses-1,0,-3.400694251060486,-3.7037303149700165,-3.8950571566820145,-3.666493907570839,0.024928625590515313
sub-S0001114577987_ses-1,0,-0.7348793596029282,-0.5276716686785221,-0.4350096005946398,-0.5658535429586967,0.3621941476225013
sub-S0001114579662_ses-1,0,-5.57244598865509,-5.905451416969299,-5.6226566433906555,-5.700184683005015,0.0033341935353276113
sub-S0001114580183_ses-1,0,2.6821030974388123,3.1046072244644165,2.6681337356567383,2.818281352519989,0.9436557563248641
sub-S0001114582683_ses-1,1,2.4073612689971924,2.5091572403907776,2.7989048957824707,2.5718078017234802,0.9290249904373497
sub-S0001114595124_ses-1,0,-3.663335219025612,-3.858497519046068,-2.832806885242462,-3.451546541104714,0.030722771651340988
sub-S0001114599151_ses-1,0,0.4211488366127014,0.746420681476593,0.9530343413352966,0.7068679531415304,0.6697087229553905
sub-S0001114602628_ses-1,0,-1.9861164689064026,-0.7653709948062897,-2.0139504075050354,-1.5884792904059093,0.16959795769968278
sub-S0001114604234_ses-1,0,-2.841740846633911,-3.2338553369045258,-3.1853030920028687,-3.086966425180435,0.04364809011111391
sub-S0001114604671_ses-1,0,-3.170654535293579,-3.209701508283615,-2.7330645620822906,-3.0378068685531616,0.04574681451782318
sub-S0001114608935_ses-1,0,-4.674703240394592,-4.098144590854645,-4.516143023967743,-4.42966361840566,0.011778120652624896
sub-S0001114612717_ses-1,0,-0.176080584526062,0.062374234199523926,0.2992568612098694,0.061850170294443764,0.5154576152015412
sub-S0001114613519_ses-1,0,0.1018565446138382,0.25699519366025925,-0.4796530157327652,-0.04026709248622259,0.48993458687925384
sub-S0001114614674_ses-1,0,-3.8245909810066223,-3.615070380270481,-3.354529559612274,-3.598063640296459,0.026647171123478853
sub-S0001114617339_ses-1,0,1.2856336683034897,1.3408919526846148,1.1687787026166916,1.2651014412015986,0.7799030423122624
sub-S0001114618112_ses-1,0,-2.830264925956726,-3.0692050457000732,-2.70961332321167,-2.8696944316228232,0.05367217015717412
sub-S0001114619157_ses-1,0,-2.9659515023231506,-2.9423155784606934,-2.971499025821686,-2.9599220355351767,0.049269657979534344
sub-S0001114621286_ses-1,0,-4.147951185703278,-3.9342956226319075,-4.062090367078781,-4.048112391804655,0.017155832247918643
sub-S0001114626259_ses-1,0,-0.32195937633514404,-0.49375128746032715,-1.2550755739212036,-0.6902620792388916,0.3339747749526416
sub-S0001114626457_ses-1,0,-3.4655576944351196,-3.407743688672781,-3.2504723519086838,-3.374591245005528,0.03309905748690532
sub-S0001114636974_ses-1,0,-4.93153789639473,-5.024598240852356,-4.580450117588043,-4.84552875161171,0.007802106994322323
sub-S0001114638092_ses-1,0,-5.841977417469025,-6.117205262184143,-5.563948094844818,-5.841043591499329,0.002897389307143192
sub-S0001114638400_ses-1,0,-3.0168653428554535,-3.3261646926403046,-3.6083280816674232,-3.3171193723877272,0.03498854085176853
sub-S0001114638642_ses-1,0,-5.0208960101008415,-4.174265513196588,-4.548300012946129,-4.581153845414519,0.010139213872120452
sub-S0001114640465_ses-1,0,-1.9469627141952515,-2.0781564116477966,-3.0198912024497986,-2.3483367760976157,0.087198065158971
sub-S0001114641219_ses-1,0,-3.5260216295719147,-2.4828623579232953,-3.1992381773889065,-3.069374054961372,0.04438837138243042
sub-S0001114644641_ses-1,0,-1.0262780785560608,-1.2847071588039398,-1.9490980505943298,-1.4200277626514435,0.19465723132059704
sub-S0001114651321_ses-2,0,0.30177223682403564,0.40689730644226074,0.013573303818702698,0.2407476156949997,0.5598978791696442
sub-S0001114651915_ses-1,0,-3.201874613761902,-3.458594501018524,-2.9176459312438965,-3.1927050153414407,0.03944117074755696
sub-S0001114654936_ses-1,0,-1.8346611559391022,-1.8926740884780884,-1.6327479630708694,-1.78669440249602,0.14347847774693132
sub-S0001114655679_ses-1,0,-4.88732473552227,-4.329275220632553,-4.136952593922615,-4.451184183359146,0.01153024817925874
sub-S0001114657402_ses-1,0,-2.807960629463196,-2.496405243873596,-2.662482976913452,-2.655616283416748,0.06564369551537241
sub-S0001114658283_ses-1,0,0.07497930526733398,-0.09164619445800781,0.12213355302810669,0.03515555461247762,0.5087879835731527
sub-S0001114660846_ses-1,0,-3.0429922342300415,-2.9708791971206665,-3.179909348487854,-3.0645935932795205,0.044591591448950876
sub-S0001114663423_ses-1,0,-1.59697824716568,0.11995445564389229,-0.5797407682985067,-0.6855881866067648,0.33501522065503575
sub-S0001114665804_ses-1,1,3.7934014797210693,5.2816919684410095,5.268724799156189,4.78127274910609,0.9916844091238041
sub-S0001114670787_ses-1,0,-6.073106467723846,-5.30481231212616,-5.653839886188507,-5.677252888679504,0.0034112721508753495
sub-S0001114672269_ses-1,0,-3.786235123872757,-3.956665785750374,-3.4698056429624557,-3.7375688508618623,0.02325810299352463
sub-S0001114674545_ses-1,0,-1.3201253414154053,-1.4137532413005829,-1.6894032955169678,-1.4744272927443187,0.18627061976334386
sub-S0001114677988_ses-1,0,-7.90329048037529,-12.164105981588364,-7.640437066555023,-9.235944509506226,9.746258698391268e-05
sub-S0001114682452_ses-1,0,-1.4057461321353912,-1.1510438965051435,-1.6675730347633362,-1.4081210211346236,0.1965305898239351
sub-S0001114684957_ses-1,0,-4.046444058418274,-4.458130031824112,-3.858640968799591,-4.121071686347325,0.015968000171778678
sub-S0001114686887_ses-1,0,-4.074120759963989,-3.4222373366355896,-4.306090474128723,-3.934149523576101,0.01918698738437125
sub-S0001114692172_ses-1,0,-2.609797418117523,-3.0948358327150345,-1.916000161319971,-2.5402111373841763,0.0730868685933098
sub-S0001114700077_ses-1,0,-5.6702340841293335,-5.999551773071289,-5.970270186662674,-5.8800186812877655,0.002786944299950229
sub-S0001114703453_ses-1,0,-3.10416442155838,-3.0653968453407288,-2.6071441769599915,-2.925568481286367,0.050903998327976235
sub-S0001114703503_ses-1,0,-1.2309948801994324,-1.6802752912044525,-2.0779707431793213,-1.6630803048610687,0.1593489358975369
sub-S0001114709394_ses-1,0,-3.896575689315796,-4.423048794269562,-3.787197783589363,-4.035607422391574,0.017367962981355067
sub-S0001114711028_ses-1,0,-3.7542911283671856,-2.904306773969438,-3.6976079642772675,-3.45206862220463,0.030707228467819404
sub-S0001114712313_ses-1,0,-3.191422939300537,-3.375867873430252,-3.5596426129341125,-3.375644475221634,0.03306536699383306
sub-S0001114713794_ses-1,0,0.20927780866622925,0.14159148931503296,-0.11274781823158264,0.07937382658322652,0.5198330450526232
sub-S0001114716203_ses-1,0,-1.667175054550171,-1.3500649333000183,-1.8919252157211304,-1.63638840119044,0.16295709270027314
sub-S0001114720950_ses-1,0,-5.316818073391914,-5.7542269341647625,-5.602645590901375,-5.557896866152684,0.003842061041281359
sub-S0001114721036_ses-1,0,-3.9751006960868835,-3.699281256645918,-4.51476277410984,-4.063048242280881,0.016905799070149663
sub-S0001114721762_ses-1,0,-3.1861783266067505,-2.91778165102005,-2.8533733934164047,-2.985777790347735,0.04807253651949645
sub-S0001114725742_ses-1,0,-0.5381171107292175,-0.15365099906921387,-0.7546499967575073,-0.48213936885197956,0.38174707184854967
sub-S0001114726785_ses-1,0,-2.933107316493988,-2.467757448554039,-3.2096895202994347,-2.8701847617824874,0.053647271018034744
sub-S0001114730678_ses-1,0,1.3849270194768906,1.4674467994482256,1.207912117242813,1.3534286453893098,0.7946896044940753
sub-S0001114733826_ses-1,0,1.4056107699871063,1.539753569290042,0.8958242610096931,1.2803962000956137,0.7825172108975903
sub-S0001114740481_ses-1,0,-3.0703574493527412,-3.796657447644975,-2.993137001991272,-3.286717299662996,0.03602968565634197
sub-S0001114740514_ses-1,0,2.9134616404771805,2.6952401399612427,3.2443271428346634,2.9510096410910287,0.9503111852100715
sub-S0001114740554_ses-1,0,-1.6838800311088562,-2.2787246108055115,-2.024998366832733,-1.995867669582367,0.11963747339142532
sub-S0001114742208_ses-1,0,-1.0636665523052216,-0.6069214344024658,-1.0010746121406555,-0.8905541996161143,0.29099547332918707
sub-S0001114744272_ses-1,0,-1.207194983959198,-1.2752732336521149,-1.5881013851612806,-1.3568565342575312,0.20475167283531198
sub-S0001114746365_ses-1,0,-3.1443126797676086,-3.384521961212158,-2.382515609264374,-2.9704500834147134,0.04877883512952899
sub-S0001114749035_ses-1,0,-6.037211626768112,-6.2144287675619125,-6.7197462394833565,-6.323795544604461,0.0017899151480720874
sub-S0001114750697_ses-1,0,2.618648499250412,3.058524340391159,3.071614094078541,2.9162623112400374,0.9486445110288022
sub-S0001114753062_ses-1,0,-2.6588821411132812,-2.309980630874634,-2.167343258857727,-2.378735343615214,0.0848086719783274
sub-S0001114753330_ses-1,0,-5.795344710350037,-4.8472607135772705,-5.019183337688446,-5.220596253871918,0.0053750585605946
sub-S0001114753649_ses-1,0,-3.050017237663269,-3.1233613193035126,-3.0532219409942627,-3.0755334993203483,0.044127831781172466
sub-S0001114764764_ses-1,0,-3.4849651753902435,-4.459566559642553,-2.634584814310074,-3.5263721831142902,0.028571104990401813
sub-S0001114765680_ses-1,0,-4.027472913265228,-3.608268916606903,-4.3994105607271194,-4.011717463533084,0.017780412540301885
sub-S0001114770680_ses-1,0,-3.3653979897499084,-2.874263346195221,-2.6110867261886597,-2.950249354044596,0.04972472771356033
sub-S0001114771251_ses-1,0,-5.19966995716095,-5.289121036359575,-5.330261040478945,-5.273017344666489,0.005101950534685911
sub-S0001114776791_ses-1,0,-3.0012389421463013,-2.457996129989624,-2.8734792470932007,-2.777571439743042,0.05854827526823169
sub-S0001114777150_ses-1,0,-2.3243051767349243,-2.894651561975479,-1.8488789498806,-2.3559452295303345,0.08659437261629328
sub-S0001114780237_ses-1,0,-5.198702335357666,-5.071448802947998,-5.619379594922066,-5.296510244409244,0.0049840783133663635
sub-S0001114783070_ses-1,0,-0.03265133500099182,-0.5435935258865356,-0.3249042145907879,-0.30038302515943843,0.42546385217540883
sub-S0001114784260_ses-1,0,-1.4154841303825378,-2.1557844281196594,-0.7536967992782593,-1.441655119260152,0.19128917470622286
sub-S0001114785151_ses-1,0,-1.6373672485351562,-1.3695080280303955,-1.5162115693092346,-1.5076956152915955,0.18128055396705411
sub-S0001114785542_ses-1,0,-1.7427388727664948,-2.0538163986057043,-1.6204337626695633,-1.805663011347254,0.14116310742007865
sub-S0001114786076_ses-1,0,-2.1774897277355194,-3.4142062664031982,-3.459510549902916,-3.017068848013878,0.04666068920073218
sub-S0001114786452_ses-1,0,-3.1388583183288574,-3.3498674035072327,-3.6927775740623474,-3.393834431966146,0.03248871055800386
sub-S0001114790391_ses-1,0,-4.059944063425064,-3.6550886034965515,-3.4662493765354156,-3.7270940144856772,0.0234972536478475
sub-S0001114794266_ses-1,0,-5.864740967750549,-5.685637056827545,-4.8761966824531555,-5.47552490234375,0.004170563223841091
sub-S0001114794459_ses-1,0,-1.2226786613464355,-2.1991247162222862,-1.292085349559784,-1.5712962423761685,0.17203168064207125
sub-S0001114798463_ses-1,0,-1.7508450150489807,-1.637191561050713,-1.7006612420082092,-1.6962326060359676,0.15495794916271483
sub-S0001114801513_ses-1,0,-2.686889886856079,-3.006812185049057,-2.3559718877077103,-2.6832246532042823,0.06397051797997216
sub-S0001114806392_ses-1,0,-2.820160746574402,-2.5848113298416138,-2.9920953512191772,-2.7990224758783975,0.05737702232335844
sub-S0001114806487_ses-2,0,-3.6664478182792664,-3.997905135154724,-4.0618347227573395,-3.90872922539711,0.019671260997148027
sub-S0001114806677_ses-1,0,-3.685946524143219,-2.919097661972046,-2.74936443567276,-3.118136207262675,0.042365322387060145
sub-S0001114815019_ses-1,0,-4.867614388465881,-5.938564762473106,-4.118140847422183,-4.9747733327870565,0.006862663463461009
sub-S0001114817258_ses-1,0,-4.110403999686241,-4.879768345504999,-3.6792413890361786,-4.22313791140914,0.014440995706558504
sub-S0001114818612_ses-1,0,-4.286674290895462,-4.1119704246521,-3.601313460385427,-3.9999860586443297,0.017986456205815713
sub-S0001114819016_ses-1,0,-5.308569967746735,-4.420108109712601,-5.203397274017334,-4.977358450492223,0.006845066861992681
sub-S0001114819308_ses-1,0,-1.8750339150428772,-1.8781715333461761,-1.8403276801109314,-1.8645110428333282,0.13417811910242297
sub-S0001114819511_ses-1,0,-2.714122325181961,-3.183001078199595,-3.587526500225067,-3.1615499678688743,0.040638581795072626
sub-S0001114821311_ses-1,0,-2.0084269046783447,-1.9419867917895317,-2.3522769510746,-2.1008968825141587,0.10900967952161754
sub-S0001114831334_ses-1,0,-0.5604692697525024,-0.8729027509689331,-0.6382430195808411,-0.6905383467674255,0.333913326031254
sub-S0001114831806_ses-1,0,-0.41056013107299805,-0.37016892433166504,-0.5108752250671387,-0.43053476015726727,0.3939986430128697
sub-S0001114833800_ses-1,0,0.3269186019897461,0.312006913125515,0.1819123923778534,0.2736126358310382,0.5679795859150669
sub-S0001114835719_ses-1,0,-5.77561941742897,-5.999519348144531,-5.578057259321213,-5.784398674964905,0.0030657313786828697
sub-S0001114837993_ses-1,0,-1.5415720343589783,-0.7977138207643293,-1.9983419179916382,-1.4458759243716486,0.19063707683120495
sub-S0001114841089_ses-1,0,1.714582622051239,1.604176290333271,1.1315832962282002,1.4834474028709035,0.8150927259505448
sub-S0001114841244_ses-1,0,-5.529185265302658,-5.270345821976662,-5.448777958750725,-5.4161030153433485,0.004424767249677002
sub-S0001114844487_ses-1,0,-4.298486590385437,-3.9142602682113647,-4.119003593921661,-4.110583484172821,0.016133640912869722
sub-S0001114845382_ses-1,1,3.0005346462130547,2.6821054174215533,2.392811194062233,2.691817085898947,0.9365420586540324
sub-S0001114848207_ses-1,0,-4.716156959533691,-3.8716461062431335,-3.6871503591537476,-4.091651141643524,0.016436929833687778
sub-S0001114848401_ses-1,0,-6.245379984378815,-6.3643577098846436,-6.440671622753143,-6.350136439005534,0.0017434638530657517
sub-S0001114849074_ses-1,0,-0.7775925993919373,0.05147721618413925,-1.23596653342247,-0.6540273055434227,0.3420825679552415
sub-S0001114850040_ses-1,0,0.002000570297241211,-0.32024407386779785,-0.2427903115749359,-0.18701127171516418,0.4533829652459026
sub-S0001114850499_ses-1,0,-2.4425365924835205,-2.414752960205078,-2.6651600003242493,-2.507483184337616,0.07533524319349949
sub-S0001114851546_ses-1,0,-2.354702115058899,-1.8283922672271729,-2.2932567596435547,-2.158783713976542,0.1035132662791609
sub-S0001114853119_ses-1,0,0.644453689455986,0.3339598774909973,0.4561302065849304,0.47818125784397125,0.6173183134201968
sub-S0001114853803_ses-1,0,-3.1744667440652847,-3.8821452902047895,-2.7304762601852417,-3.262362764818439,0.03688518096212489
sub-S0001114856764_ses-1,0,0.3443240523338318,0.444865882396698,0.4110710322856903,0.4000869890054067,0.5987085599763292
sub-S0001114858334_ses-1,0,-6.261074960231781,-6.048404306173325,-6.294262513518333,-6.20124725997448,0.0020228009693051053
sub-S0001114863758_ses-1,0,-0.35861289501190186,-0.6027038395404816,-0.6704543232917786,-0.543923685948054,0.36727530590233315
sub-S0001114864159_ses-1,0,-1.6397618055343628,-2.1497850120067596,-0.8804015703499317,-1.5566494626303513,0.17412795315450458
sub-S0001114867274_ses-1,0,-2.723721444606781,-3.016348958015442,-2.3548548221588135,-2.6983084082603455,0.06307324683851462
sub-S0001114867632_ses-1,0,-4.67056804895401,-4.631012320518494,-5.340656250715256,-4.880745540062587,0.0075341578141136295
sub-S0001114868284_ses-1,0,-3.0798827707767487,-2.7010231018066406,-2.346436708699912,-2.7091141937611005,0.06243768569313159
sub-S0001114868552_ses-1,0,1.3398100137710571,1.6631228029727936,0.5090979337692261,1.1706769168376923,0.763267349831536
sub-S0001114873520_ses-1,0,-5.464578986167908,-4.29004430770874,-5.82949697971344,-5.194706757863362,0.0055152556130729355
sub-S0001114878533_ses-1,0,-5.073826909065247,-4.721519231796265,-4.750061392784119,-4.848469177881877,0.007779377378454837
sub-S0001114881514_ses-1,0,-3.1111436784267426,-3.7972448989748955,-3.7509961128234863,-3.5531282300750413,0.027837789811823825
sub-S0001114882422_ses-1,0,-7.696882978081703,-11.715277589857578,-7.638526692986488,-9.016895753641924,0.00012132749618735195
sub-S0001114882657_ses-1,0,-2.8189300894737244,-3.4544821605086327,-2.3225613832473755,-2.8653245444099107,0.053894556534063956
sub-S0001114886045_ses-1,1,1.9666898995637894,3.8695278763771057,3.4886900782585144,3.1083026180664697,0.957233923724476
sub-S0001114890779_ses-1,1,3.5968037843704224,4.0835922956466675,4.008889317512512,3.8964284658432007,0.9800901205885029
sub-S0001114891194_ses-1,0,0.365545392036438,0.40190303325653076,0.3720019366592169,0.3798167873173952,0.5938289135029856
sub-S0001114891573_ses-1,0,0.2083640992641449,0.6231865836889483,-0.03230758011341095,0.2664143676132274,0.5662124265682026
sub-S0001114892370_ses-1,0,-16.490886449813843,-21.557733058929443,-9.34194016456604,-15.796853224436441,1.378839617598311e-07
sub-S0001114892953_ses-1,0,-3.01829731464386,-1.856481671333313,-2.448235869407654,-2.4410049517949424,0.08009883304595812
sub-S0001114893341_ses-2,0,-5.299723327159882,-4.456528072187211,-4.534193001687527,-4.76348146701154,0.008463596452773893
sub-S0001114893540_ses-1,0,-3.6291888132691383,-2.947308425733354,-2.038677543401718,-2.8717249274680703,0.053569131707529145
sub-S0001114895533_ses-1,0,-3.3537985794246197,-3.387869958707597,-3.656499207019806,-3.4660559150506742,0.030293628234202567
sub-S0001114895776_ses-1,0,-0.25983142852783203,0.3736584186553955,-0.0872567892074585,0.008856733640034994,0.5022141689364241
sub-S0001114896673_ses-1,0,-1.3199090957641602,-2.125852406024933,-1.4121720902621746,-1.6193111973504226,0.1652998864016071
sub-S0001114898888_ses-1,0,-4.656888127326965,-3.474910795688629,-4.231097042560577,-4.120965321858724,0.015969671565497747
sub-S0001114898960_ses-1,0,-3.2841338515281677,-3.5006708204746246,-2.876280453056097,-3.220361708352963,0.03840662481869328
sub-S0001114904092_ses-1,0,-2.729752540588379,-2.0346537828445435,-2.8794045448303223,-2.547936956087748,0.07256520480241002
sub-S0001114906087_ses-1,0,-1.5407643616199493,-2.0871786773204803,-1.4121748208999634,-1.6800392866134644,0.15709026676036822
sub-S0001114907517_ses-1,0,-3.7889830470085144,-3.9556824564933777,-3.737115800380707,-3.827260434627533,0.021305371778680453
sub-S0001114908401_ses-1,0,-3.962320625782013,-4.208683252334595,-4.328352481126785,-4.166452119747798,0.015270379728788114
sub-S0001114912372_ses-1,0,2.3981761932373047,2.913030505180359,2.6683915853500366,2.6598660945892334,0.9346164842902832
sub-S0001114917864_ses-1,0,-0.2731675058603287,-0.055276498198509216,-0.08552283048629761,-0.1379889448483785,0.46555739810400076
sub-S0001114919270_ses-1,0,-4.0358619056642056,-4.384174709150102,-4.921991914510727,-4.447342843108345,0.011574111342437519
sub-S0001114920071_ses-1,0,1.6745754480361938,1.3075847625732422,1.575194776058197,1.519118328889211,0.8204086133472448
sub-S0001114922519_ses-1,0,-4.069937847554684,-3.169028167554643,-3.6171616166830063,-3.6187092105974443,0.0261168860348917
sub-S0001114923889_ses-1,0,-2.0699108242988586,-2.5124380588531494,-2.1010390520095825,-2.227795978387197,0.09728202254122727
sub-S0001114924146_ses-1,0,-2.3736552298069,-2.7225376553833485,-2.9160863757133484,-2.6707597536345324,0.06472096386590889
sub-S0001114925101_ses-1,0,-6.783726811408997,-10.33803105354309,-5.990152597427368,-7.703970154126485,0.0004508296142066786
sub-S0001114925199_ses-1,0,-2.9429091662168503,-3.054931193590164,-2.566259227693081,-2.854699862500032,0.05443888319618253
sub-S0001114925429_ses-1,0,-37.056132316589355,-32.38049244880676,-62.30636668205261,-43.91433048248291,8.477125153416864e-20
sub-S0001114926278_ses-1,0,-1.5974329710006714,-0.9889990091323853,-1.4624189138412476,-1.3496169646581013,0.20593300044679602
sub-S0001114929535_ses-1,0,-4.8460254073143005,-4.17748935520649,-5.506994739174843,-4.843503167231877,0.007817803160766513
sub-S0001114929608_ses-1,0,-2.224726617336273,-1.4178745448589325,-2.2071006819605827,-1.9499006147185962,0.12456419554490188
sub-S0001114929697_ses-1,0,-2.7395793795585632,-1.888729751110077,-2.9996283054351807,-2.542645812034607,0.0729221024635897
sub-S0001114930761_ses-1,0,-3.604043886065483,-3.3852042005746625,-2.532716527581215,-3.1739882047404535,0.04015641232830369
sub-S0001114932763_ses-1,0,-7.998922169208527,-12.67921932041645,-7.625343173742294,-9.434494887789091,7.991277714598047e-05
sub-S0001114933705_ses-1,0,-3.0798516273498535,-2.5407553017139435,-3.6255325376987457,-3.0820464889208474,0.04385392441593366
sub-S0001114947256_ses-1,0,-1.8745892643928528,-1.2663514018058777,-2.120176613330841,-1.7537057598431904,0.14758040276705384
sub-S0001114948418_ses-1,0,1.073555052280426,0.49244989454746246,0.8541688323020935,0.8067245930433273,0.6914110960939123
sub-S0001114957198_ses-1,0,-1.7999728322029114,-1.0270609259605408,-1.035506397485733,-1.2875133852163951,0.21627399354875776
sub-S0001114961712_ses-1,0,-6.133009254932404,-6.236675530672073,-5.9841113686561584,-6.117932051420212,0.0021981643894707498
sub-S0001114962739_ses-1,0,-3.0573559403419495,-2.162403404712677,-3.198094427585602,-2.805951257546743,0.05700342711285689
sub-S0001114966702_ses-1,0,0.8630525469779968,0.489412784576416,1.2470641136169434,0.8665098150571188,0.7040189445097265
sub-S0001114968211_ses-1,0,-2.5771204829216003,-3.072606682777405,-2.3632231950759888,-2.670983453591665,0.06470742414259974
sub-S0001114970247_ses-1,0,-1.4677953720092773,0.16271016700193286,-1.3122361451387405,-0.872440450048695,0.29474674897197395
sub-S0001114974521_ses-1,0,-2.4105844497680664,-2.160282611846924,-2.029802694916725,-2.2002232521772385,0.09973044279206465
sub-S0001114977083_ses-1,0,-3.3104173243045807,-3.3104627546854317,-3.01253242790699,-3.211137502299001,0.03874874335864537
sub-S0001114987203_ses-1,1,1.2287141680717468,0.2754526808857918,1.0490161776542664,0.8510610088706017,0.7007896659235988
sub-S0001114987367_ses-1,0,-2.526612401008606,-2.4033308923244476,-2.31992706656456,-2.4166234532992044,0.08191382691261852
sub-S0001114989439_ses-1,0,-0.9075791239738464,-1.5304303914308548,-0.5096808783710003,-0.9825634645919005,0.2723834324836825
sub-S0001114991708_ses-1,0,-1.1481693983078003,-1.6431722976267338,-1.4227604269981384,-1.4047007076442242,0.19707123957651757
sub-S0001114992477_ses-1,0,-0.08004611730575562,-0.695077694952488,0.07791367918252945,-0.2324033776919047,0.4421592594681946
sub-S0001114995352_ses-1,0,-2.5031793117523193,-1.8595077991485596,-2.558936595916748,-2.3072079022725425,0.0905277623837449
sub-S0001114997884_ses-1,0,-0.7999780178070068,-1.3587713241577148,-1.3041340112686157,-1.154294451077779,0.23970555843167593
sub-S0001115004427_ses-1,0,-1.9427852034568787,-1.6100178956985474,-1.4972872734069824,-1.6833634575208027,0.1566506051720224
sub-S0001115004620_ses-1,0,-4.740769386291504,-4.795926667749882,-5.83663347363472,-5.1244431758920355,0.005914341726392708
sub-S0001115006223_ses-1,0,-2.517402708530426,-3.2854956537485123,-2.598380718380213,-2.800426360219717,0.05730114054441517
sub-S0001115006288_ses-1,1,4.150076270103455,4.821361064910889,4.252409100532532,4.407948811848958,0.9879664340003125
sub-S0001115010479_ses-1,0,-5.8757268488407135,-6.485326945781708,-5.731494951993227,-6.030849582205216,0.0023976884544762997
sub-S0001115011181_ses-1,0,-3.4284798055887222,-3.5590897854417562,-3.605130583047867,-3.530900058026115,0.028445702636092363
sub-S0001115012141_ses-1,0,-5.124741688370705,-4.801294808275998,-4.805295011028647,-4.910443835891783,0.0073153087854791994
sub-S0001115012615_ses-1,0,-1.7771065831184387,-1.1105238199234009,-2.435786485671997,-1.7744722962379456,0.1449870364499928
sub-S0001115012630_ses-1,0,-4.829519599676132,-4.114884773269296,-3.986664280295372,-4.310356217746933,0.013250822987364934
sub-S0001115013382_ses-1,0,-4.6237474381923676,-5.069448356458452,-5.180684521794319,-4.957960105481713,0.006978210450648621
sub-S0001115014937_ses-1,0,-4.5372554063797,-4.5855065286159515,-4.843812495470047,-4.6555248101552325,0.00941935365861148
sub-S0001115015791_ses-1,0,-4.065366506576538,-3.917080879211426,-3.540938377380371,-3.8411285877227783,0.021018112245493225
sub-S0001115017629_ses-1,0,-2.7196257412433624,-2.5271261483430862,-1.7105468809604645,-2.3190995901823044,0.08955344588464396
sub-S0001115018067_ses-1,0,-3.858902871608734,-2.8215235471725464,-2.526865065097809,-3.06909716129303,0.044400118152051186
sub-S0001115018576_ses-1,0,2.1376747712492943,2.109475250414107,2.4811691492795944,2.2427730569809987,0.9040253282261546
sub-S0001115019070_ses-1,0,-4.039358139038086,-3.339445173740387,-3.5905094146728516,-3.656437575817108,0.02517423808703431
sub-S0001115019928_ses-1,0,-4.515711545944214,-4.2372629046440125,-4.193288087844849,-4.315420846144359,0.013184764750467894
sub-S0001115029582_ses-1,0,-1.656707525253296,-1.235480785369873,-1.174480140209198,-1.3555561502774556,0.20496349360689342
sub-S0001115032354_ses-1,0,-3.001383900642395,-3.6244912147521973,-3.9521242678165436,-3.525999794403712,0.028581442378108956
sub-S0001115033391_ses-1,0,-6.122143663465977,-6.790488826110959,-5.248018577694893,-6.0535503557572765,0.002343998363143947
sub-S0001115033738_ses-1,0,-1.1565545797348022,-0.3617211580276489,-1.1027618050575256,-0.8736791809399923,0.29448931810098
sub-S0001115036729_ses-1,0,-7.04354453086853,-10.85760849621147,-6.862889394164085,-8.254680807081362,0.000259970911568263
sub-S0001115037066_ses-1,1,2.2938022017478943,2.2712232768535614,1.609931580722332,2.0583190197745957,0.8867855143095402
sub-S0001115038576_ses-1,0,-3.420941174030304,-3.395325481891632,-3.154820144176483,-3.3236956000328064,0.034767176581237826
sub-S0001115044523_ses-1,0,-5.193473428487778,-4.146605163812637,-4.917938336730003,-4.752672309676806,0.008554790144647788
sub-S0001115044673_ses-1,0,-1.615451693534851,-1.7175098955631256,-2.3649497628211975,-1.899303783973058,0.13018729256785733
sub-S0001115044901_ses-1,0,-4.840176701545715,-4.927048847079277,-5.082669958472252,-4.9499651690324145,0.007033830422683442
sub-S0001115045037_ses-1,0,0.04036107659339905,-0.6624645636766218,0.24904360622167587,-0.12435329362051561,0.4689516765578486
sub-S0001115045247_ses-1,0,-3.290070950984955,-3.058899288007524,-2.3163105249404907,-2.8884269213109897,0.052728635823244
sub-S0001115047250_ses-1,0,-0.8124724328517914,-1.0441673826426268,-1.1704650893807411,-1.0090349682917197,0.2671687514839926
sub-S0001115049237_ses-1,0,-4.139667898416519,-2.9967190101742744,-4.287195445969701,-3.807860784853498,0.021713661442961146
sub-S0001115052997_ses-1,0,-11.677229881286621,-9.931791186332703,-7.8501245975494385,-9.819715221722921,5.4366109285892674e-05
sub-S0001115054141_ses-1,1,-1.1635069251060486,-1.7692846059799194,-1.8465256094932556,-1.593105713526408,0.16894739335672232
sub-S0001115058582_ses-1,0,-2.199491560459137,-2.2707792222499847,-2.188813216984272,-2.2196946665644646,0.09799579020585804
sub-S0001115062896_ses-2,0,-3.044117718935013,-2.1287775933742523,-3.2333345906808972,-2.8020766343300543,0.05721206159888877
sub-S0001115075565_ses-1,1,2.2264075875282288,2.4940704107284546,2.1762126088142395,2.298896869023641,0.9087856369381871
sub-S0001115077075_ses-1,0,-2.559823155403137,-3.058427333831787,-3.073023520410061,-2.8970913365483284,0.0522975361364461
sub-S0001115078403_ses-1,0,-3.527768611907959,-2.7743700742721558,-3.1631776094436646,-3.1551054318745932,0.040890580621449714
sub-S0001115078691_ses-1,0,-2.33899986743927,-1.0420768857002258,-2.518697440624237,-1.9665913979212444,0.12275547574271417
sub-S0001115081409_ses-1,0,-3.4584896564483643,-3.0481187105178833,-3.1487993746995926,-3.2184692472219467,0.038476577438970504
sub-S0001115082629_ses-1,0,-3.703547418117523,-3.871566563844681,-4.297999560832977,-3.9577045142650604,0.018748693800002516
sub-S0001115083067_ses-1,0,-0.7299579232931137,-0.7862372323870659,-0.48808364663273096,-0.6680929341043035,0.3389239961886719
sub-S0001115083603_ses-1,0,-2.439864218235016,-1.4693109393119812,-2.0337530970573425,-1.9809760848681133,0.12121482513511009
sub-S0001115089252_ses-1,0,-2.5451433956623077,-3.3141352087259293,-2.774116162210703,-2.87779825553298,0.05326205067295989
sub-S0001115089507_ses-1,0,-4.6223766803741455,-4.478571057319641,-4.3495577573776245,-4.483501831690471,0.011167669489848864
sub-S0001115090184_ses-1,0,-0.049604952335357666,0.5459462217986584,0.49150264263153076,0.3292813040316105,0.5815844967732711
sub-S0001115092772_ses-1,1,1.5665706545114517,1.4901237273588777,0.9088860005140305,1.3218601274614532,0.7894910167862915
sub-S0001115092829_ses-1,0,-0.5812013149261475,-1.207623839378357,-0.03349179029464722,-0.6074389815330505,0.35264362196091653
sub-S0001115092867_ses-1,0,0.6218851804733276,0.6078243553638458,0.6097156405448914,0.6131417254606882,0.6486571385966489
sub-S0001115094997_ses-1,0,-3.319658100605011,-2.8822627663612366,-2.9681736826896667,-3.056698183218638,0.04492917310329673
sub-S0001115095160_ses-1,0,-5.188853099942207,-5.535210971662309,-5.177198454737663,-5.30042084211406,0.004964722225793317
sub-S0001115096095_ses-1,0,-3.5773344337940216,-3.952585582563188,-5.3954132199287415,-4.308444412095317,0.013275843578351034
sub-S0001115097944_ses-1,0,-2.554581642150879,-2.9580997824668884,-2.428172528743744,-2.6469513177871704,0.0661771621841609
sub-S0001115098710_ses-1,0,-2.4565208554267883,-0.8563677072525024,-2.2792637944221497,-1.8640507857004802,0.13423159817977695
sub-S0001115099297_ses-1,0,-3.1860599517822266,-2.8250449895858765,-3.1691425442695618,-3.060082495212555,0.0447841738915458
sub-S0001115099977_ses-1,0,-3.7863849997520447,-3.637121930718422,-3.9477018117904663,-3.7904029140869775,0.022087617631890096
sub-S0001115100311_ses-1,0,-1.4838559031486511,-1.13493812084198,-2.0347797572612762,-1.5511912604173024,0.174914279740695
sub-S0001115101191_ses-1,0,-1.6899456977844238,-1.088236689567566,-1.0662200450897217,-1.2814674774805705,0.21730052998349714
sub-S0001115101256_ses-1,0,-1.8376266360282898,-2.254651367664337,-1.6017061471939087,-1.8979947169621785,0.13033560120943422
sub-S0001115101298_ses-1,0,-1.5408914685249329,-1.3789701461791992,-2.090785264968872,-1.670215626557668,0.15839543234486989
sub-S0001115104292_ses-1,0,-4.371249109506607,-4.1862543523311615,-4.80484838783741,-4.4541172832250595,0.011496866606324338
sub-S0001115105079_ses-1,0,-4.552153944969177,-4.33316770195961,-3.4362657368183136,-4.107195794582367,0.01618750312255264
sub-S0001115105845_ses-1,0,-3.5388413071632385,-2.8521523773670197,-4.115620091557503,-3.5022045920292535,0.02924956849011317
sub-S0001115106349_ses-1,0,-2.994881071150303,-3.600180988141801,-2.9028190970420837,-3.165960385444729,0.040466980397705785
sub-S0001115108018_ses-1,0,-1.9750800132751465,-2.667884945869446,-1.2411319017410278,-1.9613656202952068,0.12331933210618258
sub-S0001115111405_ses-1,0,-4.415704824030399,-3.1736825750558637,-3.9760137498378754,-3.855133716308046,0.020731862699937452
sub-S0001115111917_ses-1,0,-4.701200768351555,-4.311077140271664,-5.323339890688658,-4.778539266437292,0.008338162704729523
sub-S0001115114135_ses-1,0,-0.33899450302124023,-0.20463228225708008,-0.7182139754295349,-0.4206135869026184,0.39636993350548255
sub-S0001115114402_ses-1,1,2.8223921060562134,3.1303390860557556,3.101704776287079,3.0181453227996826,0.9533871727706743
sub-S0001115114791_ses-1,0,-0.5888127088546753,-0.36286598443984985,-0.5810563862323761,-0.5109116931756338,0.37497982769915456
sub-S0001115123564_ses-1,1,6.351781785488129,8.38359647989273,7.995005369186401,7.576794544855754,0.9994880617850621
sub-S0001115124810_ses-1,0,2.6273186206817627,2.6332607865333557,2.888243019580841,2.71627414226532,0.9379801413103291
sub-S0001115127936_ses-1,0,-0.996549665927887,0.11111027002334595,0.05210542678833008,-0.2777779897054036,0.43099861545893015
sub-S0001115128136_ses-1,0,-2.286198854446411,-1.9053000211715698,-1.6635901927947998,-1.9516963561375935,0.12436850559627585
sub-S0001115134725_ses-1,0,-2.267091602087021,-2.3166477754712105,-2.1242880262434483,-2.2360091346005597,0.09656313950296995
sub-S0001115138829_ses-3,1,2.7225248515605927,2.0692636221647263,2.339819610118866,2.3772026946147284,0.9150722939667507
sub-S0001115139512_ses-1,0,-2.6960787177085876,-2.8961395919322968,-2.970111533999443,-2.8541099478801093,0.05446925720573724
sub-S0001115141943_ses-1,0,-2.956818014383316,-4.660144776105881,-4.054788954555988,-3.890583915015062,0.020024247495597215
sub-S0001115148144_ses-1,1,-1.562683641910553,-1.5784168243408203,-2.298795163631439,-1.8132985432942708,0.14023993930678494
sub-S0001115150243_ses-1,0,-4.190684974193573,-3.4584898948669434,-4.0470419228076935,-3.8987389306227365,0.01986484418672673
sub-S0001115155737_ses-1,0,-5.94547775387764,-6.268893212080002,-5.203958362340927,-5.806109776099523,0.0030000858584607625
sub-S0001115157132_ses-1,0,-1.304229497909546,-1.1134144067764282,-1.360637605190277,-1.2594271699587505,0.22107251748282628
sub-S0001115158616_ses-1,0,-1.4163663387298584,-1.3152985572814941,-1.4444111585617065,-1.392025351524353,0.19908461785459225
sub-S0001115159624_ses-3,0,-4.550156235694885,-3.6105576157569885,-5.209034711122513,-4.4565828541914625,0.011468879882394265
sub-S0001115165116_ses-1,0,-0.7363639920949936,-0.773747880011797,-0.705585390329361,-0.7385657541453838,0.3233178534237797
sub-S0001115165675_ses-1,0,-2.487884134054184,-2.5724982619285583,-2.5329908775165677,-2.53112442449977,0.07370484259276207
sub-S0001115168518_ses-1,0,-1.61229407787323,-1.2113255113363266,-0.9640415236353874,-1.262553704281648,0.22053459950605886
sub-S0001115173895_ses-1,0,-3.2293681502342224,-3.2317148447036743,-3.5811638832092285,-3.3474156260490417,0.03397989481585871
sub-S0001115175345_ses-1,0,-1.7697588205337524,-1.4060571193695068,-1.5735304951667786,-1.5831154783566792,0.17035470674373218
sub-S0001115178026_ses-1,0,-1.2848129570484161,-0.9603789560496807,-0.6949525326490402,-0.980048148582379,0.27288223003216155
sub-S0001115180025_ses-1,0,0.08603602647781372,-0.005255460739135742,0.12881940603256226,0.06986665725708008,0.5174595627059356
sub-S0001115180090_ses-1,0,-2.613347142934799,-1.9178331941366196,-2.28038826584816,-2.2705228676398597,0.09359384583788098
sub-S0001115180136_ses-1,0,-4.00121134519577,-3.529232233762741,-4.144688427448273,-3.8917106688022614,0.020002148847518605
sub-S0001115180158_ses-1,0,-0.8719767928123474,-0.06798982620239258,-0.9422634840011597,-0.6274100343386332,0.34809803635734904
sub-S0001115180309_ses-1,0,-1.1816835477948189,-1.71430910093477,-2.2533862590789795,-1.7164596359361894,0.15232774716303243
sub-S0001115183141_ses-1,0,-3.8383715748786926,-3.6233412623405457,-3.8648362159729004,-3.7755163510640464,0.02241146174224297
sub-S0001115186811_ses-1,0,-3.2318991124629974,-2.4944703578948975,-2.946364477276802,-2.8909113158782325,0.05260468227229177
sub-S0001115187685_ses-1,0,-3.7522023022174835,-3.4936724305152893,-4.442661595530808,-3.89617877608786,0.019914752310680343
sub-S0001115188734_ses-1,0,-5.63280463218689,-4.5875003188848495,-5.573543399572372,-5.2646161168813705,0.005144772290506616
sub-S0001115190277_ses-1,0,-3.060440957546234,-3.830180048942566,-2.149872124195099,-3.0134977102279663,0.04681980322524634
sub-S0001115192947_ses-1,0,-1.1197468936443329,-1.5320390984416008,-1.60748852789402,-1.4197581733266513,0.19469949718399773
sub-S0001115194105_ses-1,0,-1.477994978427887,-1.7465994954109192,-1.3892139196395874,-1.5379361311594646,0.1768355008930566
sub-S0001115194547_ses-1,0,-0.6017501354217529,-1.3381149172782898,0.0815049409866333,-0.6194533705711365,0.3499057839619368
sub-S0001115196028_ses-1,0,-3.5841287672519684,-3.685863522812724,-4.098041247576475,-3.7893445125470557,0.022110490413058567
sub-S0001115196325_ses-1,0,-4.870896600186825,-4.276735045015812,-5.282172411680222,-4.80993468562762,0.008082532247209189
sub-S0001115197758_ses-1,0,1.3603283166885376,1.6880877017974854,1.5732327699661255,1.540549596150716,0.823544606124592
sub-S0001115205306_ses-1,0,-2.4466364085674286,-2.202880961820483,-2.9050197824835777,-2.5181790509571633,0.07459354676284452
sub-S0001115208887_ses-1,0,-2.8875615298748016,-2.5132925510406494,-3.378664717078209,-2.9265062659978867,0.05085871041688449
sub-S0001115208983_ses-1,1,2.319216161966324,2.3088002800941467,2.2136981934309006,2.2805715451637902,0.9072551497417889
sub-S0001115210016_ses-1,0,-3.621519833803177,-3.5862908512353897,-4.174781568348408,-3.794197417795658,0.022005805741415863
sub-S0001115210966_ses-1,0,-5.128587603569031,-4.913652777671814,-5.214543342590332,-5.0855945746103925,0.006147186797310397
sub-S0001115211035_ses-1,0,-1.708874225616455,-2.010026566684246,-1.7499354034662247,-1.8229453985889752,0.13908082369121014
sub-S0001115224993_ses-1,0,-4.456160396337509,-4.861487444490194,-4.670251987874508,-4.662633276234071,0.009353257968003842
sub-S0001115228006_ses-1,0,-4.324003338813782,-3.8128242939710617,-4.585421204566956,-4.2407496124506,0.014192469692053088
sub-S0001115230943_ses-2,0,-3.1721091270446777,-0.9883208274841309,-2.400757312774658,-2.187062422434489,0.10091831887779076
sub-S0001115233309_ses-1,0,-2.213474988937378,-2.022861957550049,-2.4905532002449036,-2.2422967155774436,0.09601600879217331
sub-S0001115236420_ses-1,0,-1.7555662393569946,-1.58868807554245,-1.391233891248703,-1.5784960687160492,0.1710085808313243
sub-S0001115237630_ses-1,0,-7.789514005184174,-6.703098484314978,-7.331135608255863,-7.274582699251671,0.0006924494018399411
sub-S0001115240621_ses-1,0,-2.2967077493667603,-2.6183917224407196,-2.952512502670288,-2.6225373248259225,0.06770196589477004
sub-S0001115242475_ses-1,0,-4.050854079425335,-3.533634706400335,-4.565256491303444,-4.049915092376371,0.017125462437620254
sub-S0001115243864_ses-1,0,-3.1624933928251266,-4.116854647174478,-2.8196122497320175,-3.366320096577207,0.033364787952197994
sub-S0001115251528_ses-1,0,-0.7335744202136993,-0.726418063044548,0.4367089569568634,-0.341094508767128,0.415543632322682
sub-S0001115253685_ses-1,0,-2.7694413661956787,-2.776516079902649,-1.4454535245895386,-2.330470323562622,0.08863066539071913
sub-S0001115255193_ses-1,0,1.31978377699852,1.2675520777702332,1.0792708583176136,1.2222022376954556,0.7724508701355809
sub-S0001115257116_ses-4,1,1.4176314771175385,1.0654019564390182,0.8745166808366776,1.1191833714644115,0.753837208824358
sub-S0001115257124_ses-1,0,-1.5572463274002075,-2.5872381925582886,-0.7845364511013031,-1.6430069903532665,0.1620563160752038
sub-S0001115263031_ses-1,0,-1.3044830411672592,-1.3459230707376264,-1.2447253628633916,-1.2983771582560923,0.2144382652558244
sub-S0001115265410_ses-1,0,-3.8179208040237427,-4.084872007369995,-3.215853229165077,-3.706215346852938,0.023981113669575817
sub-S0001115271624_ses-1,0,-2.0014142245054245,-2.3945068166940473,-1.7202987968921661,-2.038739946030546,0.1151951010255643
sub-S0001115276711_ses-1,0,-5.702957034111023,-5.560629606246948,-4.392329454421997,-5.21863869825999,0.005385534120083223
sub-S0001115277717_ses-1,0,-4.090590834617615,-3.3598548769950867,-3.627841591835022,-3.6927624344825745,0.024298017425265023
sub-S0001115278908_ses-1,0,-2.366368532180786,-2.5109414160251617,-2.9181370437145233,-2.598482330640157,0.06923615885503955
sub-S0001115280601_ses-1,0,-1.7438860833644867,-1.8828428983688354,-1.9023745954036713,-1.843034525712331,0.13669279968402215
sub-S0001115284468_ses-1,0,-3.0403152108192444,-2.497617606946733,-2.5535986125469208,-2.697177143437633,0.06314013200006416
sub-S0001115284863_ses-1,1,2.6769896745681763,2.363028883934021,2.622048795223236,2.5540224512418113,0.9278432821560283
sub-S0001115285774_ses-1,0,-4.4637333154678345,-2.9368127584457397,-4.429129600524902,-3.9432252248128257,0.019016936373714443
sub-S0001115286186_ses-1,0,-5.140699923038483,-5.204517692327499,-3.3900026977062225,-4.578406771024068,0.010166821771739509
sub-S0001115288744_ses-1,0,-4.202192008495331,-4.467739105224609,-3.392866499722004,-4.020932537813981,0.017620191107939866
sub-S0001115289236_ses-1,0,-2.892084315419197,-3.0254969149827957,-3.070805102586746,-2.996128777662913,0.04760106879840442
sub-S0001115292210_ses-1,0,-1.106028437614441,-1.5248609781265259,-1.2103888094425201,-1.2804260750611622,0.21747770490342166
sub-S0001115294051_ses-1,0,1.4009864926338196,1.5588514804840088,1.7925352044403553,1.5841243925193946,0.8297878396902754
sub-S0001115294391_ses-1,0,-1.1100993156433105,-0.8901231288909912,-1.2794018387794495,-1.093208094437917,0.25101465479661894
sub-S0001115294984_ses-1,0,-1.6593679636716843,-2.3068469808786176,-1.7110649645328522,-1.8924266363610514,0.13096803341732385
sub-S0001115295453_ses-2,1,1.357921838760376,1.6191881895065308,2.049201190471649,1.675437072912852,0.8422993785585678
sub-S0001115301129_ses-1,0,-4.387341111898422,-3.7412141039967537,-3.9595171064138412,-4.029357440769672,0.017474949518332894
sub-S0001115301140_ses-1,0,-4.368285149335861,-2.950995624065399,-3.6934065967798233,-3.6708957900603614,0.02482185165888113
sub-S0001115302421_ses-1,0,-2.2292532324790955,-1.7186689972877502,-2.2608938813209534,-2.0696053703626,0.11208630725751349
sub-S0001115305392_ses-1,0,-4.803017258644104,-5.443216383457184,-3.4031030237674713,-4.54977888862292,0.010458994399386749
sub-S0001115306466_ses-1,0,2.185026168823242,2.2726983726024628,2.675596207380295,2.3777735829353333,0.9151166500355082
sub-S0001115306838_ses-1,0,-2.085674464702606,-1.2792189717292786,-1.5002740621566772,-1.6217224995295207,0.16496745342798808
sub-S0001115306995_ses-1,0,-2.269051879644394,-2.149838149547577,-1.8706319034099579,-2.0965073108673096,0.10943675585316127
sub-S0001115307143_ses-1,1,2.003275454044342,2.1663456335663795,2.2610644660890102,2.143561851233244,0.8950656218430288
sub-S0001115307167_ses-1,0,0.24980786815285683,-0.2088180230348371,-0.411141037940979,-0.12338373094098642,0.4691931398207945
sub-S0001115311976_ses-1,0,-1.802514910697937,-2.461859941482544,-1.6521697044372559,-1.9721815188725789,0.12215476317017093
sub-S0001115312558_ses-1,0,-2.087834596633911,-2.686393678188324,-1.3109140992164612,-2.028380791346232,0.1162551760801346
sub-S0001115314027_ses-1,0,-2.3329150676727295,-1.8865469992160797,-1.204532504081726,-1.8079981903235118,0.14088023662399976
sub-S0001115315854_ses-3,1,0.6060253381729126,1.3294511437416077,1.0654250532388687,1.0003005117177963,0.7311176587170842
sub-S0001115317921_ses-1,1,-1.804848313331604,-2.0091670751571655,-1.1444076299667358,-1.6528076728185017,0.16072984554131833
sub-S0001115320931_ses-1,0,1.5765261352062225,1.6198845505714417,1.4723260067403316,1.5562455641726654,0.825813955609629
sub-S0001115321064_ses-3,0,-3.625245690345764,-4.472417153418064,-4.912797346711159,-4.336820063491662,0.012909222072494331
sub-S0001115321328_ses-1,0,-1.8271930813789368,-2.0014265179634094,-2.319998025894165,-2.0495392084121704,0.11409894998673503
sub-S0001115321370_ses-1,0,-3.4524343609809875,-3.510000914335251,-3.76904296875,-3.577159414688746,0.027194764638590087
sub-S0001115323361_ses-1,0,-4.081357896327972,-3.6033520102500916,-3.9785825610160828,-3.8877641558647156,0.020079655363683616
sub-S0001115323841_ses-1,0,-0.23985642194747925,-0.4154559373855591,-0.13884690403938293,-0.26471975445747375,0.43420384399967893
sub-S0001115327959_ses-1,0,1.8336833119392395,1.8497491776943207,2.0771711468696594,1.9202012121677399,0.8721608697705358
sub-S0001115331396_ses-1,0,-6.57419228553772,-5.943978808820248,-6.511724729090929,-6.3432986078162985,0.0017554052174836353
sub-S0001115333375_ses-1,0,-0.5113589763641357,-1.548155665397644,-1.1067450046539307,-1.05541988213857,0.25818569362396343
sub-S0001115335668_ses-1,0,-3.657953679561615,-3.866184152662754,-3.5667178332805634,-3.696951888501644,0.024198893118503907
sub-S0001115336422_ses-1,0,-1.6898562908172607,-1.2943757772445679,-1.7274113297462463,-1.5705477992693584,0.17213831263885168
sub-S0001115336991_ses-1,0,-1.628428801894188,-1.8021435881964862,-1.8302870988845825,-1.753619829658419,0.14759121314840137
sub-S0001115337468_ses-1,0,-2.5075169801712036,-2.208506405353546,-2.476858288049698,-2.397627224524816,0.08335381153014002
sub-S0001115338392_ses-1,0,-4.387694299221039,-4.4816734790802,-2.4623661041259766,-3.7772446274757385,0.022373627846911385
sub-S0001115343197_ses-1,0,-4.141466915607452,-3.027674585580826,-3.8030821681022644,-3.657407889763514,0.025150437069396448
sub-S0001115344378_ses-1,0,-4.881843745708466,-4.591741643846035,-5.672664433717728,-5.048749941090743,0.006376430709678262
sub-S0001115351305_ses-1,0,-0.962626039981842,-1.2775986194610596,-1.1411083340644836,-1.1271109978357952,0.2446946500061742
sub-S0001115351782_ses-1,0,-1.1304044127464294,-0.4802635908126831,-1.0540324449539185,-0.888233482837677,0.2914745090396435
sub-S0001115353844_ses-1,0,-4.123007655143738,-4.206445693969727,-3.441259741783142,-3.9235710302988687,0.019387078281636185
sub-S0001115362557_ses-1,0,-0.4220438003540039,-0.2775280475616455,-0.4127657413482666,-0.37077919642130536,0.4083527536674019
sub-S0001115366348_ses-1,0,-2.14600932598114,-1.5444769263267517,-2.733385533094406,-2.1412905951340995,0.10514789318856586
sub-S0001115366697_ses-1,0,-2.537924498319626,-3.6281744837760925,-3.0086465924978256,-3.058248524864515,0.044862694017524775
sub-S0001115369497_ses-1,0,-1.9324761629104614,-3.109261989593506,-2.796736240386963,-2.61282479763031,0.06831758513060754
sub-S0001115373386_ses-1,0,-2.019175261259079,-1.712555855512619,-1.8003757745027542,-1.8440356304248173,0.13657470440317346
sub-S0001115374835_ses-1,1,1.3667069673538208,0.9959568381309509,1.9640642404556274,1.442242681980133,0.8088017033651751
sub-S0001115374848_ses-1,0,-2.1706029176712036,-1.7971243262290955,-1.7957910299301147,-1.9211727579434712,0.1277308456439264
sub-S0001115374882_ses-1,0,-4.150447815656662,-3.530474353581667,-4.445468395831995,-4.042130188356775,0.017256993127878827
sub-S0001115377922_ses-1,0,-3.8936939984560013,-4.045598115772009,-2.7785680890083313,-3.572620067745447,0.027315112098897094
sub-S0001115378958_ses-1,0,-4.012270212173462,-2.638183295726776,-3.7848464250564575,-3.478433310985565,0.0299321370194945
sub-S0001115379775_ses-1,0,-2.587258815765381,-3.1550402641296387,-3.046705037355423,-2.929668039083481,0.050706301544214086
sub-S0001115382405_ses-1,0,-3.9825933277606964,-3.6604083478450775,-3.808519497513771,-3.817173724373182,0.021516713002116793
sub-S0001115391620_ses-1,0,-2.349376916885376,-2.6757035851478577,-2.641620561480522,-2.555567021171252,0.07205337700438462
sub-S0001115396036_ses-1,0,-1.4141839183866978,-0.7197609589784406,-2.070897877216339,-1.4016142515271592,0.19756007905170192
sub-S0001115399114_ses-1,0,-1.8866273164749146,-2.1237961649894714,-2.116137206554413,-2.042186896006266,0.11484423573157664
sub-S0001115403264_ses-1,0,-4.530263185501099,-4.574788570404053,-3.9014875292778015,-4.335513095060985,0.012925886821124945
sub-S0001115409415_ses-1,1,0.5192824602127075,1.1559270024299622,0.8289307057857513,0.8347133894761404,0.697350627884167
sub-S0001115413120_ses-1,0,-2.383666768670082,-2.567371492215898,-2.5432618483901024,-2.498100036425361,0.07599148191088807
sub-S0001115414515_ses-1,0,-3.8415520638227463,-3.2338065952062607,-3.124517545104027,-3.3999587347110114,0.03229675436545038
sub-S0001115416069_ses-1,0,-5.283115208148956,-4.453688323497772,-4.519411504268646,-4.752071678638458,0.008559885964309203
sub-S0001115416862_ses-1,0,-2.8733361959457397,-3.037339210510254,-1.6734840273857117,-2.5280531446139016,0.07391480108840381
sub-S0001115418893_ses-1,0,-2.1100844740867615,-2.0253194868564606,-0.6932101249694824,-1.6095380286375682,0.1666527621024429
sub-S0001115419918_ses-1,0,-4.950070738792419,-4.762192010879517,-5.44281792640686,-5.051693558692932,0.006357807693579784
sub-S0001115430664_ses-1,0,-3.1928173899650574,-3.1626227647066116,-3.414928287267685,-3.2567894806464515,0.03708368184282562
sub-S0001115431388_ses-1,0,-3.2206639647483826,-3.110310971736908,-2.7732173204421997,-3.0347307523091636,0.045881287227553726
sub-S0001115432436_ses-1,0,-5.969787821173668,-5.82810865342617,-4.910911772400141,-5.569602748999993,0.003797518331651273
sub-S0001115432819_ses-1,0,-6.444079667329788,-6.072387278079987,-6.094728350639343,-6.203731765349706,0.002017791675543931
sub-S0001115434611_ses-1,0,-4.234834551811218,-4.158891797065735,-4.60462886095047,-4.332785069942474,0.012960739459413331
sub-S0001115437294_ses-1,0,-5.139477908611298,-4.364536464214325,-4.201437801122665,-4.568484057982762,0.010267165467392616
sub-S0001115438083_ses-1,0,-2.5856998562812805,-2.603588342666626,-2.7362954020500183,-2.6418612003326416,0.0664924154310724
sub-S0001115444061_ses-1,0,-2.919194996356964,-2.7304797992110252,-2.9682221561670303,-2.8726323172450066,0.053523146149128495
sub-S0001115452485_ses-1,0,-3.9225635528564453,-3.3271557986736298,-3.2524461150169373,-3.5007218221823373,0.02929169970393913
sub-S0001115453167_ses-1,0,1.5740064084529877,1.8594588041305542,1.546676144003868,1.66004711886247,0.8402443281015612
sub-S0001115460534_ses-1,0,-2.994253396987915,-2.8671830892562866,-2.727536380290985,-2.8629909555117288,0.054013670022624444
sub-S0001115462503_ses-1,0,-1.8096322119235992,-2.112438142299652,-2.6351606510579586,-2.18574366842707,0.10103803744510298
sub-S0001115467082_ses-1,0,-0.07703161239624023,-0.6619412899017334,-0.5565853491425514,-0.431852750480175,0.3936839987546818
sub-S0001115467178_ses-1,0,-3.0049478113651276,-3.3348888158798218,-2.2220269069075584,-2.853954511384169,0.05447726310608337
sub-S0001115467345_ses-1,0,-3.4954074323177338,-3.41227588057518,-2.9168824404478073,-3.2748552511135736,0.036443948050811796
sub-S0001115470510_ses-1,0,-1.0781668722629547,-1.2127366065979004,-0.6612330824136734,-0.9840455204248428,0.27208980191061144
sub-S0001115472535_ses-1,0,-2.578061819076538,-2.4016907066106796,-1.170240581035614,-2.049997702240944,0.11405261345576373
sub-S0001115475026_ses-1,0,-0.7830154299736023,-0.13985222578048706,-0.36090124398469925,-0.4279229665795962,0.39462241688277316
sub-S0001115479394_ses-1,0,-0.5539655089378357,-0.8516281843185425,-2.010478973388672,-1.1386908888816833,0.24256079644538067
sub-S0001115485066_ses-1,1,-0.4143146276473999,-0.16689777374267578,-0.03829073905944824,-0.20650104681650797,0.4485574126658341
sub-S0001115486042_ses-1,0,-4.987142324447632,-4.225444734096527,-4.177591294050217,-4.463392784198125,0.011391929658897152
sub-S0001115488587_ses-1,0,-0.7649239897727966,-0.4136921167373657,-0.17839166522026062,-0.452335923910141,0.38880552296365317
sub-S0001115491224_ses-1,0,-3.8805277049541473,-4.2325204834342,-4.153201878070831,-4.08875002215306,0.016483897384640997
sub-S0001115495451_ses-1,0,-3.5357760190963745,-3.241904616355896,-3.7208117842674255,-3.4994974732398987,0.029326532539808502
sub-S0001115497376_ses-1,0,-2.9778037071228027,-2.1923834085464478,-3.0283628702163696,-2.7328499952952066,0.061062556859425625
sub-S0001115498285_ses-2,1,2.230400651693344,2.243267923593521,2.4297362565994263,2.301134943962097,0.9089709909439148
sub-S0001115504079_ses-1,0,-1.6294745206832886,-1.8675497770309448,-1.7992923259735107,-1.7654388745625813,0.14611046693753302
sub-S0001115505742_ses-2,1,3.6408786177635193,3.5258654356002808,3.5402961671352386,3.569013406833013,0.9725888989998612
sub-S0001115505763_ses-1,0,-2.3631791174411774,-2.604422591626644,-2.531853713095188,-2.4998184740543365,0.07587090664450663
sub-S0001115506971_ses-1,0,-4.383581578731537,-3.7134478092193604,-4.111748576164246,-4.069592654705048,0.01679737416095802
sub-S0001115507167_ses-1,0,-1.364987075328827,-1.6138882637023926,-1.7663148045539856,-1.581730047861735,0.17055060458581042
sub-S0001115507435_ses-1,0,-3.107333928346634,-3.366158132383134,-2.720162481069565,-3.064551513933111,0.04459338419733473
sub-S0001115509440_ses-1,0,0.740015335381031,0.4688179362565279,0.7839147448539734,0.6642493388305107,0.6602142964817467
sub-S0001115509563_ses-1,0,-2.158958464860916,-2.5688439160585403,-1.4341283589601517,-2.053976913293203,0.11365115268727458
sub-S0001115510741_ses-1,0,-4.712132394313812,-4.693791046738625,-4.336783200502396,-4.580902213851611,0.01014173966103525
sub-S0001115511806_ses-1,0,-4.914205700159073,-3.9304518485441804,-4.571047514677048,-4.471901687793434,0.011296498412655608
sub-S0001115512231_ses-1,0,-2.024525910615921,-2.0895747542381287,-1.5958700627088547,-1.9033235758543015,0.12973277340465456
sub-S0001115522832_ses-1,0,-3.4410492181777954,-3.109216809272766,-2.8797693848609924,-3.143345137437185,0.04135430061262967
sub-S0001115524121_ses-1,0,-2.9807745218276978,-2.7990794479846954,-3.279855355620384,-3.0199031084775925,0.046534773333733445
sub-S0001115524464_ses-1,0,-0.8845077753067017,-1.272873342037201,-0.6455642953515053,-0.934315137565136,0.2820500872743851
sub-S0001115531620_ses-1,0,0.019995391368865967,0.23447340726852417,-0.29905200004577637,-0.014861067136128744,0.49628480159125443
sub-S0001115534492_ses-1,0,-0.8609040975570679,-1.2476229667663574,-0.3469720482826233,-0.8184997042020162,0.30608222382152983
sub-S0001115538951_ses-1,0,-2.4045333862304688,-1.7593064308166504,-1.990159034729004,-2.051332950592041,0.11391776331355423
sub-S0001115540504_ses-1,0,-1.502139925956726,-0.9083181023597717,-0.9137040972709656,-1.1080540418624878,0.2482338532769139
sub-S0001115544204_ses-1,0,-2.471154808998108,-1.7976500988006592,-1.8102823495864868,-2.026362419128418,0.11646270412867021
sub-S0001115544917_ses-1,0,-2.1688329577445984,-2.4857682287693024,-1.6131623312830925,-2.089254505932331,0.11014562165936359
sub-S0001115545274_ses-1,0,-2.3577674627304077,-1.9307208061218262,-2.351973742246628,-2.2134873370329538,0.09854584311802272
sub-S0001115545375_ses-1,0,-2.143103837966919,-1.742867112159729,-2.515988051891327,-2.1339863340059915,0.10583714918696592
sub-S0001115549333_ses-1,0,-0.9766111671924591,-0.8808220055652782,-0.9645245969295502,-0.9406525898957625,0.2807685413155785
sub-S0001115551999_ses-1,0,-2.6423761397600174,-2.6733461222611368,-2.3370329029858112,-2.550918388335655,0.07236481143850897
sub-S0001115558716_ses-1,0,-3.011844754219055,-2.9051480889320374,-2.4705118536949158,-2.7958348989486694,0.057549665536904535
sub-S0001115565042_ses-1,0,-1.6294488906860352,-1.413430631160736,-1.8808778524398804,-1.6412524580955505,0.1622947124372127
sub-S0001115567637_ses-1,0,2.8996589183807373,2.8127176761627197,2.8631174713373184,2.8584980219602585,0.9457562976265065
sub-S0001115568448_ses-1,0,-2.1360349655151367,-1.4779282808303833,-2.281864285469055,-1.9652758439381917,0.12289721355936185
sub-S0001115575691_ses-1,0,-4.191248267889023,-4.131485164165497,-3.4906273633241653,-3.937786931792895,0.019118655138535893
sub-S0001115582085_ses-1,0,-1.1925851106643677,-1.1862235069274902,0.3546057939529419,-0.6747342745463053,0.3374375694214562
sub-S0001115583297_ses-2,1,-1.3155807256698608,0.008231639862060547,-0.4536430835723877,-0.586997389793396,0.3573240886898566
sub-S0001115584051_ses-1,0,-3.1825810968875885,-4.107087530195713,-2.825165256857872,-3.371611294647058,0.03319455916243061
sub-S0001115586383_ses-4,1,1.4253515601158142,1.6268696784973145,1.3890373185276985,1.4804195190469425,0.8146359382181477
sub-S0001115598739_ses-1,0,-3.5492962896823883,-3.657995109388139,-3.7694491017609835,-3.6589135002771704,0.025113549052180186
sub-S0001115606259_ses-1,0,-5.260851241648197,-4.721227673813701,-5.549269214272499,-5.177116043244799,0.005612581892893634
sub-S0001115606296_ses-1,0,-3.3172068893909454,-3.251373653241899,-3.9752033948898315,-3.514594645840892,0.028899809402546488
sub-S0001115606378_ses-1,0,-1.257621943950653,-0.4166843295097351,-0.1795089840888977,-0.6179384191830953,0.3502504708803164
sub-S0001115607745_ses-1,0,-5.034787893295288,-5.126047611236572,-5.467577159404755,-5.209470887978871,0.005434865119651934
sub-S0001115608049_ses-1,0,-1.3194420337677002,-0.38646191358566284,-0.6947846412658691,-0.800229529539744,0.30997642241925283
sub-S0001115608448_ses-1,0,-1.0980151295661926,-1.6670249700546265,-1.7712071537971497,-1.5120824178059895,0.1806303839694424
sub-S0001115609464_ses-1,0,-4.458114713430405,-3.4202594310045242,-4.083850562572479,-3.987408235669136,0.018209969728139267
sub-S0001115610584_ses-1,0,-0.7759708762168884,-0.24913457036018372,-0.7291812896728516,-0.5847622454166412,0.3578375387821547
sub-S0001115610952_ses-1,0,-5.106159567832947,-4.999070227146149,-4.553750991821289,-4.886326928933461,0.007492538074760401
sub-S0001115612556_ses-1,0,-3.0823655128479004,-3.9335326552391052,-3.795482024550438,-3.6037933975458145,0.02649896022280792
sub-S0001115614024_ses-1,0,-8.333754293620586,-12.63127263262868,-8.219776630401611,-9.728267852216959,5.9571849110278884e-05
sub-S0001115614313_ses-1,0,2.0931942462921143,1.9416998326778412,3.0679619908332825,2.3676186899344125,0.9143245041062186
sub-S0001115615578_ses-1,0,-2.836107313632965,-2.9409773349761963,-2.3418514281511307,-2.706312025586764,0.06260192370400969
sub-S0001115616619_ses-1,0,-3.400411367416382,-4.499126136302948,-3.8574599027633667,-3.918999135494232,0.019474186830098737
sub-S0001115617858_ses-1,0,-2.478771448135376,-1.6283094882965088,-2.0655980110168457,-2.0575596491495767,0.11329074659241686
sub-S0001115619987_ses-1,0,-4.434569224715233,-5.059811954328325,-5.643635809421539,-5.046005662821699,0.0063938414049644395
sub-S0001115620070_ses-2,1,-0.10202252864837646,0.5206072330474854,0.9492194652557373,0.45593472321828205,0.6120493375375265
sub-S0001115620949_ses-1,0,-1.6596099138259888,-1.6030980050563812,-2.263010084629059,-1.8419060011704762,0.13682602908075983
sub-S0001115623243_ses-1,0,-3.5182357132434845,-4.350045379251242,-4.237019509077072,-4.0351002005239325,0.017376621509893393
sub-S0001115623763_ses-1,0,-4.631930589675903,-3.2756325006484985,-4.127319097518921,-4.011627395947774,0.017781985573201726
sub-S0001115625035_ses-1,0,-1.2242120504379272,-0.773018479347229,-0.9015432000160217,-0.966257909933726,0.27562700813501545
sub-S0001115626379_ses-1,0,-2.268446058034897,-2.907057162374258,-2.475296303629875,-2.55026650801301,0.0724085831562175
sub-S0001115628953_ses-1,0,-2.7727909684181213,-2.673474073410034,-2.358264684677124,-2.601509908835093,0.06904130837458766
sub-S0001115633450_ses-1,0,0.5799811333417892,0.9740093126893044,0.7494228705763817,0.7678044388691584,0.6830457585174116
sub-S0001115635716_ses-1,0,-2.9516992568969727,-2.8731565475463867,-2.6515005826950073,-2.825452129046122,0.05596418729483187
sub-S0001115639003_ses-1,0,-4.574905037879944,-3.814536988735199,-3.9325916171073914,-4.107344547907512,0.01618513432673677
sub-S0001115646103_ses-1,0,2.1878228187561035,1.7994894683361053,2.0921491980552673,2.0264871617158255,0.8835501311625281
sub-S0001115650723_ses-1,0,-5.146662503480911,-4.293522775173187,-3.7114482913166285,-4.383877856656909,0.0123231269408915
sub-S0001115653421_ses-1,0,-2.643244981765747,-2.349576711654663,-2.2209015786647797,-2.4045744240283966,0.08282453825001783
sub-S0001115654354_ses-1,0,-2.8540199398994446,-2.7189018428325653,-2.680293023586273,-2.7510716021060944,0.06002615863353301
sub-S0001115656186_ses-1,0,-0.7619559466838837,-1.0404265224933624,-1.5056004859507084,-1.1026609850426514,0.24924163806000119
sub-S0001115659273_ses-1,0,-1.6819919534027576,-1.1979125784127973,-1.0427459627389908,-1.3075501648515153,0.21289707893840099
sub-S0001115662333_ses-1,0,-3.579085648059845,-3.2098759301006794,-3.1769375056028366,-3.3219663612544537,0.0348252538110461
sub-S0001115662635_ses-1,0,-0.8727406561374664,-0.9944306761026382,-0.7993510961532593,-0.8888408094644547,0.291349101579855
sub-S0001115662698_ses-1,0,-2.498980700969696,-2.1982297748327255,-2.3428857028484344,-2.346698726216952,0.0873285332147683
sub-S0001115663429_ses-3,0,-6.088347673416138,-10.334656238555908,-5.172732591629028,-7.198578834533691,0.0007470890253410453
sub-S0001115677340_ses-1,0,-1.5950552821159363,-1.825345903635025,-1.1697858572006226,-1.530062347650528,0.17798456376408167
sub-S0001115678905_ses-1,0,-1.8435684442520142,-2.210191447287798,-1.3325075209140778,-1.7954224708179634,0.14240919855846101
sub-S0001115681479_ses-1,0,-2.4796427339315414,-2.646531779784709,-2.234268493950367,-2.4534810025555394,0.07918436257867774
sub-S0001115683259_ses-1,0,0.7409984022378922,0.3782617300748825,0.30681438744068146,0.47535817325115204,0.6166511775294341
sub-S0001115683986_ses-1,0,-2.145787686109543,-2.143447868525982,-3.0142737329006195,-2.4345030958453813,0.08057921919046257
sub-S0001115684282_ses-1,0,-4.358636975288391,-3.9142290353775024,-2.674124240875244,-3.6489967505137124,0.02535748621699537
sub-S0001115685485_ses-1,0,-4.257488429546356,-4.105890393257141,-2.5604917276650667,-3.6412901834895215,0.025548648344273936
sub-S0001115689373_ses-1,0,-2.3260718286037445,-2.54359376890352,-2.4581242464482784,-2.4425966146518476,0.07998163289019385
sub-S0001115691548_ses-1,0,-2.2699167132377625,-2.444148540496826,-1.9134389162063599,-2.2091680566469827,0.09893021038289429
sub-S0001115698974_ses-1,0,-3.1791350841522217,-3.7046179473400116,-3.2676486410200596,-3.3838005575040975,0.03280559109502949
sub-S0001115701939_ses-1,0,-3.4183019399642944,-2.339319944381714,-3.261761426925659,-3.0064611037572226,0.04713483413962666
sub-S0001115702420_ses-1,0,-0.7618990242481232,-1.2943271100521088,-0.48500263690948486,-0.8470762570699056,0.3000465387590708
sub-S0001115703167_ses-1,0,-3.090823531150818,-2.94938562810421,-2.760694444179535,-2.9336345344781876,0.05051571350495741
sub-S0001115704028_ses-2,0,-3.4534576535224915,-3.0534383058547974,-2.536599278450012,-3.0144984126091003,0.0467751644176916
sub-S0001115706404_ses-1,0,-5.926694601774216,-6.4489670395851135,-6.7649009972810745,-6.380187546213468,0.0016919375681683283
sub-S0001115709303_ses-1,0,-5.210899233818054,-5.461408376693726,-5.9060028195381165,-5.526103476683299,0.003965683543608207
sub-S0001115711477_ses-1,0,0.5189363360404968,1.7672313824295998,1.287192553281784,1.1911200905839603,0.7669413316829473
sub-S0001115712986_ses-1,0,-0.779129222035408,-0.2208659052848816,-0.16803231835365295,-0.3893424818913142,0.4038755948175241
sub-S0001115714604_ses-1,0,-2.9881436824798584,-2.780237343162298,-2.8069574423134327,-2.8584461559851966,0.05424636322815669
sub-S0001115721276_ses-1,0,-1.0910659432411194,-2.472093552350998,-1.4525872468948364,-1.6719155808289845,0.15816894927389666
sub-S0001115721849_ses-1,0,-2.3732115030288696,-2.374068260192871,-2.054634928703308,-2.2673048973083496,0.09386719650773906
sub-S0001115724346_ses-1,0,-1.4434266090393066,-1.2860095500946045,-0.9426577091217041,-1.2240312894185383,0.22722779670428322
sub-S0001115724572_ses-1,0,-1.0217286944389343,-0.847428023815155,-0.9530882239341736,-0.9407483140627543,0.2807492114158102
sub-S0001115729033_ses-1,0,-4.907276272773743,-4.585945963859558,-4.878336161375046,-4.790519466002782,0.008239684012103052
sub-S0001115729656_ses-1,0,-1.7732669115066528,-1.5457719564437866,-0.8701106309890747,-1.3963831663131714,0.1983906756672454
sub-S0001115730011_ses-1,0,-1.27200148999691,-1.5847155814990401,-1.961226150393486,-1.6059810739631455,0.16714733650830987
sub-S0001115730116_ses-1,0,-4.622194081544876,-4.291297823190689,-4.320502188056707,-4.411331364264091,0.01199341795376366
sub-S0001115730508_ses-1,0,-0.6575710773468018,-1.1908036470413208,-0.4448397159576416,-0.764404813448588,0.3176906984175673
sub-S0001115731213_ses-1,0,-0.8601118326187134,-1.2466521263122559,-1.0332814455032349,-1.046681801478068,0.2598627949052315
sub-S0001115735531_ses-1,0,-4.527728587388992,-4.041910074651241,-4.425616919994354,-4.331751860678196,0.012973963709654167
sub-S0001115735824_ses-1,0,-2.9032333493232727,-1.896243929862976,-2.279314637184143,-2.359597305456797,0.0863059445817803
sub-S0001115736951_ses-1,1,1.0951304733753204,0.9289302751421928,1.0185901075601578,1.0142169520258904,0.7338446021819289
sub-S0001115739084_ses-1,0,-5.758686527609825,-4.8046268709003925,-5.48749796114862,-5.350270453219612,0.004724440728439151
sub-S0001115741055_ses-1,0,-3.4484082460403442,-3.02059543132782,-3.0437315106391907,-3.170911729335785,0.040275159509043465
sub-S0001115742901_ses-1,0,-1.191621482372284,-0.7036020755767822,-1.3650555610656738,-1.0867597063382466,0.2522289377598671
sub-S0001115743118_ses-1,1,1.6019662022590637,1.2226378098130226,1.8539908230304718,1.5595316117008526,0.8262861320355736
sub-S0001115747860_ses-1,0,-2.8298532962799072,-2.9405106715857983,-3.578425407409668,-3.116263125091791,0.042441379443642284
sub-S0001115748353_ses-1,0,-1.8761310577392578,-1.9501579403877258,-0.5885584652423859,-1.4716158211231232,0.18669714134284396
sub-S0001115748468_ses-1,0,-2.755333185195923,-2.740947090089321,-2.319110795855522,-2.605130357046922,0.06880896825744082
sub-S0001115748941_ses-1,0,-0.5222036242485046,-0.752375066280365,-1.1971824765205383,-0.8239203890164694,0.30493210439697827
sub-S0001115748990_ses-1,0,-0.7031861543655396,-0.2994305749889463,-0.6239314824342728,-0.5421827372629195,0.36767996819427673
sub-S0001115749139_ses-1,0,-3.1328263953328133,-3.489718019962311,-2.757727771997452,-3.126757395764192,0.04201693312014758
sub-S0001115749292_ses-1,0,-4.062752723693848,-3.339237481355667,-3.9348328709602356,-3.7789410253365836,0.02233655250299501
sub-S0001115749640_ses-1,0,-0.510299950838089,-1.0328382598236203,-0.9693185985088348,-0.837485603056848,0.3020646091695776
sub-S0001115753907_ses-1,0,-1.5245632529258728,-1.0740240663290024,-1.4826287627220154,-1.3604053606589634,0.20417442845454403
sub-S0001115756098_ses-1,0,-5.457822218537331,-4.453832988569047,-3.87395678460598,-4.595203997237452,0.009999166978029383
sub-S0001115759944_ses-1,0,-1.9276727437973022,-1.5483011603355408,-1.6961703896522522,-1.724048097928365,0.15135047757951206
sub-S0001115763968_ses-1,0,-4.448872923851013,-4.212450861930847,-4.465088419616222,-4.375470735132694,0.012425872914810197
sub-S0001115764691_ses-1,0,-3.137027621269226,-2.656427025794983,-3.0346633195877075,-2.942705988883972,0.05008238126246688
sub-S0001115764920_ses-1,0,-5.512387275695801,-5.892105937004089,-5.5049503445625305,-5.63648118575414,0.00355272545189656
sub-S0001115767132_ses-1,0,2.030081480741501,2.44222354888916,1.8848062753677368,2.1190371016661325,0.8927397615837632
sub-S0001115768611_ses-1,0,-3.6178736090660095,-2.8958882093429565,-3.8667829036712646,-3.4601815740267434,0.030466669391788433
sub-S0001115770152_ses-1,0,-2.8052818775177,-2.34522807598114,-2.4757737517356873,-2.542094568411509,0.07295937777081594
sub-S0001115772808_ses-1,0,-4.498755693435669,-4.89509642124176,-4.4945313930511475,-4.629461169242859,0.009665679489848903
sub-S0001115773958_ses-1,0,-2.816901445388794,-1.9059438705444336,-3.0481683015823364,-2.590337872505188,0.06976285311573037
sub-S0001115774644_ses-2,0,-4.9117361307144165,-5.942307690158486,-4.297916993498802,-5.050653604790568,0.006364380857617896
sub-S0001115776996_ses-1,0,-4.583973288536072,-4.917411908507347,-4.595573794096708,-4.698986330380042,0.00902235731750777
sub-S0001115781046_ses-1,0,-3.8223577737808228,-3.298031449317932,-3.550151437520981,-3.5568468868732452,0.02773732887684672
sub-S0001115784142_ses-1,0,-3.185199022293091,-3.04315322637558,-3.57282418012619,-3.267058809598287,0.03671871787852119
sub-S0001115788971_ses-1,0,-3.6635050773620605,-3.0850406885147095,-2.715204179286957,-3.1545833150545755,0.04091106219052819
sub-S0001115789480_ses-1,0,-3.833407759666443,-4.287996098399162,-4.05262237880379,-4.058008745623131,0.016989759698255964
sub-S0001115789563_ses-1,0,-2.054603099822998,-1.7118924856185913,-2.405501365661621,-2.0573323170344033,0.11331358546446851
sub-S0001115789906_ses-1,0,-2.905703902244568,-2.3376540541648865,-2.471211016178131,-2.5715229908625283,0.07099379159006108
sub-S0001115790510_ses-1,0,-1.80972421169281,-1.3082232475280762,-0.37922167778015137,-1.1657230456670125,0.23762893374228694
sub-S0001115792519_ses-1,0,-5.824151776731014,-5.671382312604692,-5.962117612361908,-5.819217233899205,0.0029611346352746482
sub-S0001115793896_ses-1,0,-1.5089812278747559,-2.106709897518158,-1.6519063469022512,-1.7558658240983884,0.14730887256801517
sub-S0001115796480_ses-1,0,-2.031198352575302,-1.426276981830597,-2.0130075812339783,-1.8234943052132924,0.13901511208745665
sub-S0001115797154_ses-1,0,-2.6305630281567574,-1.930195284076035,-2.4722886085510254,-2.344348973594606,0.08751599550178928
sub-S0001115800229_ses-1,0,-1.42057266831398,-0.9704245887696743,-1.7438019812107086,-1.3782664127647877,0.20128756577520632
sub-S0001115804130_ses-1,0,1.587410032749176,1.289532333612442,1.6441445350646973,1.507028967142105,0.8186204824812565
sub-S0001115807057_ses-1,0,-4.183694541454315,-4.9219232350587845,-3.6888145208358765,-4.264810765782992,0.013859734473584918
sub-S0001115807589_ses-1,0,-4.772413730621338,-4.513087898492813,-3.750590443611145,-4.345364024241765,0.012800801890027958
sub-S0001115808806_ses-1,0,-2.270996928215027,-3.133692055940628,-1.6974637508392334,-2.3673842449982962,0.08569386297000828
sub-S0001115810419_ses-1,0,1.562031865119934,1.1398256971151568,1.5204568058252335,1.4074381226867747,0.8033615538493974
sub-S0001115811647_ses-1,0,-1.7993839383125305,-1.7194103598594666,-1.697059452533722,-1.7386179169019063,0.1494885698650674
sub-S0001115812830_ses-1,0,-2.376934826374054,-2.6021948158740997,-2.4571700394153595,-2.4787665605545044,0.07736019372871018
sub-S0001115814753_ses-1,0,-3.529486060142517,-4.122095577418804,-3.2208074927330017,-3.624129710098108,0.025979370316115056
sub-S0001115818585_ses-1,0,-2.40212082862854,-2.443566858768463,-2.0858176946640015,-2.3105017940203347,0.09025693361261669
sub-S0001115820674_ses-1,0,-3.3364425003528595,-3.4130821181461215,-3.785863995552063,-3.5117962046836815,0.028978450187860307
sub-S0001115822357_ses-1,0,-0.28911077976226807,-0.3102131485939026,1.3236946165561676,0.24145689606666565,0.5600726471054659
sub-S0001115823207_ses-1,0,1.8240390717983246,1.8189115766435862,1.8833075538277626,1.8420860674232244,0.8631952361933233
sub-S0001115828594_ses-1,0,-1.9695685803890228,-1.8733330070972443,-2.389481231570244,-2.0774609396855035,0.11130687684434655
sub-S0001115829526_ses-1,0,-5.242831766605377,-4.752101004123688,-5.099926680326462,-5.031619817018509,0.006485886127595577
sub-S0001115829567_ses-1,0,-2.8948436975479126,-2.359048008918762,-2.364591956138611,-2.5394945542017617,0.07313542850203053
sub-S0001115830904_ses-1,0,-0.4698495287448168,-1.515362624952104,-0.2849087715148926,-0.7567069750706045,0.3193616441432781
sub-S0001115838269_ses-1,0,-3.908107817173004,-3.6591028571128845,-4.002658903598785,-3.856623192628225,0.020701644850241743
sub-S0001115838436_ses-1,0,-3.8122639060020447,-3.7262624502182007,-3.4222776293754578,-3.653601328531901,0.02524393481717925
sub-S0001115839536_ses-1,0,-0.24769997596740723,0.14477843046188354,0.13440969586372375,0.010496050119400024,0.5026239884401348
sub-S0001115841524_ses-1,1,2.1001425087451935,1.8854541927576065,1.7451770603656769,1.9102579206228256,0.8710481211197555
sub-S0001115842514_ses-1,0,-1.4375285506248474,-1.4384097754955292,-1.7065427228808403,-1.5274936830004056,0.17836068586795387
sub-S0001115847147_ses-1,0,-2.417414426803589,-1.9704670421779156,-2.603881984949112,-2.330587817976872,0.08862117520632648
sub-S0001115853515_ses-1,0,-6.070584833621979,-6.210353970527649,-6.632745265960693,-6.304561356703441,0.001824612513519944
sub-S0001115855350_ses-1,0,-4.3938951045274734,-5.221831427887082,-3.411025494337082,-4.3422506755838794,0.01284020482983184
sub-S0001115856205_ses-1,1,0.5797001719474792,1.429662972688675,1.972912847995758,1.327425330877304,0.790414435415148
sub-S0001115859263_ses-1,0,-1.0754799097776413,-0.72324338555336,-1.3339446485042572,-1.0442226479450862,0.26033605327943626
sub-S0001115859570_ses-1,0,-2.119676321744919,-2.349086493253708,-2.689812555909157,-2.3861917903025947,0.08423172004168972
sub-S0001115860091_ses-1,0,-1.4880335628986359,-2.2996805757284164,-1.4575755894184113,-1.7484299093484879,0.14824534180214488
sub-S0001115861750_ses-1,0,-2.032705470919609,-1.9619559095590375,-3.082357347011566,-2.3590062424967377,0.08635256556705674
sub-S0001115864076_ses-1,0,-1.4486377239227295,-1.9703094959259033,-1.501970648765564,-1.6403059562047322,0.16242343536832768
sub-S0001115864258_ses-1,0,-3.9634684324264526,-2.577159821987152,-4.032695889472961,-3.524441381295522,0.02862474280923022
sub-S0001115864554_ses-1,0,-1.4561386108398438,-0.8392305374145508,-1.4831135272979736,-1.2594942251841228,0.22106097082522852
sub-S0001115866465_ses-1,1,3.992751896381378,4.403294384479523,3.7895833551883698,4.061876545349757,0.9830747163081782
sub-S0001115869141_ses-1,0,-4.874415814876556,-4.234697997570038,-4.000325918197632,-4.369813243548076,0.012495490507161037
sub-S0001115871511_ses-1,0,-3.6379658579826355,-3.195548728108406,-4.764630049467087,-3.8660482118527093,0.020511431295935426
sub-S0001115874814_ses-1,0,-0.7518248558044434,-0.5594689846038818,-0.1361403465270996,-0.4824780623118083,0.38166713789219886
sub-S0001115876257_ses-1,1,-0.5702095031738281,-0.3761451840400696,-0.594086766242981,-0.5134804844856262,0.37437797380829974
sub-S0001115876857_ses-1,0,-1.6067867875099182,-2.0660094916820526,-1.2537271976470947,-1.6421744922796886,0.16216939618110401
sub-S0001115878059_ses-1,0,-3.68488085269928,-4.701417624950409,-3.141768664121628,-3.8426890472571054,0.020986027669621238
sub-S0001115879349_ses-1,0,-0.4122684597969055,-0.669884443283081,-0.9625663757324219,-0.6815730929374695,0.3359102950344376
sub-S0001115881418_ses-1,0,-2.7351904213428497,-1.7315111011266708,-1.9601209163665771,-2.1422741462786994,0.10505538501113605
sub-S0001115886320_ses-1,0,-3.703083872795105,-3.51399764418602,-3.3569921255111694,-3.5246912141640983,0.02861779693267121
sub-S0001115892309_ses-1,0,-1.6954163312911987,-1.2667748928070068,-0.6120840460062027,-1.1914250900348027,0.2330041564445648
sub-S0001115896135_ses-1,0,-2.6284302473068237,-2.775985509157181,-2.1296941882465035,-2.5113699815701693,0.07506493600885075
sub-S0001115897159_ses-1,0,-4.2171202301979065,-4.0155163407325745,-4.463014125823975,-4.231883565584819,0.014317050717754062
sub-S0001115899063_ses-1,0,-3.9615518748760223,-4.548866234719753,-4.552969105541706,-4.354462405045827,0.012686334377835295
sub-S0001115900880_ses-1,0,-0.048065781593322754,-0.1850103735923767,-0.34721118211746216,-0.1934291124343872,0.45179293314789487
sub-S0001115900938_ses-1,0,-0.7579295635223389,-0.00821077823638916,0.18831998109817505,-0.19260678688685098,0.45199661157765086
sub-S0001115909072_ses-1,0,-1.7028774619102478,-2.319956421852112,-1.4883441925048828,-1.8370593587557476,0.13739944836393794
sub-S0001115910793_ses-2,0,-4.943606495857239,-4.6573163866996765,-4.852571070194244,-4.81783131758372,0.00801946862841721
sub-S0001115912412_ses-1,0,-1.8271220326423645,-2.384398005902767,-2.2060572504997253,-2.139192429681619,0.10534547700032727
sub-S0001115916703_ses-1,0,-1.0786592364311218,-1.1095876395702362,-1.009764939546585,-1.066003938515981,0.2561637670684709
sub-S0001115916728_ses-1,0,-3.7437327057123184,-3.118236690759659,-3.8151387367397547,-3.5590360444039106,0.027678352739876448
sub-S0001115919307_ses-1,0,-4.737148120999336,-3.9232636988162994,-4.302058383822441,-4.320823401212692,0.013114657059308461
sub-S0001115921362_ses-1,0,-1.9090373516082764,-3.1414421051740646,-2.070209264755249,-2.373562907179197,0.0852109997605479
sub-S0001115932385_ses-1,1,1.3684759736061096,1.8204990029335022,1.2046696841716766,1.464548220237096,0.8122273277475319
sub-S0001115932753_ses-1,0,-4.573149561882019,-5.175020858645439,-3.4105033576488495,-4.386224592725436,0.012294596852810253
sub-S0001115933018_ses-1,0,-2.900303900241852,-2.747682139277458,-3.8804485350847244,-3.176144858201345,0.04007336893540559
sub-S0001115936480_ses-4,0,-3.976560115814209,-4.4940885351388715,-4.924891114234924,-4.465179921729335,0.011371820206644156
sub-S0001115936932_ses-1,0,-4.039942264556885,-4.340745210647583,-5.177149370312691,-4.519278948505719,0.010779416064438267
sub-S0001115938404_ses-1,0,-2.230585038661957,-3.2155855894088745,-1.68356192111969,-2.3765775163968406,0.08497630436208847
sub-S0001115938537_ses-1,0,-2.8095725178718567,-3.52413409948349,-2.694011725485325,-3.0092394476135573,0.04701020687681066
sub-S0001115943262_ses-1,1,1.6650533080101013,1.316461677721236,0.7948631048202515,1.2587926968505296,0.7788182072558787
sub-S0001115946447_ses-2,0,-4.356211423873901,-4.029130551964045,-3.9943805038928986,-4.126574159910281,0.01588176955922219
sub-S0001115948109_ses-1,0,-3.378262937068939,-3.4620335698127747,-3.1658286452293396,-3.3353750507036843,0.03437735525937334
sub-S0001115951042_ses-1,0,-1.7073965668678284,-1.5333964824676514,-1.9048031270503998,-1.7151987254619598,0.15249063235753088
sub-S0001115952201_ses-1,0,-2.1562152206897736,-2.486900210380554,-2.012151062488556,-2.218422164519628,0.09810832754300754
sub-S0001115954209_ses-1,0,-2.085125982761383,-2.8829482793807983,-2.1000863015651703,-2.356053521235784,0.08658580758204962
sub-S0001115956204_ses-1,0,-5.926396012306213,-5.17073518037796,-6.22396032512188,-5.773697172602017,0.003098613280248695
sub-S0001115957061_ses-1,0,-0.9410386085510254,-0.09672021865844727,-1.0923519134521484,-0.7100369135538737,0.3295906836964162
sub-S0001115958229_ses-1,0,0.4040266051888466,-0.4299158453941345,0.19167983531951904,0.055263531704743706,0.5138123677908164
sub-S0001115960196_ses-1,0,-2.248564600944519,-2.0192185640335083,-1.7052103281021118,-1.9909978310267131,0.12015133677960187
sub-S0001115966711_ses-1,0,-2.358470141887665,-1.4662479208200239,-2.064730077981949,-1.9631493802298792,0.12312661637117514
sub-S0001115967044_ses-1,0,-0.16640037298202515,-0.04324066638946533,-0.3767126202583313,-0.19545121987660727,0.45129215449235904
sub-S0001115970130_ses-1,0,-1.2456588447093964,-1.2859597504138947,-1.6314332485198975,-1.3876839478810628,0.19977775880100226
sub-S0001115970720_ses-1,0,-3.9498186111450195,-4.024176746606827,-3.8479304052889347,-3.9406419210135937,0.019065188589485978
sub-S0001115971901_ses-1,0,-1.3391311764717102,-0.4976797103881836,-1.5268827080726624,-1.121231198310852,0.24578298032808535
sub-S0001115974464_ses-1,0,-0.7061856389045715,-0.6304003596305847,-1.72666036314331,-1.0210821205594887,0.2648166701691946
sub-S0001115974739_ses-1,0,-1.8157718181610107,-2.6197883263230324,-2.2519926503300667,-2.2291842649380365,0.0971601738164473
sub-S0001115974961_ses-1,0,-4.114682376384735,-3.5256102085113525,-3.3413490653038025,-3.660547216733297,0.025073582019523644
sub-S0001115975339_ses-1,0,-0.6496461033821106,-0.7521702349185944,-0.908846378326416,-0.7702209055423737,0.31643132189615053
sub-S0001115978488_ses-1,0,-3.4961425065994263,-3.24165415763855,-3.8674978017807007,-3.535098155339559,0.028329911126797055
sub-S0001115980918_ses-1,0,-4.374623343348503,-4.6656784657388926,-4.4289917796850204,-4.489764529590805,0.011098722114965933
sub-S0001115983255_ses-1,0,-1.7510513663291931,-2.0950852632522583,-1.3849534094333649,-1.7436966796716054,0.14884399597595954
sub-S0001115983610_ses-1,0,-2.2599761486053467,-2.7129790782928467,-1.6294329762458801,-2.200796067714691,0.09967902475112718
sub-S0001115984317_ses-1,0,-6.017633527517319,-6.32781034335494,-4.774775240570307,-5.706739703814189,0.0033124814632357245
sub-S0001115985592_ses-1,0,-2.8480690121650696,-1.885846585035324,-2.4016707241535187,-2.3785287737846375,0.08482470651074389
sub-S0001115985656_ses-1,0,-1.6928845643997192,-1.4940252304077148,-1.8523356318473816,-1.6797484755516052,0.15712877774085787
sub-S0001115990462_ses-1,0,-3.3917030841112137,-4.061774116940796,-3.374720886349678,-3.6093993624672294,0.02635472769419586
sub-S0001115990699_ses-1,0,-4.837364614009857,-5.388869658112526,-4.05557718873024,-4.760603820284207,0.008487779750294714
sub-S0001115991480_ses-1,0,-0.9703580141067505,-0.9230955243110657,-0.26284313201904297,-0.7187655568122864,0.3276648736363793
sub-S0001115991872_ses-1,0,-0.5997551679611206,-0.5336718559265137,-0.7651715278625488,-0.6328661839167277,0.34686092367301724
sub-S0001115992021_ses-2,1,3.3087719678878784,3.9042598009109497,2.8482301235198975,3.3537539641062417,0.9662275493471437
sub-S0001116002296_ses-1,0,-2.318696439266205,-2.431232511997223,-3.1124317049980164,-2.620786885420481,0.06781253448662736
sub-S0001116003650_ses-1,0,-3.4182615876197815,-3.5147606134414673,-4.241708695888519,-3.724910298983256,0.023547411461472965
sub-S0001116009259_ses-1,0,-6.619982942938805,-6.571332164108753,-6.296893700957298,-6.496069602668285,0.0015070852001622611
sub-S0001116010394_ses-1,0,-1.8650327324867249,-2.268407881259918,-2.3248560428619385,-2.1527655522028604,0.10407307536301143
sub-S0001116010449_ses-1,0,-2.6572152078151703,-2.6630162373185158,-2.3090048730373383,-2.5430787727236748,0.07289283779764494
sub-S0001116013509_ses-1,0,-3.6652588546276093,-3.552739568054676,-3.77159973513335,-3.663199385938545,0.025008831611748654
sub-S0001116014911_ses-1,0,-1.9957545399665833,-2.439644515514374,-1.5048907399177551,-1.9800965984662373,0.12130854081612902
sub-S0001116016119_ses-1,0,-3.1420081853866577,-2.4909191504120827,-2.597254227846861,-2.743393854548534,0.060460826505546246
sub-S0001116017075_ses-1,0,0.013640880584716797,-0.6792551875114441,0.1389678455889225,-0.17554882044593492,0.4562251560537784
sub-S0001116019404_ses-1,0,-5.233365774154663,-3.898870199918747,-4.674841303378344,-4.602359092483918,0.009928585137479328
sub-S0001116021111_ses-1,0,-0.952469527721405,-0.36857008934020996,-0.6142941117286682,-0.6451112429300944,0.3440920516382189
sub-S0001116022992_ses-1,0,-2.9644762575626373,-2.0751084983348846,-3.157345622777939,-2.7323101262251535,0.06109351700587859
sub-S0001116026592_ses-1,0,-1.085827648639679,-0.7943014800548553,-1.458980917930603,-1.113036682208379,0.2473051906827693
sub-S0001116027482_ses-1,0,-2.9665874540805817,-2.996716022491455,-2.7397076040506363,-2.901003693540891,0.052103969221203625
sub-S0001116027702_ses-1,0,-2.6653023064136505,-2.246566204354167,-3.1634696051478386,-2.691779371971885,0.06346018276043866
sub-S0001116028088_ses-1,0,-1.9152690768241882,-0.8741593360900879,-2.428341269493103,-1.7392565608024597,0.14940738974509676
sub-S0001116029841_ses-1,0,-1.5139511823654175,-2.2385680079460144,-1.8020338490605354,-1.8515176797906558,0.1356948024741585
sub-S0001116033163_ses-1,0,-4.152776420116425,-4.494411021471024,-4.5465390384197235,-4.397908826669057,0.01215351561340931
sub-S0001116035127_ses-1,0,-4.4934666603803635,-4.264543853700161,-5.087446577847004,-4.6151523639758425,0.009803612407691408
sub-S0001116035979_ses-1,0,1.7069649323821068,1.1199513403698802,0.8975961208343506,1.2415041311954458,0.7758257215515612
sub-S0001116038848_ses-1,0,-3.0107527747750282,-2.542806987592485,-2.886268272995949,-2.8132760117878206,0.05661096723129802
sub-S0001116038949_ses-1,0,-2.6605905294418335,-2.2373167276382446,-2.0512109994888306,-2.3163727521896362,0.08977602385035974
sub-S0001116040743_ses-1,0,-3.131280392408371,-3.3995839655399323,-3.69573575258255,-3.4088667035102844,0.032019504547759356
sub-S0001116042908_ses-1,0,-5.243623226881027,-4.982247516512871,-4.977860778570175,-5.067910507321358,0.006256174805990274
sub-S0001116042928_ses-1,0,-2.0343334674835205,-1.0973361134529114,-0.8501261994242668,-1.3272652601202328,0.20961208305204584
sub-S0001116045066_ses-1,0,0.681247353553772,0.6830437257885933,0.45573297142982483,0.6066746835907301,0.6471818798000094
sub-S0001116048529_ses-2,0,-2.6762897074222565,-3.0916078984737396,-3.05864367634058,-2.942180427412192,0.050107390308632954
sub-S0001116052557_ses-1,0,2.8671968579292297,2.9706265330314636,2.4962199479341507,2.778014446298281,0.9414761386441708
sub-S0001116056250_ses-1,0,-3.6461756825447083,-3.1376441717147827,-3.5675863921642303,-3.450468748807907,0.030754883340445884
sub-S0001116057172_ses-1,0,-3.1454676389694214,-3.8243217319250107,-3.1592466393485665,-3.3763453367476663,0.03304296634680612
sub-S0001116057471_ses-1,0,-3.8165943920612335,-3.8314486294984818,-2.734221875667572,-3.4607549657424292,0.03044973684758789
sub-S0001116057608_ses-1,0,-4.102930128574371,-3.474825620651245,-3.8867070078849792,-3.8214875857035318,0.021426077292422102
sub-S0001116059450_ses-1,0,-1.3218914270401,-1.9449476599693298,-1.5383391380310059,-1.6017260750134785,0.1677405103111729
sub-S0001116062369_ses-1,0,-4.559281408786774,-4.57015073299408,-4.093271195888519,-4.4075677792231245,0.012038096847228176
sub-S0001116062470_ses-1,0,-4.6689313352108,-4.0528834015131,-4.864971190690994,-4.528928642471631,0.010677003519095033
sub-S0001116065198_ses-1,0,-2.7501359283924103,-2.852787494659424,-3.0546751394867897,-2.8858661875128746,0.052856686784093714
sub-S0001116069152_ses-1,0,0.09639477729797363,0.8736689388751984,-0.08349895477294922,0.2955215871334076,0.5733473682882606
sub-S0001116069631_ses-1,0,-0.9868120551109314,-1.4691582918167114,-0.8959618359804153,-1.1173107276360195,0.24651045661764018
sub-S0001116071520_ses-1,0,-4.6354575753211975,-4.463292688131332,-4.446394234895706,-4.515048166116078,0.010824623330831791
sub-S0001116078835_ses-1,0,-4.251173257827759,-4.113707423210144,-3.9994648694992065,-4.121448516845703,0.0159620801053154
sub-S0001116081596_ses-1,0,-5.8260290920734406,-4.834094610065222,-5.662812277674675,-5.440978659937779,0.004316525303208136
sub-S0001116083121_ses-1,0,-5.229579925537109,-4.781909823417664,-4.997246265411377,-5.002912004788716,0.006673519534872291
sub-S0001116084377_ses-1,0,-2.988619953393936,-4.242072068154812,-3.4310719966888428,-3.5539213394125304,0.02781633405075257
sub-S0001116086708_ses-1,0,-2.410365402698517,-2.6449245903640985,-3.7723847907036543,-2.942558261255423,0.05008940974394715
sub-S0001116094137_ses-1,0,-2.9201489686965942,-4.046028822660446,-3.338901251554489,-3.4350263476371765,0.031218556883453135
sub-S0001116101898_ses-1,0,-5.430218011140823,-5.991155814379454,-5.620058581233025,-5.6804774689177675,0.0034003272892170096
sub-S0001116103259_ses-1,0,-5.551606237888336,-5.152791500091553,-5.193531155586243,-5.29930963118871,0.004970214710514477
sub-S0001116103261_ses-1,0,-1.4115798473358154,-1.250856876373291,-1.6877590417861938,-1.4500652551651,0.18999152338520198
sub-S0001116105040_ses-1,0,-2.4098796248435974,-2.473581314086914,-2.9256389141082764,-2.6030332843462625,0.0689434582723272
sub-S0001116105362_ses-1,0,-4.873373746871948,-5.042911171913147,-5.000879839062691,-4.972388252615929,0.006878938272176363
sub-S0001116105892_ses-1,0,-2.584552139043808,-2.94462288916111,-3.13824063539505,-2.889138554533323,0.0526931022460963
sub-S0001116107355_ses-1,0,-3.736243784427643,-4.178132086992264,-3.435157924890518,-3.783177932103475,0.022244215507927347
sub-S0001116109780_ses-1,0,-4.274776875972748,-4.174411252140999,-4.6070681139826775,-4.352085414032142,0.012716141633301184
sub-S0001116111013_ses-1,0,-3.8805294036865234,-3.0455794632434845,-3.5669429302215576,-3.4976839323838553,0.02937820176700864
sub-S0001116113068_ses-1,0,-2.6585458517074585,-2.298630118370056,-3.0811251997947693,-2.6794337232907615,0.06419788794429566
sub-S0001116117622_ses-1,0,-3.5781806111335754,-3.4887807816267014,-3.7322074472904205,-3.5997229466835656,0.026604167315455216
sub-S0001116118363_ses-1,0,-5.559725672006607,-4.668987035751343,-5.331071302294731,-5.18659467001756,0.005559928046972252
sub-S0001116119342_ses-1,0,-4.351654648780823,-4.403457462787628,-4.247667133808136,-4.334259748458862,0.012941887796182118
sub-S0001116124173_ses-1,0,-3.18026801943779,-3.132346361875534,-3.55968701839447,-3.2907671332359314,0.035889292660291935
sub-S0001116125228_ses-1,0,-3.03377902507782,-2.756574884057045,-3.9493720084428787,-3.2465753058592477,0.03745014408363358
sub-S0001116128546_ses-1,0,-2.293174147605896,-3.1341105745523237,-2.4672290105372667,-2.631504577565162,0.0671381565618624
sub-S0001116128937_ses-1,0,-4.303330674767494,-3.7829117802903056,-4.365772038698196,-4.150671497918665,0.015509500170143695
sub-S0001116130015_ses-1,0,-1.2811241149902344,-1.081171452999115,0.6093539074063301,-0.5843138868610064,0.35794057358619186
sub-S0001116130107_ses-1,0,-3.2896039485931396,-3.137161284685135,-3.4545262306928635,-3.293763821323713,0.035785747590057385
sub-S0001116131297_ses-1,0,-3.951180711388588,-3.584382325410843,-3.7457959353923798,-3.7604529907306037,0.022743872846950643
sub-S0001116134892_ses-1,0,0.20698736608028412,-0.37264635786414146,0.33948956429958344,0.0579435241719087,0.5144818294324318
sub-S0001116135652_ses-2,0,-3.5046477019786835,-3.3331840336322784,-3.6722743809223175,-3.503368705511093,0.029216532723110544
sub-S0001116140777_ses-1,0,1.0973337180912495,1.1266519977361895,1.1411349326372147,1.1217068828215513,0.75430518840933
sub-S0001116142888_ses-1,0,-3.215461850166321,-3.251666948199272,-2.5552075915038586,-3.0074454632898173,0.04709064316371912
sub-S0001116147157_ses-1,0,-0.7509022057056427,0.6422725319862366,0.22351942211389542,0.038296582798163094,0.5095729757284159
sub-S0001116147707_ses-1,0,-8.312474116683006,-12.690313818864524,-8.176035165786743,-9.726274367111424,5.969071605596124e-05
sub-S0001116148255_ses-2,1,2.2045096158981323,2.1628199219703674,2.258647918701172,2.2086591521898904,0.9010244150747002
sub-S0001116148428_ses-1,0,-3.388235330581665,-3.4105840623378754,-3.9979321360588074,-3.598917176326116,0.026625041816748508
sub-S0001116149584_ses-1,0,-3.355387359857559,-4.180656716227531,-3.5681872963905334,-3.7014104574918747,0.024093834605868853
sub-S0001116152125_ses-1,0,-1.0580048561096191,-1.896105170249939,-1.8289412260055542,-1.5943504174550374,0.16877270373828376
sub-S0001116152488_ses-1,1,-0.12082564830780029,0.31456103920936584,-0.11051499843597412,0.02774013082186381,0.506934588022126
sub-S0001116152971_ses-1,0,-2.978452980518341,-3.555402164289262,-2.756213754415512,-3.0966896330743716,0.043244011047343385
sub-S0001116159830_ses-1,0,-3.175707697868347,-2.910197615623474,-3.4213035106658936,-3.1690696080525718,0.040346423484953126
sub-S0001116159833_ses-1,0,0.37176990509033203,0.29292193055152893,1.1188104450702667,0.5945007602373759,0.6443971614331717
sub-S0001116165256_ses-1,0,-2.926213264465332,-3.29538357257843,-2.9244415760040283,-3.04867947101593,0.045274518738196705
sub-S0001116168403_ses-1,0,-3.1056309193372726,-2.2147091673105024,-2.817694514989853,-2.712678200545876,0.062229376585316784
sub-S0001116171780_ses-1,0,-3.7585630118846893,-3.6788737773895264,-4.148494370281696,-3.861977053185304,0.02059338363803903
sub-S0001116172600_ses-1,0,-4.497341632843018,-4.252415843307972,-4.895801305770874,-4.548519593973954,0.010472035638007764
sub-S0001116176703_ses-1,0,-3.0855185985565186,-2.7590057253837585,-2.372919552028179,-2.7391479586561522,0.060702466553736824
sub-S0001116177514_ses-1,0,-1.1669686287641525,-0.8861789749353193,-1.1160965859889984,-1.0564147298961568,0.25799520041265617
sub-S0001116179071_ses-1,0,-2.479915976524353,-1.9759413599967957,-2.257769912481308,-2.2378757496674857,0.09640042101613681
sub-S0001116181181_ses-1,0,-4.473248153924942,-3.511887416243553,-3.8849628567695618,-3.956699475646019,0.01876719262254828
sub-S0001116186563_ses-1,0,-2.789633959531784,-2.865560621023178,-3.049481213092804,-2.901558597882589,0.05207656978041552
sub-S0001116188107_ses-1,0,-5.184934929013252,-5.51153377071023,-4.039844512939453,-4.912104404220979,0.007303259938988876
sub-S0001116189623_ses-1,0,-4.134504795074463,-3.3853049278259277,-4.42746889591217,-3.9824262062708535,0.01829925440140502
sub-S0001116189664_ses-1,0,-0.3876488208770752,0.1506032943725586,-0.3528175354003906,-0.19662102063496908,0.45100249613883
sub-S0001116197710_ses-1,0,-3.2100029587745667,-3.7928680777549744,-1.861515611410141,-2.954795549313227,0.04951034929048593
sub-S0001116201400_ses-1,0,-2.103041887283325,-1.6375255584716797,-1.7006319165229797,-1.8137331207593281,0.14018754932068003
sub-S0001116201524_ses-1,0,-1.8303133249282837,-1.617119550704956,-1.7283037602901459,-1.7252455453077953,0.15119673743769865
sub-S0001116207812_ses-1,0,-1.2769264876842499,-1.4617862589657307,-1.3041005432605743,-1.347604429970185,0.20626229414763392
sub-S0001116207889_ses-1,0,-4.268649876117706,-5.176887691020966,-4.428040407598019,-4.6245259915788965,0.009713034762918047
sub-S0001116208831_ses-1,0,-3.9339690506458282,-4.657982110977173,-4.108546920120716,-4.233499360581239,0.014294266386454554
sub-S0001116210412_ses-1,0,1.2174404859542847,1.589773952960968,1.163180559873581,1.323464999596278,0.789757614514944
sub-S0001116213921_ses-1,0,-2.2326438277959824,-2.651526413857937,-2.723380357027054,-2.535850199560324,0.07338285167839838
sub-S0001116216323_ses-1,0,-1.210647851228714,-0.7281989380717278,-0.595378190279007,-0.8447416598598162,0.3005370763932981
sub-S0001116216701_ses-1,0,-2.360229730606079,-2.4377052038908005,-2.970533013343811,-2.589489315946897,0.06981794114822949
sub-S0001116217109_ses-1,0,-3.328922748565674,-2.747368723154068,-3.2440308332443237,-3.1067741016546884,0.04282869311439334
sub-S0001116217875_ses-1,0,3.3562116026878357,3.7816445529460907,4.543472528457642,3.893776228030523,0.9800383002561636
sub-S0001116218016_ses-1,0,-2.473831534385681,-1.9294660091400146,-1.2132294178009033,-1.872175653775533,0.13329018191540024
sub-S0001116220288_ses-1,0,-2.8931390047073364,-3.209111213684082,-2.848651170730591,-2.983633796374003,0.04817074416367504
sub-S0001116221917_ses-1,0,-2.9700509309768677,-2.3190807104110718,-1.9272599965333939,-2.4054638793071113,0.08275699617175306
sub-S0001116223677_ses-1,0,-3.4602582454681396,-2.7857028245925903,-3.1041301488876343,-3.116697072982788,0.04242374725542237
sub-S0001116224520_ses-1,0,-3.653187245130539,-3.048652231693268,-3.199169173836708,-3.3003362168868384,0.035559656857422406
sub-S0001116225535_ses-1,0,-0.9050898849964142,-0.08230030536651611,-0.8899412006139755,-0.6257771303256353,0.3484686762477669
sub-S0001116235873_ses-1,0,-3.626829594373703,-3.925944009795785,-3.9262215048074722,-3.82633170299232,0.021324745794525035
sub-S0001116237381_ses-1,1,5.924204111099243,7.269814968109131,6.727910757064819,6.640643278757731,0.9986955171668225
sub-S0001116239088_ses-1,0,-3.928086519241333,-3.7562584280967712,-3.455799877643585,-3.71338160832723,0.02381395096469114
sub-S0001116239390_ses-1,0,-3.4027889370918274,-2.519747495651245,-3.203794002532959,-3.0421101450920105,0.045559325884504294
sub-S0001116240214_ses-1,0,-4.127106636762619,-4.499101422727108,-4.3463225066661835,-4.3241768553853035,0.013071325223201074
sub-S0001116240369_ses-1,0,-5.821584582328796,-5.8096383810043335,-5.8839951157569885,-5.838406026363373,0.00290501921762377
sub-S0001116244352_ses-2,0,-3.9340462684631348,-3.707370340824127,-2.804229587316513,-3.4818820655345917,0.029832160454167277
sub-S0001116245119_ses-2,0,-3.25381863117218,-2.8269383907318115,-3.8890772461891174,-3.32327808936437,0.03478119030142625
sub-S0001116248687_ses-1,0,-2.5292952060699463,-1.8602221012115479,-2.259255588054657,-2.216257631778717,0.09830001875331155
sub-S0001116250962_ses-1,0,-6.590725481510162,-7.9444480240345,-6.990282192826271,-7.175151899456978,0.0007647841076715032
sub-S0001116252709_ses-1,0,-0.4172552824020386,-0.8751905709505081,-1.0082864174619317,-0.7669107569381595,0.3171477501244082
sub-S0001116255566_ses-1,0,-1.7108181715011597,-1.8760228157043457,-1.5130641460418701,-1.6999683777491252,0.1544693951763584
sub-S0001116256792_ses-1,0,-3.747724771499634,-3.528875470161438,-3.2774477005004883,-3.51801598072052,0.028803945578046865
sub-S0001116259014_ses-1,0,-4.977701365947723,-4.249297022819519,-5.015738904476166,-4.747579097747803,0.008598097065130848
sub-S0001116260260_ses-1,0,-4.246526837348938,-3.5356249809265137,-3.4476977586746216,-3.743283192316691,0.023128642400977187
sub-S0001116261043_ses-1,0,-1.0999795198440552,-0.7312113046646118,-0.7375707626342773,-0.8562538623809814,0.29812261490297476
sub-S0001116263693_ses-1,0,-0.9098507016897202,-0.6443633586168289,-1.2303262036293745,-0.9281800879786412,0.28329408102046727
sub-S0001116263695_ses-1,0,-3.0723066926002502,-1.7746661901474,-3.0343446135520935,-2.6271058320999146,0.06741417785036449
sub-S0001116264624_ses-1,1,2.1757485568523407,2.0769602358341217,1.867846000008285,2.040184930898249,0.8849520974577735
sub-S0001116266920_ses-1,0,-4.83492511510849,-3.8802440762519836,-4.796525359153748,-4.503898183504741,0.010944664719470818
sub-S0001116269459_ses-1,0,-3.0357707142829895,-3.0062869787216187,-3.157598525285721,-3.066552072763443,0.044508228371032105
sub-S0001116271007_ses-1,0,-3.6850481629371643,-4.3152187168598175,-3.736974209547043,-3.912413696448008,0.01960033414644659
sub-S0001116272208_ses-1,0,-1.357630729675293,-1.5260781049728394,-1.9774984121322632,-1.620402415593465,0.1651493796391445
sub-S0001116275672_ses-1,0,-4.5716836005449295,-5.314953212568071,-3.902324140071869,-4.596320317728289,0.009988122359023114
sub-S0001116276309_ses-1,0,-4.60430483520031,-3.956727121025324,-4.568989768624306,-4.376673908283313,0.012411116869078346
sub-S0001116277043_ses-1,0,-1.3733089864253998,-1.2654173523187637,-0.9285628907382488,-1.1890964098274708,0.23342058110465164
sub-S0001116277263_ses-1,0,-0.1621849238872528,0.2962125837802887,-0.4319388195872307,-0.09930371989806493,0.4751944511087417
sub-S0001116280435_ses-1,0,0.6003836393356323,0.27381443977355957,0.4343717694282532,0.4361899495124817,0.6073507984619011
sub-S0001116280725_ses-1,0,-1.9525259733200073,-1.7098363637924194,-3.1420416831970215,-2.268134673436483,0.09379664272892001
sub-S0001116281460_ses-1,0,-5.0907480120658875,-5.741401091217995,-4.8876224756240845,-5.239923859635989,0.005272711561268314
sub-S0001116283021_ses-1,0,-2.219027303159237,-2.239631712436676,-2.870686858892441,-2.443115291496118,0.07994347459075597
sub-S0001116283767_ses-3,0,-7.6594977378845215,-12.20201325416565,-6.893973231315613,-8.918494741121927,0.00013387170770684233
sub-S0001116287038_ses-1,0,-6.467981420457363,-5.30914886679966,-6.3868810795247555,-6.054670455593926,0.002341380464710729
sub-S0001116289727_ses-1,0,1.6141345500946045,1.8530805110931396,1.4010528028011322,1.6227559546629589,0.8351748590291054
sub-S0001116290078_ses-1,1,-0.7154726982116699,-0.45467931032180786,-0.7002752423286438,-0.6234757502873739,0.3489913596077535
sub-S0001116290169_ses-2,1,0.07661968469619751,0.4720032811164856,0.5222579836845398,0.3569603164990743,0.5883044137581478
sub-S0001116290935_ses-1,0,-0.7850295603275299,-1.1122093498706818,-1.4456527344882488,-1.1142972148954868,0.24707062315340683
sub-S0001116292583_ses-1,0,2.162506580352783,2.29427033662796,2.3519198894500732,2.2695656021436057,0.9063249138653618
sub-S0001116293886_ses-1,0,-3.3927403688430786,-2.868899166584015,-2.684060752391815,-2.9819000959396362,0.04825029718643127
sub-S0001116303075_ses-1,0,0.5498167276382446,1.9692844152450562,1.4145797491073608,1.3112269639968872,0.7877183989230876
sub-S0001116303184_ses-1,0,-1.3343724310398102,-1.0919564962387085,-1.3780703246593475,-1.2681330839792888,0.2195770048211621
sub-S0001116304559_ses-1,0,-2.3763083815574646,-2.9283377528190613,-2.159054756164551,-2.4879002968470254,0.0767107793105999
sub-S0001116306501_ses-1,0,-1.9916590750217438,-1.6133943647146225,-1.9385116174817085,-1.8478550190726917,0.13612493909589243
sub-S0001116308795_ses-1,1,2.6760019650682807,2.7810295774252154,2.6265418231487274,2.6945244552140744,0.9367027703635852
sub-S0001116308865_ses-1,0,1.7545213997364044,1.999055027961731,1.838036134839058,1.8638708541790645,0.8657474899764157
sub-S0001116309230_ses-1,0,-4.871519446372986,-5.662558555603027,-5.1545299887657166,-5.22953599691391,0.005327475917392509
sub-S0001116317363_ses-1,1,1.7370410561561584,1.7526167035102844,1.8885250687599182,1.7927276094754536,0.8572613639435668
sub-S0001116320938_ses-1,1,2.0479018688201904,2.138754427433014,1.9465809762477875,2.0444124241669974,0.8853818065654009
sub-S0001116323311_ses-1,0,-1.608946442604065,-1.815696120262146,-2.1676084250211716,-1.8640836626291275,0.1342277774835566
sub-S0001116326050_ses-1,0,-0.7962822914123535,0.04323863983154297,-0.05140113830566406,-0.2681482632954915,0.4333617500515562
sub-S0001116327973_ses-1,1,3.076200485229492,3.5826300382614136,3.085163950920105,3.2479981581370034,0.9626011126272012
sub-S0001116329637_ses-1,0,-2.9940464198589325,-3.022358864545822,-2.650380700826645,-2.8889286617437997,0.05270358035147099
sub-S0001116330821_ses-1,0,1.3611791729927063,1.4622434377670288,1.0977736115455627,1.3070654074350994,0.7870216780286959
sub-S0001116334119_ses-1,0,-1.381917119026184,-1.5404179841279984,-1.0662513300776482,-1.329528811077277,0.20923731606665746
sub-S0001116335593_ses-1,0,-3.032941222190857,-3.0717034935951233,-2.9278951585292816,-3.010846624771754,0.046938257339883875
sub-S0001116337835_ses-1,0,1.0439712852239609,1.3709862008690834,1.3570643067359924,1.257340597609679,0.7785679667778876
sub-S0001116338657_ses-1,0,-3.726318895816803,-3.7747893929481506,-3.0503920167684555,-3.5171667685111365,0.028827711184996597
sub-S0001116338750_ses-1,0,-4.300167083740234,-4.1219190545380116,-4.408549226820469,-4.276878455032905,0.013695761566021647
sub-S0001116339960_ses-1,0,1.6573997139930725,1.9766719341278076,1.3342158198356628,1.656095822652181,0.8397132172697661
sub-S0001116341905_ses-1,1,1.5614864230155945,1.5777039527893066,1.223693072795868,1.454294482866923,0.8106584793459799
sub-S0001116342551_ses-1,0,-1.6968586444854736,-1.5619470477104187,-1.2881723195314407,-1.5156593372424443,0.18010159362153322
sub-S0001116342936_ses-1,0,2.7402383685112,2.705679178237915,2.81600022315979,2.753972589969635,0.9401373150937865
sub-S0001116345757_ses-1,0,-2.3762729167938232,-2.4412004947662354,-2.3090258622542024,-2.375499757938087,0.08506014332158537
sub-S0001116349228_ses-1,0,-8.41849622130394,-12.889650367200375,-7.935257911682129,-9.747801500062147,5.841955248602747e-05
sub-S0001116351689_ses-1,0,-5.281192813068628,-5.5937681794166565,-5.013025462627411,-5.295995485037565,0.004986631777833265
sub-S0001116352694_ses-1,0,-3.367099851369858,-3.07659749686718,-4.073430106043816,-3.505709151426951,0.02915022391877124
sub-S0001116354418_ses-1,0,-1.8372308015823364,-2.0938899517059326,-0.9367570579051971,-1.6226259370644887,0.16484303968924166
sub-S0001116354585_ses-1,0,-4.2667335867881775,-3.982624515891075,-3.899266727268696,-4.04954160998265,0.017131750094737244
sub-S0001116358144_ses-1,0,-6.597921371459961,-10.170790195465088,-4.6302878856658936,-7.132999817530314,0.0007976841666345165
sub-S0001116358349_ses-1,0,-3.8149958848953247,-2.99069744348526,-4.670973241329193,-3.8255555232365928,0.02134095068673239
sub-S0001116364109_ses-1,0,-8.243613556027412,-12.68877350538969,-8.005866795778275,-9.646084619065126,6.467412913153622e-05
sub-S0001116366483_ses-1,0,-1.8224529325962067,-2.13976595364511,-1.5095483362674713,-1.8239224075029294,0.13896388048067596
sub-S0001116366630_ses-1,0,-3.2442643642425537,-3.5165239572525024,-3.17661851644516,-3.312468945980072,0.03514589944806471
sub-S0001116368659_ses-1,0,-6.013457179069519,-5.973786473274231,-5.054178424179554,-5.680474025507768,0.00340033895814447
sub-S0001116371150_ses-1,0,-0.5382161140441895,-1.9965502619743347,-0.6419448256492615,-1.058903733889262,0.25751900830683566
sub-S0001116372200_ses-1,0,-1.6859107613563538,-1.0152995586395264,-1.6362791061401367,-1.4458298087120056,0.19064419232913435
sub-S0001116374933_ses-1,0,-1.1920027136802673,-1.2189905941486359,-1.3652122020721436,-1.2587351699670155,0.22119170250745168
sub-S0001116377497_ses-1,0,-1.6798596680164337,-2.215611820050981,-1.0567179918289185,-1.650729826632111,0.16101033581759944
sub-S0001116378833_ses-1,0,-4.766604542732239,-3.668509691953659,-4.736432611942291,-4.390515615542729,0.012242597976497497
sub-S0001116379360_ses-1,0,-0.8191777467727661,-0.871917087584734,-0.8969971351325512,-0.8626973231633505,0.2967761057750306
sub-S0001116380852_ses-1,0,-3.4633933305740356,-3.587492883205414,-3.6277186274528503,-3.559534947077433,0.02766492930405969
sub-S0001116381085_ses-1,0,0.2974504828453064,0.08133804798126221,0.8869071006774902,0.4218985438346863,0.6039374653544421
sub-S0001116385145_ses-1,0,-1.7415174841880798,-1.7161875471938401,-1.8450112342834473,-1.7675720885551225,0.1458445233377419
sub-S0001116385542_ses-1,0,-5.704359531402588,-9.047879219055176,-5.230767250061035,-6.661002000172933,0.001278227348145441
sub-S0001116387403_ses-1,0,1.2444820404052734,1.3134022951126099,1.411565825343132,1.3231500536203384,0.7897053159475755
sub-S0001116388812_ses-1,0,-5.372316777706146,-5.831007719039917,-5.4026124477386475,-5.535312314828237,0.00392947468418145
sub-S0001116394127_ses-1,0,-1.8869657218456268,-2.3303192257881165,-1.6541182175278664,-1.9571343883872032,0.12377750723929347
sub-S0001116394426_ses-1,0,-3.437148004770279,-3.691960036754608,-3.15703085064888,-3.4287129640579224,0.0314100647449832
sub-S0001116396488_ses-1,0,-3.44724577665329,-3.7947025299072266,-2.9562202095985413,-3.3993895053863525,0.03231454961036226
sub-S0001116397962_ses-1,0,0.07084023952484131,-0.12567222118377686,0.15030300617218018,0.03182367483774821,0.5079552473335072
sub-S0001116398647_ses-1,0,-0.6757729053497314,-1.3041166327893734,-1.023920839652419,-1.001270125930508,0.26869177275415046
sub-S0001116399255_ses-1,0,0.5279766172170639,0.9557790458202362,0.9307277053594589,0.8048277894655863,0.6910062438149088
sub-S0001116399551_ses-1,0,-4.271014332771301,-3.2459880709648132,-4.3808411955833435,-3.9659478664398193,0.01859763947056136
sub-S0001116399554_ses-1,0,-5.511140406131744,-4.789787173271179,-4.318277806043625,-4.8730684618155165,0.007591779923919699
sub-S0001116402907_ses-1,0,-4.590411067008972,-4.361423015594482,-4.932409465312958,-4.628081182638804,0.0096788980145991
sub-S0001116403375_ses-1,0,-3.7922385334968567,-3.7499945759773254,-2.555085465312004,-3.365772858262062,0.03338244175953092
sub-S0001116409794_ses-1,0,-1.8557536602020264,-2.3563252687454224,-1.4437553882598877,-1.8852781057357788,0.1317837948789446
sub-S0001116409888_ses-1,0,-3.1804573982954025,-3.454158216714859,-2.702423572540283,-3.1123463958501816,0.04260084131905356
sub-S0001116410124_ses-1,0,-3.5232256948947906,-3.231847882270813,-3.1062172055244446,-3.2870969275633493,0.036016502914038344
sub-S0001116410720_ses-1,0,-1.554086983203888,-1.8723358809947968,-2.364985466003418,-1.9304694434007008,0.12669862894391093
sub-S0001116415864_ses-1,0,-2.513292074203491,-2.7601895332336426,-2.084320545196533,-2.4526007175445557,0.07924857163672024
sub-S0001116417053_ses-1,0,-2.5944042801856995,-2.360480844974518,-2.998747378587723,-2.651210834582647,0.06591441956270361
sub-S0001116418846_ses-1,0,-4.677268385887146,-4.805296882987022,-3.8170554637908936,-4.433206910888354,0.011736950130901012
sub-S0001116421520_ses-1,0,-4.446735262870789,-4.638415575027466,-4.143408566713333,-4.409519801537196,0.01201490319200307
sub-S0001116423418_ses-1,0,-2.6952818632125854,-2.8621337711811066,-3.3476993441581726,-2.968371659517288,0.04887536336901484
sub-S0001116424603_ses-1,0,-3.773149847984314,-2.830614447593689,-4.274864315986633,-3.626209537188212,0.02592679330445134
sub-S0001116427958_ses-1,0,1.3298304304480553,1.8235070137307048,1.528029888868332,1.560455777682364,0.8264187443830965
sub-S0001116428057_ses-1,0,-3.7267810702323914,-3.4522920846939087,-4.208069682121277,-3.795714279015859,0.021973184194970335
sub-S0001116430769_ses-1,0,-4.0864604115486145,-3.50987845659256,-4.154462561011314,-3.9169338097174964,0.01951366327188887
sub-S0001116432527_ses-1,0,-3.0326115489006042,-3.3881099950522184,-3.6558305621147156,-3.358850702022513,0.03360652918073581
sub-S0001116440998_ses-1,0,-3.083629012107849,-2.933547019958496,-2.5806573629379272,-2.8659444650014243,0.05386295556470368
sub-S0001116443096_ses-1,0,-5.363684266805649,-5.576504558324814,-5.166722655296326,-5.368970493475596,0.004637320307489741
sub-S0001116443129_ses-1,0,-1.3923821225762367,-1.809508805104997,-1.2900201678276062,-1.4973036985029466,0.1828280120057126
sub-S0001116443700_ses-1,0,-0.6684140264987946,-1.0549974143505096,-0.729973629117012,-0.8177950233221054,0.3062319155976795
sub-S0001116448296_ses-1,0,-2.4713891744613647,-2.5865485668182373,-2.270249366760254,-2.442729036013285,0.07997188926303174
sub-S0001116448568_ses-1,0,-4.823987543582916,-4.041548252105713,-5.263730108737946,-4.709755301475525,0.008926579770699777
sub-S0001116449032_ses-1,0,-4.23129990696907,-3.3083165548741817,-3.8606400936841965,-3.8000855185091496,0.021879440702705935
sub-S0001116456750_ses-1,0,-1.9273618459701538,-2.0373742878437042,-2.336476296186447,-2.100404143333435,0.10905754680876067
sub-S0001116458090_ses-1,0,-1.6406295895576477,-1.5138710141181946,-1.6183214783668518,-1.5909406940142314,0.16925158903687895
sub-S0001116462207_ses-1,0,-5.7823114693164825,-6.979044322797563,-5.148667871952057,-5.970007888022034,0.002547713846260919
sub-S0001116463312_ses-1,0,0.6059134006500244,0.5033585429191589,0.650343269109726,0.5865384042263031,0.6425705013183121
sub-S0001116468786_ses-1,0,-3.241307497024536,-2.752874970436096,-2.4279395937919617,-2.8073740204175315,0.05692699605148909
sub-S0001116470392_ses-1,0,-1.9369795322418213,-1.4971222281455994,-2.399648368358612,-1.9445833762486775,0.1251451879912321
sub-S0001116473509_ses-1,0,0.5220426470041275,0.9137321710586548,0.8749667406082153,0.7702471862236658,0.6835743626545525
sub-S0001116476950_ses-1,0,-2.3122201561927795,-2.822012037038803,-2.759843200445175,-2.6313584645589194,0.06714730828949096
sub-S0001116479018_ses-1,0,-0.47296905517578125,-0.8529918193817139,-0.027041912078857422,-0.4510009288787842,0.38912281261292025
sub-S0001116480730_ses-1,0,-3.798183172941208,-3.518199235200882,-3.772140074521303,-3.696174160887798,0.024217264636508945
sub-S0001116482740_ses-1,0,-3.0791752338409424,-2.737272998318076,-2.2787066102027893,-2.698384947453936,0.0630687239051807
sub-S0001116484395_ses-1,0,-4.355999529361725,-4.16801381111145,-3.396758735179901,-3.973590691884359,0.01845865643245055
sub-S0001116487196_ses-1,1,3.5076560974121094,4.034466803073883,3.755598509684205,3.765907136723399,0.9773770391781819
sub-S0001116492062_ses-1,0,-2.2103665471076965,-2.5212220773100853,-2.9820577800273895,-2.5712154681483903,0.07101407651864783
sub-S0001116495539_ses-1,0,-2.1591323018074036,-1.2734190821647644,-1.7997683882713318,-1.7441065907478333,0.1487920720375215
sub-S0001116498022_ses-1,1,-0.2514174282550812,0.3544106687186286,-0.8411859348416328,-0.24606423145936182,0.43879246176012165
sub-S0001116499086_ses-1,0,-4.229395389556885,-3.884020909667015,-3.9369008541107178,-4.016772384444873,0.01769234689409371
sub-S0001116501265_ses-1,0,-2.3770632147789,-2.1377634406089783,-2.745209813117981,-2.4200121561686196,0.08165934385255791
sub-S0001116502132_ses-1,0,-1.536155104637146,-1.2740100026130676,-2.0096209049224854,-1.6065953373908997,0.16706184292930107
sub-S0001116505473_ses-1,0,-3.5579493790864944,-3.7962252497673035,-1.4746489226818085,-2.942941183845202,0.05007119324926135
sub-S0001116505561_ses-1,0,-7.255497507750988,-6.235858325788286,-7.301923424005508,-6.931093085848261,0.0009759789480800649
sub-S0001116510577_ses-1,0,-2.170209214091301,-2.112140524201095,-2.4710304141044617,-2.251126717465619,0.0952523208674046
sub-S0001116530001_ses-1,1,-0.8912427425384521,-1.2904677391052246,-0.48779207468032837,-0.8898341854413351,0.2911440469231851
sub-S0001116531033_ses-1,0,-0.9021302461624146,-0.6639822125434875,-1.0551393330097198,-0.8737505972385406,0.2944744804858042
sub-S0001116531205_ses-1,0,-3.0155974626541138,-2.258886456489563,-2.082435667514801,-2.4523065288861594,0.07927004072133127
sub-S0001116536332_ses-1,1,1.0330218225717545,1.1045956015586853,1.160937786102295,1.0995184034109116,0.7501698580249384
sub-S0001116536606_ses-1,0,-1.9364742636680603,-2.1277655959129333,-1.3254693150520325,-1.7965697248776753,0.14226914324807402
sub-S0001116539387_ses-1,0,-2.537203550338745,-1.7111873626708984,-2.780153304338455,-2.342848072449366,0.08763592711041637
sub-S0001116539882_ses-1,0,-1.9252042472362518,-2.466929826885462,-2.3248722553253174,-2.239002109815677,0.09630235132756693
sub-S0001116541462_ses-1,0,-3.4330038130283356,-3.1632896214723587,-3.224316254258156,-3.2735365629196167,0.036490283141429034
sub-S0001116544093_ses-1,0,-4.518696069717407,-3.9552359879016876,-5.144099310040474,-4.539343789219856,0.01056754709070909
sub-S0001116548233_ses-1,0,-5.909476935863495,-5.590497314929962,-4.434859067201614,-5.311611105998357,0.0049097466120575015
sub-S0001116550828_ses-1,0,-4.421850919723511,-4.329533100128174,-3.084292620420456,-3.94522554675738,0.018979655663719293
sub-S0001116552660_ses-1,0,-5.139835923910141,-5.148626212903764,-4.802998945116997,-5.030487027310301,0.006493189702168975
sub-S0001116553929_ses-1,0,-1.5288110971450806,-0.9504444599151611,-1.9974324703216553,-1.4922293424606323,0.18358735107614826
sub-S0001116554997_ses-1,0,-2.2709114253520966,-1.8323737978935242,-2.1532131135463715,-2.0854994455973306,0.11051420765444378
sub-S0001116559705_ses-1,0,-2.5100227892398834,-2.7843233346939087,-1.9270747303962708,-2.4071402847766876,0.08262983210012663
sub-S0001116559837_ses-1,0,0.19536858797073364,0.3374073952436447,1.068719506263733,0.533831829826037,0.630376381144135
sub-S0001116560621_ses-1,0,-1.139022946357727,-0.5740736275911331,-0.9600308984518051,-0.8910424908002218,0.2908947407865705
sub-S0001116569225_ses-1,0,-0.38332200050354004,-0.04279041290283203,0.2656465768814087,-0.05348861217498779,0.4866310342237732
sub-S0001116570164_ses-1,0,-4.4427313804626465,-4.706387311220169,-3.466903954744339,-4.2053408821423846,0.014696492226861398
sub-S0001116575621_ses-1,0,-0.5441504716873169,-0.0629844069480896,-0.20315590500831604,-0.27009692788124084,0.43288329953577676
sub-S0001116579551_ses-1,0,-1.373824656009674,-1.0502837896347046,-1.2236462235450745,-1.2159182230631511,0.22865556507558168
sub-S0001116579864_ses-1,0,-38.6525062918663,-33.68092566728592,-62.361048340797424,-44.898160099983215,3.169398302378306e-20
sub-S0001116582603_ses-1,0,-1.9504176378250122,-1.1595638394355774,-0.6021748185157776,-1.2373854319254558,0.2248914170177526
sub-S0001116584352_ses-1,0,-2.7872756123542786,-3.6574132796376944,-2.1595652252435684,-2.8680847057451806,0.053753989264607505
sub-S0001116584891_ses-1,1,0.661427766084671,1.158538043498993,1.1697918325662613,0.9965858807166418,0.7303867927438719
sub-S0001116587467_ses-1,0,1.4978093206882477,1.2619907781481743,1.5666134357452393,1.4421378448605537,0.8087854906700562
sub-S0001116600850_ses-1,0,3.0391931533813477,3.7457141876220703,3.4123250246047974,3.3990774552027383,0.9676756910564871
sub-S0001116601992_ses-1,0,-2.183959126472473,-2.0783857107162476,-1.9269383251667023,-2.0630943874518075,0.11273593807196838
sub-S0001116604699_ses-1,0,1.1701832711696625,0.6460943176061846,-0.7788915932178497,0.3457953318526658,0.5855975878685101
sub-S0001116606071_ses-1,0,-0.7420101761817932,-0.7512487173080444,-0.45974811911582947,-0.6510023375352224,0.3427636984145368
sub-S0001116607612_ses-1,1,2.1950119733810425,2.297044575214386,2.3114407062530518,2.267832418282827,0.9061776627813912
sub-S0001116609428_ses-1,0,-1.9143011569976807,-1.4469484575092793,-2.1340331733226776,-1.8317609292765458,0.13802862999652618
sub-S0001116612930_ses-1,0,-3.563925951719284,-3.8965937197208405,-3.8180901743471622,-3.7595366152624288,0.022764249658225415
sub-S0001116622310_ses-1,0,-1.8169544339179993,-2.7830827701836824,-2.4276393949985504,-2.342558866366744,0.08765905359262509
sub-S0001116627704_ses-1,0,-1.0350968837738037,-1.7883938550949097,-1.4102208316326141,-1.4112371901671092,0.19603899233145589
sub-S0001116629135_ses-1,0,-4.5560144782066345,-4.1406667828559875,-4.752311110496521,-4.482997457186381,0.011173240647090531
sub-S0001116635124_ses-1,0,1.206726312637329,2.1464412808418274,1.5173303186893463,1.6234993040561676,0.8352771613879687
sub-S0001116637148_ses-1,0,-2.4359796345233917,-3.0156759582459927,-1.5882328636944294,-2.346629485487938,0.08733405201507967
sub-S0001116637637_ses-1,1,2.4008018374443054,2.5360372066497803,2.494551181793213,2.4771300752957663,0.9225229203462807
sub-S0001116640907_ses-1,0,-1.3539425730705261,-0.885119691491127,-0.8666905611753464,-1.0352509419123332,0.2620673667407942
sub-S0001116645186_ses-1,0,1.142212152481079,1.1424252688884735,1.7026298642158508,1.3290890951951344,0.790689920533686
sub-S0001116645457_ses-1,0,-3.362143561244011,-2.54780513048172,-2.7162280678749084,-2.875392253200213,0.05338350431910384
sub-S0001116646582_ses-1,0,-3.503382623195648,-3.152906119823456,-3.734586179256439,-3.463624974091848,0.03036512096907395
sub-S0001116647710_ses-1,0,-3.3168901801109314,-3.6303310990333557,-2.9128357023000717,-3.286685660481453,0.03603078455020696
sub-S0001116647736_ses-1,0,-1.6177975833415985,-2.034699308220297,-2.7090336084365845,-2.12051016666616,0.10711926595303173
sub-S0001116649076_ses-1,0,-4.774709641933441,-4.248638212680817,-4.873844563961029,-4.632397472858429,0.009637612875086084
sub-S0001116653062_ses-1,0,-4.717579782009125,-4.207339406013489,-4.4064019322395325,-4.443773706754048,0.01161501406290029
sub-S0001116654484_ses-1,0,-1.6760843694210052,-1.992010973393917,-1.821559652686119,-1.8298849985003471,0.13825197369321027
sub-S0001116663805_ses-1,0,-5.188283741474152,-4.249390423297882,-4.730891406536102,-4.722855190436046,0.008811428829747033
sub-S0001116663817_ses-1,0,-2.39692685008049,-2.4336952343583107,-2.6937912702560425,-2.508137784898281,0.07528965649442983
sub-S0001116664232_ses-1,0,-2.0071815252304077,-2.074111580848694,-1.5560669898986816,-1.8791200319925945,0.1324899811802541
sub-S0001116664872_ses-1,0,-6.958242982625961,-6.604960665106773,-7.242110475897789,-6.9351047078768415,0.0009720753305130824
sub-S0001116665033_ses-1,0,-5.3954373598098755,-5.4815219938755035,-5.063201665878296,-5.313387006521225,0.004901077823796623
sub-S0001116667558_ses-1,0,-1.7726868391036987,-2.1864541471004486,-1.1472885310649872,-1.702143172423045,0.15418556168710365
sub-S0001116667720_ses-1,0,-2.997320234775543,-3.5976054072380066,-2.3544104397296906,-2.983112027247747,0.04819467308765718
sub-S0001116668053_ses-1,0,-0.6351875960826874,-0.8580248653888702,-0.4977831542491913,-0.6636652052402496,0.3399167552731509
sub-S0001116673611_ses-1,0,-0.9329722821712494,-1.2445891201496124,-0.7918147593736649,-0.9897920538981756,0.27095315285594224
sub-S0001116677578_ses-2,1,0.8933077156543732,0.8488000780344009,-0.11941681057214737,0.540896994372209,0.6320210568059229
sub-S0001116682767_ses-1,0,-5.7890403270721436,-5.2120861411094666,-6.3291667103767395,-5.776764392852783,0.003089153026314265
sub-S0001116686234_ses-1,0,-4.799322217702866,-5.22829195857048,-4.7666714787483215,-4.931428551673889,0.007164486939210157
sub-S0001116687829_ses-1,0,-2.8715210556983948,-2.6063936352729797,-2.2452980279922485,-2.574404239654541,0.07080399737989707
sub-S0001116688290_ses-1,0,1.0190715789794922,1.1223596334457397,0.9742401838302612,1.0385571320851643,0.738571507816466
sub-S0001116688426_ses-1,0,-3.144624173641205,-2.862389385700226,-2.4642431139945984,-2.823752224445343,0.056054064809210775
sub-S0001116692230_ses-1,0,-2.326114296913147,-2.595420390367508,-2.5394214391708374,-2.486985375483831,0.07677560484754442
sub-S0001116696617_ses-1,0,-4.2855009734630585,-3.565329410135746,-3.7424028366804123,-3.8644110734264054,0.020544348405573915
sub-S0001116696725_ses-1,0,-2.7558040618896484,-2.93223237991333,-1.7588112950325012,-2.48228257894516,0.0771096084572217
sub-S0001116697035_ses-1,0,-1.0285465121269226,-1.201928287744522,-0.9992991536855698,-1.076591317852338,0.25415161993662533
sub-S0001116697268_ses-1,0,-2.6322181299328804,-2.1493313629180193,-2.149392483755946,-2.310313992202282,0.09027235532291202
sub-S0001116699126_ses-1,0,-0.25639259815216064,-0.3115849494934082,0.4944618344306946,-0.024505237738291424,0.4938739971211615
sub-S0001116700172_ses-1,0,-2.436394214630127,-2.081310987472534,-2.474592372775078,-2.3307658582925797,0.08860679639497315
sub-S0001116701050_ses-1,0,-6.012229837477207,-6.2788971699774265,-5.789306551218033,-6.026811186224222,0.002407367490535314
sub-S0001116705368_ses-2,0,-2.618924140930176,-1.2390539692132734,-2.0788398385047913,-1.9789393162160802,0.1214319528188559
sub-S0001116705828_ses-1,0,-1.7686384618282318,-2.6736910343170166,-1.514673262834549,-1.9856675863265991,0.12071596542008536
sub-S0001116713263_ses-1,0,-3.2778480052948,-3.3442180156707764,-3.8068187832832336,-3.4762949347496033,0.02999428979969227
sub-S0001116720834_ses-1,0,-2.0781195759773254,-2.4209950175136328,-2.4819015115499496,-2.327005368346969,0.0889109473124779
sub-S0001116722340_ses-1,0,-1.8807525038719177,-2.487338602542877,-2.036747097969055,-2.13494606812795,0.10574635847967413
sub-S0001116723961_ses-1,0,-2.1207109689712524,-2.519390106201172,-2.5269463062286377,-2.389015793800354,0.08401414123615782
sub-S0001116724829_ses-1,0,-1.9052767157554626,-0.9067574143409729,-1.2673210501670837,-1.3597850600878398,0.20427523787224341
sub-S0001116724948_ses-1,0,-3.7142192125320435,-4.220681309700012,-4.928430587053299,-4.2877770364284515,0.013549319081617234
sub-S0001116728690_ses-1,0,-4.741159439086914,-4.515538573265076,-4.648205041885376,-4.634967684745789,0.009613111791462034
sub-S0001116730056_ses-1,0,-4.208781182765961,-4.092733442783356,-4.107431687414646,-4.1363154376546545,0.01573023371002451
sub-S0001116730105_ses-4,0,-3.76455420255661,-2.532508373260498,-3.6769560128450394,-3.3246728628873825,0.0347343960903151
sub-S0001116731641_ses-1,0,-2.8800451159477234,-2.920642614364624,-3.272828981280327,-3.0245055705308914,0.04633099103333532
sub-S0001116733986_ses-3,1,6.7197569608688354,7.712357044219971,6.615230560302734,7.01578152179718,0.9991032009300043
sub-S0001116744756_ses-1,0,-4.564333021640778,-2.9468427896499634,-3.0888193547725677,-3.533331722021103,0.028378576849189985
sub-S0001116745288_ses-2,0,-2.7501223385334015,-3.168088734149933,-3.2690835520625114,-3.0624315415819487,0.044683792476403264
sub-S0001116750690_ses-1,0,-2.702560305595398,-3.2905463874340057,-2.530367910861969,-2.8411582012971244,0.05514016471189841
sub-S0001116754493_ses-1,0,-1.923532485961914,-1.7993435263633728,-1.5283610820770264,-1.750412364800771,0.14799519432706176
sub-S0001116755345_ses-1,0,0.1331152319908142,-1.1476016640663147,-1.180260419845581,-0.7315822839736938,0.32484760217537256
sub-S0001116757875_ses-1,0,-2.2717580795288086,-2.133347749710083,-2.6759746074676514,-2.3603601455688477,0.08624580810567739
sub-S0001116758060_ses-1,0,-1.603377029299736,-1.7890887306421064,-1.7241727709770203,-1.7055461769729543,0.15374228985780747
sub-S0001116760157_ses-1,0,-0.7160943746566772,0.2112896963953972,-1.0385506749153137,-0.514451784392198,0.37415050458492327
sub-S0001116760205_ses-1,0,-3.303490161895752,-3.5849799513816833,-2.9392483830451965,-3.2759061654408774,0.03640706234000556
sub-S0001116761231_ses-2,0,-1.2998917251825333,-1.5609042663127184,-1.095820963382721,-1.3188723182926576,0.21100597150999587
sub-S0001116762666_ses-1,0,-1.185210108757019,-0.40258896350860596,-0.9559020400047302,-0.847900370756785,0.2998734880711649
sub-S0001116770550_ses-1,1,2.0374590158462524,2.03097303211689,2.0618014708161354,2.043411172926426,0.8852801595118112
sub-S0001116770661_ses-1,0,-5.3508875370025635,-4.3271273374557495,-5.199623346328735,-4.959212740262349,0.006969535657590047
sub-S0001116771167_ses-1,0,-6.112240821123123,-5.500422142446041,-5.65259525179863,-5.755086071789265,0.003156638123734707
sub-S0001116771346_ses-1,0,-3.305742532014847,-3.055454760789871,-3.2317937314510345,-3.1976636747519174,0.039253737570544775
sub-S0001116771966_ses-1,0,-1.6724309623241425,-2.896427921950817,-1.8061208724975586,-2.124993252257506,0.10669123705925024
sub-S0001116772588_ses-1,0,2.4208071678876877,2.05581141076982,1.5691228657960892,2.015247148151199,0.8823886590655852
sub-S0001116774437_ses-1,0,0.4573613479733467,0.5941047026426531,0.22898943722248077,0.4268184959461602,0.6051136992955771
sub-S0001116774755_ses-1,0,-4.6335644125938416,-4.47828221321106,-5.044260382652283,-4.718702336152394,0.008847773060778994
sub-S0001116776298_ses-1,0,-3.8216058909893036,-4.340316181012895,-4.09181410074234,-4.084578724248179,0.01655165978192784
sub-S0001116781257_ses-1,0,-1.7437366247177124,-1.351281762123108,-1.7757164239883423,-1.6235782702763875,0.1647119739986384
sub-S0001116783258_ses-1,0,3.0440386533737183,3.4624552726745605,4.303799480199814,3.603431135416031,0.9734916929828749
sub-S0001116794473_ses-1,0,-3.693643808364868,-4.427832782268524,-2.757420465350151,-3.626299018661181,0.02592453358197961
sub-S0001116797151_ses-1,0,-4.080494403839111,-3.639168471097946,-3.553381696343422,-3.75768152376016,0.02280555465150884
sub-S0001116802629_ses-2,1,-0.20104026794433594,-0.3399059772491455,0.0012369751930236816,-0.1799030900001526,0.45514514004300266
sub-S0001116802986_ses-1,0,-2.5926781743764877,-3.3059812486171722,-2.085347667336464,-2.661335696776708,0.06529376784673047
sub-S0001116803992_ses-1,0,-1.9770625829696655,-2.0270124971866608,-2.1421136260032654,-2.048729568719864,0.1141808142474353
sub-S0001116805515_ses-1,0,-6.513082027435303,-5.742215394973755,-5.654867887496948,-5.970055103302002,0.0025475938645235694
sub-S0001116805706_ses-1,0,-0.4761028289794922,0.8941827118396759,0.9319379180669785,0.4500059336423874,0.6106406447249384
sub-S0001116809429_ses-1,0,-1.0747900009155273,-0.6027892827987671,-1.1505848169326782,-0.9427213668823242,0.280350967059138
sub-S0001116809487_ses-1,0,0.948187917470932,0.9934272170066833,0.13728606700897217,0.6929670671621958,0.6666266402657265
sub-S0001116809624_ses-1,0,-3.1687760949134827,-2.9616934061050415,-2.318889796733856,-2.8164530992507935,0.05644152999839653
sub-S0001116810752_ses-1,0,-2.298993170261383,-2.663328528404236,-1.8191772103309631,-2.260499636332194,0.09444762775728782
sub-S0001116820002_ses-1,0,-3.3295689821243286,-3.265713930130005,-4.073216438293457,-3.5561664501825967,0.027755684770605738
sub-S0001116823148_ses-1,0,-0.2131199836730957,0.1399284526705742,0.15441959351301193,0.02707602083683014,0.5067685917035613
sub-S0001116824056_ses-1,0,-4.028951823711395,-4.418236583471298,-4.7864231169223785,-4.411203841368358,0.011994929140035145
sub-S0001116824258_ses-1,0,-3.1109106242656708,-2.751201300881803,-3.465916261076927,-3.109342728741467,0.04272351736399448
sub-S0001116829344_ses-1,0,-3.1609368324279785,-4.188241600990295,-2.962703622877598,-3.4372940187652907,0.03115004639065947
sub-S0001116830968_ses-1,0,-3.4557469487190247,-4.0741013288497925,-3.538246899843216,-3.6893650591373444,0.02437869142450528
sub-S0001116832142_ses-1,1,2.5152173042297363,2.676332116127014,2.43853759765625,2.543362339337667,0.9271263231636279
sub-S0001116833097_ses-2,0,-4.468121409416199,-3.455488234758377,-3.723203420639038,-3.882271021604538,0.020188026237675752
sub-S0001116839593_ses-1,0,-1.6645079851150513,-3.279252838343382,-1.99058997631073,-2.311450266589721,0.09017908420277743
sub-S0001116841002_ses-1,0,-4.72077801823616,-4.482020974159241,-4.5721611976623535,-4.591653396685918,0.010034376244908752
sub-S0001116841290_ses-3,1,2.866643726825714,2.354959398508072,2.503115653991699,2.5749062597751617,0.9292290238055004
sub-S0001116844025_ses-1,0,-4.415423154830933,-3.9663166999816895,-4.85102504491806,-4.410921633243561,0.011998274063499808
sub-S0001116845063_ses-1,0,-1.2291018962860107,-0.905093789100647,-0.7975132819265127,-0.9772363224377235,0.27344050175167056
sub-S0001116848550_ses-1,0,-1.9388609528541565,-1.923330396413803,-2.237943157553673,-2.033378168940544,0.11574272974920485
sub-S0001116848837_ses-1,0,-3.4364488422870636,-3.871986322104931,-3.823323130607605,-3.7105860983332,0.023879024339164577
sub-S0001116850038_ses-1,1,2.942273437976837,2.9666810631752014,3.5245825350284576,3.144512345393499,0.9586919475589843
sub-S0001116851050_ses-1,0,-1.633668303489685,-2.486431434750557,-1.5100652277469635,-1.8767216553290684,0.1327658849833191
sub-S0001116852105_ses-1,0,-5.175876013934612,-5.241314296552446,-5.459063157439232,-5.292084489308763,0.005006074837542358
sub-S0001116852304_ses-1,1,2.658872425556183,2.3706395626068115,2.4949432611465454,2.5081517497698465,0.9247113157498603
sub-S0001116855027_ses-1,0,-2.228387087583542,-2.8254959140904248,-2.7840357571840286,-2.6126395862859986,0.06832937482946491
sub-S0001116855597_ses-1,0,-0.7681839764118195,-0.9424675703048706,-0.8856104761362076,-0.8654206742842993,0.29620805700083536
sub-S0001116857191_ses-1,0,-3.8068399727344513,-3.6714534759521484,-3.97763305157423,-3.81864216675361,0.021485818504868866
sub-S0001116857807_ses-1,0,-2.843944162130356,-2.210834801197052,-2.6312015056610107,-2.561993489662806,0.07162487241586965
sub-S0001116862426_ses-1,0,-3.1442856788635254,-2.6118243038654327,-2.7521930038928986,-2.836100995540619,0.05540423728478641
sub-S0001116864057_ses-2,1,3.4029982686042786,3.868855804204941,3.43509541451931,3.568983162442843,0.9725880926809837
sub-S0001116864063_ses-1,0,-2.188810706138611,-3.3044155091047287,-2.4717772603034973,-2.655001158515612,0.0656814340375136
sub-S0001116866306_ses-1,0,-1.6508198380470276,-1.137221097946167,-0.4775669276714325,-1.0885359545548756,0.25189406793580793
sub-S0001116871509_ses-1,0,0.3876200318336487,0.9611426591873169,0.7169399708509445,0.6885675539573034,0.6656481962770938
sub-S0001116875215_ses-1,0,-1.9958041310310364,-2.672678381204605,-1.8324453234672546,-2.1669759452342987,0.1027555069156035
sub-S0001116876663_ses-1,0,-3.4967607855796814,-2.73400342464447,-2.502344846725464,-2.9110363523165383,0.05161068552734499
sub-S0001116877178_ses-1,0,-1.349747747182846,-0.8566263020038605,-2.050824284553528,-1.4190661112467449,0.19480802963402136
sub-S0001116880601_ses-1,0,-2.4079964607954025,-1.6052587069571018,-2.349077805876732,-2.120777657876412,0.10709368451732729
sub-S0001116885166_ses-1,0,-3.5222157537937164,-3.13214872777462,-3.7702675741165876,-3.4748773518949747,0.030035561342878322
sub-S0001116889560_ses-1,0,-1.0562483668327332,-1.2730948328971863,-0.7214829623699188,-1.0169420540332794,0.2656234791758331
sub-S0001116892360_ses-1,0,-2.2546446919441223,-3.1183338165283203,-2.553905673325062,-2.642294727265835,0.06646551096208823
sub-S0001116893434_ses-1,0,-2.6352999210357666,-2.4688837826251984,-2.9256293177604675,-2.6766043404738107,0.06436807715365796
sub-S0001116894866_ses-1,0,-4.804017335176468,-4.599702626466751,-4.462498411536217,-4.622072791059812,0.009736659746060597
sub-S0001116894936_ses-1,0,-6.825949549674988,-7.3232534527778625,-8.086367973126471,-7.411856991859774,0.0006036832866310616
sub-S0001116896797_ses-1,0,-2.9403931200504303,-2.809005320072174,-2.93209370970726,-2.893830716609955,0.05245937673420543
sub-S0001116898168_ses-1,0,-4.279609709978104,-3.7472151563852094,-4.520126754883677,-4.18231720708233,0.015033638881679667
sub-S0001116898717_ses-1,0,-3.1006367206573486,-2.9391189217567444,-2.4861718118190765,-2.841975818077723,0.055097582591429814
sub-S0001116901749_ses-1,0,-0.6080429553985596,-1.0829636119306087,-0.897232711315155,-0.8627464262147745,0.29676585806806444
sub-S0001116904925_ses-1,0,-1.2829912900924683,-1.360500693321228,-1.9308595657348633,-1.5247838497161865,0.17875815311173499
sub-S0001116908045_ses-1,0,3.3411667346954346,2.8394253253936768,2.6401103734970093,2.940234144528707,0.9497998920100906
sub-S0001116911208_ses-1,0,-3.288944363594055,-3.7643291354179382,-3.7461558282375336,-3.599809775749842,0.026601918848897444
sub-S0001116913460_ses-1,0,-0.6215212345123291,0.3104560375213623,-0.5442057847976685,-0.2850903272628784,0.4292062588462976
sub-S0001116913605_ses-1,0,-5.065496861934662,-4.62410706281662,-5.184624910354614,-4.958076278368632,0.006977405474989189
sub-S0001116914658_ses-1,0,-1.9496201276779175,-1.7311781644821167,-2.247254967689514,-1.9760177532831829,0.12174398825703105
sub-S0001116916505_ses-1,0,-1.9933276548981667,-3.092976324260235,-1.438224509358406,-2.1748428295056024,0.1020324685389432
sub-S0001116920083_ses-1,0,-1.5736562013626099,-1.6741447448730469,-2.1087355613708496,-1.7855121692021687,0.14362382648504793
sub-S0001116926338_ses-1,0,-3.175512909889221,-3.127568244934082,-3.5256987810134888,-3.276259978612264,0.03639465204777552
sub-S0001116929243_ses-1,0,-1.5495354533195496,-0.8548725843429565,-1.2181272506713867,-1.2075117627779643,0.23014161194060317
sub-S0001116930071_ses-1,0,-0.9471746683120728,-1.3146469593048096,-1.170086294412613,-1.1439693073431652,0.24159233697633758
sub-S0001116933141_ses-1,0,-1.0141569375991821,-1.6298789381980896,-1.6524081379175186,-1.4321480045715969,0.1927642208573167
sub-S0001116933895_ses-1,0,-1.3931514918804169,-1.5996792018413544,-0.5616101622581482,-1.1848136186599731,0.23418779887567742
sub-S0001116934565_ses-1,0,-1.926878571510315,-1.8633500337600708,-2.8653088212013245,-2.21851247549057,0.09810033683984462
sub-S0001116935204_ses-1,1,4.5701210498809814,5.200210332870483,5.123256683349609,4.964529355367024,0.9930671641435067
sub-S0001116935960_ses-1,0,-4.692323446273804,-4.323048233985901,-4.761443853378296,-4.5922718445460005,0.010028234638322246
sub-S0001116943108_ses-1,0,-3.390722334384918,-3.3828981444239616,-3.2085177674889565,-3.327379415432612,0.03464376520271046
sub-S0001116945514_ses-1,0,-0.5154561400413513,-0.7735326588153839,-0.3202614188194275,-0.5364167392253876,0.3690215330428341
sub-S0001116945749_ses-1,0,-2.954729288816452,-3.867845505475998,-2.698747579008341,-3.173774124433597,0.040164664625217956
sub-S0001116948270_ses-1,0,-4.134978413581848,-2.7886520624160767,-4.100286960601807,-3.6746391455332437,0.024731402010872768
sub-S0001116950383_ses-1,0,-0.2424931824207306,-0.49214285612106323,-0.23253530263900757,-0.32239044706026715,0.4200932883082029
sub-S0001116952228_ses-1,0,-3.5282179713249207,-3.3612499833106995,-3.284655839204788,-3.3913745979468026,0.032566119980359465
sub-S0001116953185_ses-1,0,-2.425687164068222,-2.582452356815338,-1.8835478723049164,-2.2972291310628257,0.09135270331875216
sub-S0001116956485_ses-1,0,-5.190390467643738,-5.156606711447239,-4.9066303968429565,-5.084542525311311,0.006153617526672891
sub-S0001116961853_ses-1,0,-2.6659786105155945,-1.5733576714992523,-3.2771305292844772,-2.505488937099775,0.07547427984782479
sub-S0001116962433_ses-1,0,-5.124139457941055,-5.171385228633881,-5.109273627400398,-5.134932771325111,0.005852988137993944
sub-S0001116969966_ses-1,0,-4.27722305059433,-4.695542275905609,-5.734306134283543,-4.902357153594494,0.007374267194787835
sub-S0001116971802_ses-1,0,-8.122173547744751,-12.550929248332977,-7.95870703458786,-9.543936610221863,7.162916446857883e-05
sub-S0001116971862_ses-1,0,0.4968007206916809,0.8321218490600586,1.1231277883052826,0.8173501193523407,0.6936735546580296
sub-S0001116976665_ses-1,1,2.8197559118270874,3.3092952966690063,3.3028719425201416,3.1439743836720786,0.9586706381039838
sub-S0001116983627_ses-1,0,-1.3809962272644043,-1.980702243745327,-1.6012681126594543,-1.6543221945563953,0.1605256479392741
sub-S0001116984037_ses-1,1,3.781171202659607,4.008303880691528,3.5195432901382446,3.7696727911631265,0.9774601526691901
sub-S0001116986655_ses-1,0,-4.479824081063271,-4.173464313149452,-4.484617069363594,-4.379301821192105,0.012378947565934611
sub-S0001116988457_ses-1,0,-0.3537411391735077,-0.13986071944236755,-0.42258910089731216,-0.3053969865043958,0.42423867803047316
sub-S0001116991532_ses-1,0,-2.5235790014266968,-2.0959281623363495,-3.2818474173545837,-2.6337848603725433,0.06699548191407505
sub-S0001116991732_ses-1,0,-3.8225517868995667,-4.554252982139587,-3.286059081554413,-3.887621283531189,0.02008246677860646
sub-S0001116996366_ses-1,0,-2.4077142477035522,-1.7133044004440308,-2.0935977697372437,-2.071538805961609,0.11189403027904184
sub-S0001116997108_ses-1,0,-2.554857850074768,-2.495204746723175,-3.0642542988061905,-2.7047722985347114,0.06269234026312644
sub-S0001116998266_ses-1,0,-1.165966272354126,0.1825135350227356,-1.0817075371742249,-0.6883867581685384,0.3343920429606986
sub-S0001116998567_ses-1,0,2.27154141664505,2.034235119819641,2.0491581857204437,2.1183115740617118,0.8926702685414423
sub-S0001117002284_ses-1,0,-2.6095442175865173,-2.120855689048767,-3.222858428955078,-2.6510861118634543,0.0659220991199759
sub-S0001117003807_ses-1,0,-2.2761313915252686,-2.2649255990982056,-1.949621319770813,-2.1635594367980957,0.10307092588042144
sub-S0001117003879_ses-1,0,-2.405281975865364,-1.6397434519021772,-2.0337746292352676,-2.026266685667603,0.11647255538141789
sub-S0001117004178_ses-1,0,-3.2108944058418274,-2.613445833325386,-3.406654566526413,-3.0769982685645423,0.04406608822518292
sub-S0001117004678_ses-1,0,-1.2347808629274368,-0.7471845846157521,-1.472025290131569,-1.151330245891586,0.24024619209110223
sub-S0001117005668_ses-1,0,-3.0219350457191467,-2.836960554122925,-2.31551331281662,-2.7248029708862305,0.0615255572049898
sub-S0001117008342_ses-1,0,-2.2287262678146362,-0.9881203174591064,-2.208186447620392,-1.808344344298045,0.14083834577943943
sub-S0001117008943_ses-1,0,-0.4853411912918091,-0.3659757971763611,-0.3704532980918884,-0.4072567621866862,0.39957008016292217
sub-S0001117009848_ses-1,0,-3.6409979462623596,-2.926516741514206,-3.672159682959318,-3.4132247902452946,0.03188470403131595
sub-S0001117014658_ses-1,1,1.2613666951656342,0.3306269869208336,0.7116524875164032,0.7678820565342903,0.6830625620568873
sub-S0001117016381_ses-1,0,-0.7749969959259033,-1.0593747794628143,-1.2973175942897797,-1.043896456559499,0.2603988699918967
sub-S0001117016911_ses-1,0,-5.285418152809143,-5.407684211560991,-4.42095023393631,-5.038017532768815,0.006444790297300564
sub-S0001117019749_ses-1,0,1.4241639971733093,1.5618234872817993,1.814918339252472,1.6003019412358601,0.8320605813554958
sub-S0001117020476_ses-1,0,-0.4846419095993042,-0.43214356899261475,-0.6096185445785522,-0.5088013410568237,0.37547456117865796
sub-S0001117022780_ses-1,0,-2.1138936579227448,-2.318629413843155,-1.6817227602005005,-2.0380819439888,0.11526218499191034
sub-S0001117023306_ses-1,0,-2.435852527618408,-2.268012523651123,-2.830208480358124,-2.511357843875885,0.07506577873563451
sub-S0001117032661_ses-1,0,-4.019957602024078,-3.6038617193698883,-4.602096050977707,-4.075305124123891,0.016703291408758866
sub-S0001117033342_ses-1,0,-0.5512202382087708,0.16078442335128784,0.21340900659561157,-0.059008936087290444,0.4852520451617672
sub-S0001117034202_ses-1,0,-2.776602804660797,-2.3544002808630466,-3.1928281784057617,-2.7746104213098683,0.05871170121613737
sub-S0001117035358_ses-1,0,-2.648868680000305,-2.6575907468795776,-2.6630911827087402,-2.6565168698628745,0.06558848000793452
sub-S0001117036560_ses-1,0,-0.523930013179779,-0.6933841705322266,-0.7797213196754456,-0.6656785011291504,0.3394651710162947
sub-S0001117040964_ses-1,0,-7.284672975540161,-11.292327046394348,-6.896114826202393,-8.491038282712301,0.0002052578505522577
sub-S0001117045059_ses-1,0,1.3260634541511536,1.5103526711463928,1.291532576084137,1.375982900460561,0.7983450615081487
sub-S0001117046097_ses-1,0,-2.830222427845001,-2.570740580558777,-2.789882719516754,-2.7302819093068442,0.0612099613762759
sub-S0001117047978_ses-1,0,-3.3627676963806152,-3.344663619995117,-3.1628429293632507,-3.290091415246328,0.035912680682059946
sub-S0001117048535_ses-1,0,-2.7043908834457397,-2.2309837341308594,-2.4041701555252075,-2.446514924367269,0.07969377985548906
sub-S0001117051008_ses-1,0,0.43994952738285065,0.37777021527290344,0.3311086446046829,0.382942795753479,0.5945826729567443
sub-S0001117051586_ses-1,0,-1.8063851296901703,-1.809233074018266,-1.8947696685791016,-1.8367959574291792,0.1374306698921786
sub-S0001117052803_ses-1,0,1.2284654825925827,1.1730890066828579,0.7865733057260513,1.0627092650004972,0.7432079488481729
sub-S0001117054732_ses-1,0,-2.203248769044876,-2.278600143850781,-2.7967296428978443,-2.4261928519311673,0.08119704351912987
sub-S0001117055030_ses-1,0,-5.275331288576126,-6.143500715494156,-4.209410324692726,-5.209414109587669,0.005435172034061662
sub-S0001117056015_ses-1,0,-6.051886409521103,-6.308575078845024,-6.0692116022109985,-6.143224363525708,0.002143382594019962
sub-S0001117056045_ses-1,0,-5.220597982406616,-5.099755167961121,-4.322161674499512,-4.8808382749557495,0.007533464430420399
sub-S0001117056470_ses-1,0,-5.781244486570358,-5.557914938777685,-5.575630113482475,-5.638263179610173,0.0035464225866412053
sub-S0001117057718_ses-1,0,0.06419849395751953,0.4610494375228882,-0.37754058837890625,0.049235781033833824,0.5123064592878459
sub-S0001117062017_ses-1,0,-3.2652461230754852,-2.8853466510772705,-3.0938088595867157,-3.0814672112464905,0.04387822038692737
sub-S0001117063805_ses-1,0,-3.293975830078125,-3.4165413975715637,-3.5621491223573685,-3.424222116669019,0.03154697980665015
sub-S0001117065117_ses-1,0,-2.5486491918563843,-0.8160264492034912,-1.368797779083252,-1.5778244733810425,0.17110381034361882
sub-S0001117066151_ses-1,0,-5.581944048404694,-5.3496169447898865,-5.583911448717117,-5.505157480637233,0.00404928488090209
sub-S0001117066185_ses-1,0,-4.712636351585388,-4.172413349151611,-4.111358642578125,-4.3321361144383745,0.012969044015082134
sub-S0001117066386_ses-1,0,-1.5959769189357758,-2.4310348480939865,-2.498866230249405,-2.1752926657597222,0.10199126108954809
sub-S0001117068053_ses-1,0,-2.5532608926296234,-2.8583933860063553,-2.706901475787163,-2.7061852514743805,0.0626093635920038
sub-S0001117072118_ses-1,0,0.07104992866516113,0.07748222351074219,-0.06606708467006683,0.027488355835278828,0.5068716562734203
sub-S0001117074151_ses-1,0,-3.962782561779022,-3.731568217277527,-3.337539777159691,-3.67729685207208,0.024667379673493972
sub-S0001117076076_ses-1,0,-3.532529294490814,-2.6075954735279083,-3.196912318468094,-3.1123456954956055,0.0426008698837312
sub-S0001117078712_ses-1,0,-3.8454222679138184,-3.5539848804473877,-3.7581692337989807,-3.7191921273867288,0.02367924780639964
sub-S0001117081709_ses-1,0,-3.2510619163513184,-2.440196394920349,-3.0152023434638977,-2.9021535515785217,0.05204720795441217
sub-S0001117085124_ses-1,0,-0.9263534396886826,-0.3476136950775981,-1.4796474874019623,-0.9178715407227477,0.28539178097750045
sub-S0001117086173_ses-1,0,-0.6591494679450989,-1.3179988265037537,-1.5850120186805725,-1.1873867710431416,0.23372663543842462
sub-S0001117086183_ses-1,0,-1.0704447627067566,-0.2983914166688919,-1.0057931244373322,-0.7915431012709936,0.3118374317241888
sub-S0001117087093_ses-1,0,0.2835249900817871,0.29856106638908386,1.1918855011463165,0.5913238525390625,0.6436688412559108
sub-S0001117090619_ses-1,0,-0.7828989028930664,-0.9226782321929932,-0.9797977209091187,-0.8951249519983927,0.29005335057462706
sub-S0001117091023_ses-1,0,-4.4795341193675995,-2.7087188065052032,-4.838104881346226,-4.0087859357396765,0.01783168197145346
sub-S0001117093159_ses-1,0,-4.0837342739105225,-5.385348621755838,-4.238546326756477,-4.569209740807612,0.010259793879498018
sub-S0001117094392_ses-1,0,-1.1026351153850555,-1.1372569352388382,-1.1421460956335068,-1.127346048752467,0.24465121069588702
sub-S0001117094560_ses-1,1,1.8339898586273193,1.5527349263429642,1.365067034959793,1.583930606643359,0.8297604676276519
sub-S0001117094668_ses-1,0,-3.8127764463424683,-3.663579523563385,-3.5498650670051575,-3.6754070123036704,0.024712888006303585
sub-S0001117097077_ses-1,1,0.1702442169189453,0.35554254055023193,0.4234973192214966,0.3164280255635579,0.5784534888065689
sub-S0001117097371_ses-1,0,-1.2783687114715576,-1.208521991968155,-1.1249659657478333,-1.2039522230625153,0.23077288426818882
sub-S0001117100856_ses-1,0,-2.266006827354431,-2.0389699935913086,-1.8498547673225403,-2.05161052942276,0.11388974736838343
sub-S0001117102202_ses-1,0,1.8654729127883911,1.957762360572815,2.322664797306061,2.048633356889089,0.885809454184648
sub-S0001117102608_ses-1,1,2.745181307196617,3.03100049495697,3.267940655350685,3.0147074858347573,0.9532341566988802
sub-S0001117116708_ses-1,0,-2.849782109260559,-3.1478262543678284,-2.8014699891209602,-2.933026117583116,0.05054490351939169
sub-S0001117118895_ses-1,1,3.9309117794036865,3.6437166929244995,4.7742815017700195,4.116303324699402,0.9839569012631274
sub-S0001117121659_ses-1,0,-5.697320759296417,-5.161075055599213,-5.558490872383118,-5.4722955624262495,0.004183996718360335
sub-S0001117122735_ses-1,0,-1.151170328259468,-1.5676279113977216,-1.4064816534519196,-1.3750932977030363,0.20179819385105505
sub-S0001117124411_ses-1,0,-1.6676738858222961,-2.3151635825634003,-1.0854041278362274,-1.6894138654073079,0.15585293807766762
sub-S0001117126182_ses-1,0,-1.972433090209961,-1.9174753427505493,-1.4709407463669777,-1.786949726442496,0.14344710322945178
sub-S0001117126703_ses-1,1,1.826934039592743,1.7302072867751122,1.4444588422775269,1.6672000562151272,0.8412021588425134
sub-S0001117128826_ses-1,0,-2.0824365615844727,-2.6827184557914734,-2.131463646888733,-2.2988728880882263,0.09121635096422769
sub-S0001117130310_ses-1,0,-2.145312786102295,-2.41874903999269,-1.0569061785936356,-1.8736560015628736,0.13311925916985803
sub-S0001117131351_ses-1,0,-1.9097199738025665,-2.2691402435302734,-2.4278921391814947,-2.2022507855047784,0.09954854984821225
sub-S0001117132652_ses-1,0,-1.5033049583435059,-0.900373101234436,-1.6115025281906128,-1.3383935292561848,0.20777436622086376
sub-S0001117135253_ses-1,0,-2.8017197847366333,-2.704539805650711,-2.167003808543086,-2.5577544663101435,0.07190725757237318
sub-S0001117136199_ses-2,1,-1.0254709124565125,-1.3923364877700806,-0.6268976926803589,-1.0149016976356506,0.26602167698099166
sub-S0001117138513_ses-1,0,-2.5936181247234344,-2.240768700838089,-2.71819968521595,-2.5175288369258246,0.07463844303145394
sub-S0001117140456_ses-1,0,-5.1330496072769165,-4.731643736362457,-5.288450062274933,-5.0510478019714355,0.006361888488739914
sub-S0001117142853_ses-1,0,-3.6728134751319885,-3.108709394931793,-3.7957521080970764,-3.5257583260536194,0.028588147399844027
sub-S0001117144318_ses-1,0,-5.348698258399963,-5.2962280213832855,-5.332991719245911,-5.325972666343053,0.004840077745813438
sub-S0001117144805_ses-1,0,-4.516285836696625,-2.210043787956238,-4.472559183835983,-3.7329629361629486,0.02336296638851265
sub-S0001117146949_ses-1,0,-1.1914371848106384,-1.0068839192390442,-1.534153699874878,-1.2441582679748535,0.22371300848195644
sub-S0001117149383_ses-1,0,-4.991074860095978,-4.366018235683441,-4.690934479236603,-4.682675858338674,0.009169362473683933
sub-S0001117149718_ses-1,0,-2.346323072910309,-2.214994966983795,-3.231909364461899,-2.5977424681186676,0.06928385265344388
sub-S0001117151251_ses-1,0,-3.8632407188415527,-3.674165725708008,-4.1011271476745605,-3.8795111974080405,0.02024268920676993
sub-S0001117151867_ses-1,0,-3.4828699827194214,-3.1150988340377808,-3.9374406337738037,-3.511803150177002,0.02897825475134947
sub-S0001117152741_ses-1,0,-0.6560852527618408,-1.615779772400856,-1.6380970180034637,-1.3033206810553868,0.21360668223938215
sub-S0001117155421_ses-1,0,-1.3485623896121979,-1.701069675385952,-0.7797784805297852,-1.276470181842645,0.21815167574137895
sub-S0001117155455_ses-1,0,-1.5158957242965698,-1.441587895154953,-1.9492521286010742,-1.635578582684199,0.16306758377963748
sub-S0001117159230_ses-1,0,-4.123816132545471,-3.8070844262838364,-3.6976831257343292,-3.876194561521212,0.02030857256197595
sub-S0001117160557_ses-2,0,-6.317788749933243,-5.873055934906006,-6.280733287334442,-6.157192657391231,0.00211371417043001
sub-S0001117160677_ses-1,0,-4.213105082511902,-3.708389401435852,-4.125837981700897,-4.01577748854955,0.01770964581533071
sub-S0001117163605_ses-1,0,-3.359335422515869,-3.2536296248435974,-3.2907752990722656,-3.301246782143911,0.035528442072254834
sub-S0001117165135_ses-1,0,-3.830240845680237,-3.2390835285186768,-3.093965470790863,-3.387763281663259,0.03268008881181817
sub-S0001117167071_ses-1,1,0.6271783113479614,0.6670751571655273,1.8378589749336243,1.0440374811490376,0.7396282891991782
sub-S0001117168117_ses-1,0,0.1795693039894104,0.08868824690580368,0.2039918601512909,0.157416470348835,0.5392730523875104
sub-S0001117170752_ses-2,1,3.6433902382850647,3.5418821573257446,3.688660681247711,3.6246443589528403,0.9740336494098023
sub-S0001117170806_ses-1,1,-0.21547526121139526,-0.37959516048431396,-0.10646194219589233,-0.23384412129720053,0.4418039233213955
sub-S0001117170837_ses-1,0,-3.3298511505126953,-3.2235355973243713,-2.9731788635253906,-3.1755218704541526,0.040097340580644174
sub-S0001117177482_ses-1,0,-2.852135181427002,-2.266701340675354,-1.2187339067459106,-2.1125234762827554,0.10788555117825496
sub-S0001117180523_ses-1,0,-2.5743337273597717,-2.1741291880607605,-1.4654611945152283,-2.0713080366452536,0.111916964746816
sub-S0001117181095_ses-1,0,-1.0104203820228577,-1.1194694340229034,-1.2529279589653015,-1.1276059250036876,0.2446031895322922
sub-S0001117181719_ses-1,0,-1.397949069738388,-1.784460186958313,-0.9116205796599388,-1.36467661211888,0.20348128150740855
sub-S0001117182389_ses-1,0,-3.1868944466114044,-2.6555218882858753,-3.424013525247574,-3.088809953381618,0.04357120054324309
sub-S0001117185088_ses-1,0,0.47362569719552994,-0.4908962547779083,0.4204949885606766,0.13440814365943274,0.5335515405331535
sub-S0001117186385_ses-1,0,-1.8915241360664368,-1.5904289484024048,-1.536288857460022,-1.6727473139762878,0.1580582342145127
sub-S0001117187499_ses-1,0,-3.8099266290664673,-2.837090253829956,-3.5481985807418823,-3.398405154546102,0.03234534475019713
sub-S0001117189439_ses-1,0,-4.547196596860886,-4.508749859873205,-5.492290914058685,-4.849412456930925,0.00777209972035905
sub-S0001117192228_ses-1,0,-4.524074822664261,-5.542312227189541,-3.815061032772064,-4.627149360875289,0.009687833810405014
sub-S0001117194039_ses-1,0,-2.7911709249019623,-2.8832638477906585,-3.164602428674698,-2.9463457337891064,0.04990950682956261
sub-S0001117197081_ses-1,1,6.117610216140747,6.920323371887207,7.088768482208252,6.708900690078735,0.9987814820466469
sub-S0001117197260_ses-1,0,-4.991802513599396,-4.153337717056274,-4.858461439609528,-4.667867223421733,0.009304885724716237
sub-S0001117197302_ses-1,0,-2.2539652585983276,-1.7275905013084412,-2.076896995306015,-2.0194842517375946,0.11717233087800732
sub-S0001117198515_ses-1,0,-3.013417959213257,-2.6298269033432007,-2.5969579219818115,-2.7467342615127563,0.060271352006006404
sub-S0001117199580_ses-1,0,-4.014356970787048,-3.2577857971191406,-2.5966521501541138,-3.289598306020101,0.0359297574907079
sub-S0001117199880_ses-1,0,-0.8504835367202759,-0.37535297870635986,-0.3412973880767822,-0.5223779678344727,0.37229635360885144
sub-S0001117200332_ses-1,0,0.3603172302246094,-0.7195597887039185,0.23030374199151993,-0.04297960549592972,0.4892567523606438
sub-S0001117201748_ses-1,0,-4.544132232666016,-4.278802514076233,-4.502320647239685,-4.441751797993978,0.01163824872441291
sub-S0001117201910_ses-1,0,0.15437167882919312,0.301177978515625,-0.5041258335113525,-0.016192058722178142,0.49595207376044376
sub-S0001117204405_ses-1,0,-0.9837128520011902,-0.2328891158103943,-0.7280242443084717,-0.648208737373352,0.3433933077169227
sub-S0001117209591_ses-1,0,-0.2760019898414612,-0.8866549730300903,0.02474159002304077,-0.3793051242828369,0.4062945035657787
sub-S0001117209637_ses-1,1,-0.2642399072647095,-0.7734705209732056,-0.013501584529876709,-0.3504040042559306,0.41328445453259005
sub-S0001117209945_ses-1,0,-4.924334138631821,-4.421962380409241,-4.893256962299347,-4.746517827113469,0.008607148235643272
sub-S0001117211643_ses-1,0,-2.8701421320438385,-2.945221586152911,-2.938486710190773,-2.9179501427958408,0.05127332325845328
sub-S0001117212576_ses-1,0,-2.0936933010816574,-1.432786826917436,-2.286843314766884,-1.9377744809219923,0.12589255685885745
sub-S0001117212924_ses-1,0,-0.5278889536857605,-1.5811884999275208,-0.3181781843304634,-0.8090852126479149,0.308085465588111
sub-S0001117214678_ses-1,0,-2.243413984775543,-1.6999927163124084,-2.146098792552948,-2.0298351645469666,0.11610583728174749
sub-S0001117217835_ses-1,0,-5.150524348020554,-5.052691881544888,-4.647686928510666,-4.950301052692036,0.007031484880142157
sub-S0001117230412_ses-1,0,-2.7381420731544495,-3.432889461517334,-2.1918782591819763,-2.7876365979512534,0.0579959388253095
sub-S0001117231251_ses-1,0,-4.900739818811417,-4.586008697748184,-4.622090518474579,-4.7029463450113935,0.008987019759560054
sub-S0001117236297_ses-1,0,-1.7880170047283173,-1.5525116920471191,-1.5987122058868408,-1.6464136342207591,0.161594246457597
sub-S0001117236973_ses-1,0,-4.993552535772324,-4.162932276725769,-4.296163260471076,-4.484216024323056,0.011159785447241274
sub-S0001117237033_ses-1,0,-2.2287045419216156,-1.7149046137928963,-1.9595234021544456,-1.9677108526229858,0.12263497640726079
sub-S0001117237078_ses-1,0,2.193721354007721,2.64018177986145,2.844655752182007,2.559519628683726,0.928210454389753
sub-S0001117240297_ses-1,0,-1.0092580914497375,-1.424251203367021,-1.71072918176651,-1.3814128255277562,0.2007821896274355
sub-S0001117245404_ses-1,0,-2.8663079142570496,-2.6141722798347473,-2.4393609166145325,-2.6399470369021096,0.06661132844089171
sub-S0001117246803_ses-1,0,-3.1242908239364624,-2.6769369319081306,-2.9078206717967987,-2.9030161425471306,0.05200466562678564
sub-S0001117247641_ses-1,0,0.3166344314813614,0.9336087107658386,-0.07745124399662018,0.3909306327501933,0.5965067100970103
sub-S0001117251053_ses-1,0,-4.331595554947853,-4.071296781301498,-3.826702192425728,-4.07653150955836,0.0166831608310133
sub-S0001117252402_ses-1,0,-2.6817100942134857,-3.9904182106256485,-1.5303060710430145,-2.7341447919607162,0.06098836326684373
sub-S0001117255139_ses-1,1,2.2678800225257874,2.5457121110521257,2.5613147858530283,2.4583023064769804,0.9211664664666975
sub-S0001117257311_ses-1,0,-3.0754348039627075,-3.483212947845459,-1.7317951321601868,-2.7634809613227844,0.05932979605576226
sub-S0001117260285_ses-1,0,-5.031278058886528,-4.7285777777433395,-5.353662863373756,-5.037839566667874,0.006445929959722339
sub-S0001117262757_ses-1,0,2.1920284032821655,2.230428695678711,2.286906599998474,2.2364545663197837,0.9034757123985042
sub-S0001117265404_ses-1,0,-2.18731427192688,-2.4913242757320404,-2.5892392992973328,-2.422625948985418,0.08146354687285642
sub-S0001117266296_ses-1,0,-2.2595289647579193,-1.8955021928995848,-1.8572678864002228,-2.0040996813525758,0.11877315331183443
sub-S0001117267599_ses-1,0,-5.30508428812027,-5.4313507080078125,-4.985519230365753,-5.240651408831279,0.005268897004338501
sub-S0001117270081_ses-1,1,1.7534937858581543,1.5288637280464172,1.746914803981781,1.6764241059621174,0.8424304429870438
sub-S0001117270869_ses-1,1,-1.3564103245735168,-1.05558580160141,-1.674803987145424,-1.3622667044401169,0.2038721503887737
sub-S0001117273274_ses-1,0,-1.4590334296226501,-1.2071854621171951,-1.1413887590169907,-1.2692025502522786,0.21939379289561137
sub-S0001117280517_ses-1,0,-4.454555034637451,-4.31010228395462,-5.285482585430145,-4.683379968007405,0.009162967646792705
sub-S0001117284371_ses-1,0,-2.236560046672821,-1.20987206697464,-2.35493366420269,-1.933788592616717,0.12633183288590108
sub-S0001117293413_ses-1,0,-2.14365616440773,-1.7728359960019588,-3.2501052767038345,-2.3888658123711743,0.08402568389194882
sub-S0001117294401_ses-1,0,-1.8137978315353394,-2.0283644050359726,-2.0592680126428604,-1.9671434164047241,0.12269604314435613
sub-S0001117296777_ses-1,0,-0.12749317288398743,0.0495680570602417,0.26174142956733704,0.061272104581197105,0.5153132356089326
sub-S0001117296821_ses-1,0,-8.258719950914383,-12.571269874402788,-7.789281383156776,-9.539757069491316,7.192914640170388e-05
sub-S0001117304429_ses-1,0,-2.1973003298044205,-1.5900072443764657,-2.182780049741268,-1.9900292079740514,0.12025377244004289
sub-S0001117305085_ses-1,0,-3.35757315158844,-3.0564146041870117,-3.979963779449463,-3.464650511741638,0.030334940520002403
sub-S0001117307907_ses-1,0,-0.6247548162937164,-0.6929009258747101,-0.5706998109817505,-0.629451851050059,0.34763483930429995
sub-S0001117310810_ses-1,0,-3.167059540748596,-3.541971743106842,-3.4556133151054382,-3.388214866320292,0.03266581628444568
sub-S0001117312236_ses-1,0,-4.930610919371247,-3.917576715350151,-5.530188798904419,-4.792792144541939,0.008221132897616678
sub-S0001117313162_ses-1,0,-5.10180789232254,-4.487425212690141,-4.713690340518951,-4.7676411485105445,0.008428759833830958
sub-S0001117314008_ses-1,0,-3.5460428595542908,-3.57557475566864,-4.097924116998911,-3.7398472440739474,0.02320640054394361
sub-S0001117322492_ses-1,0,-2.4531803727149963,-2.1606064001098275,-2.1180003359913826,-2.243929036272069,0.09587442175756966
sub-S0001117322862_ses-1,0,-3.5858278274536133,-4.2517160177230835,-3.812672883272171,-3.8834055761496225,0.02016559642830671
sub-S0001117323478_ses-1,0,-3.0046244263648987,-2.4624618887901306,-2.642011523246765,-2.703032612800598,0.06279464550067192
sub-S0001117326846_ses-1,0,-5.338656473904848,-3.983896617719438,-5.1800675839185715,-4.834206891847619,0.007890242362734199
sub-S0001117327086_ses-1,0,-1.9719458520412445,-2.0264333859086037,-1.2289389073848724,-1.7424393817782402,0.14900335270441328
sub-S0001117329080_ses-1,0,-0.21276351809501648,1.1677379496395588,0.22370406985282898,0.39289283379912376,0.5969788957440855
sub-S0001117330225_ses-1,0,-4.860483765602112,-4.119629383087158,-4.67668229341507,-4.5522651473681135,0.010433293900315792
sub-S0001117331373_ses-1,0,-4.543179236352444,-4.954303316771984,-4.474852278828621,-4.657444943984349,0.009401454467574106
sub-S0001117333979_ses-1,0,-3.178384706377983,-3.7376602590084076,-2.917419448494911,-3.2778214712937674,0.036339929997713676
sub-S0001117335638_ses-1,0,-4.570770561695099,-3.7662825563456863,-5.116956204175949,-4.484669774072245,0.011154779318256442
sub-S0001117336840_ses-1,0,-1.5579213947057724,-0.8935673534870148,-1.077671803534031,-1.176386850575606,0.23570247191722027
sub-S0001117338378_ses-1,0,-2.700432300567627,-3.3460205644369125,-2.118633344769478,-2.7216954032580056,0.06170523334656276
sub-S0001117338483_ses-1,0,-2.63917276263237,-2.35113787651062,-2.6852126009762287,-2.558507746706406,0.07185700240531123
sub-S0001117339565_ses-1,0,-3.512065291404724,-3.597198873758316,-3.643051415681839,-3.5841051936149597,0.027011614803045484
sub-S0001117342093_ses-1,0,0.044652342796325684,-0.4239516854286194,-0.3199058175086975,-0.23306838671366373,0.44199523834958276
sub-S0001117351666_ses-1,0,-4.277517676353455,-3.4273449182510376,-3.860281080007553,-3.8550478915373483,0.02073360519061681
sub-S0001117351782_ses-1,0,-1.6357559561729431,-1.752990186214447,-1.9403623044490814,-1.7763694822788239,0.14475200864057308
sub-S0001117353704_ses-1,0,-1.4061928391456604,-1.5214120149612427,-1.5105703473091125,-1.4793917338053386,0.18551931188797632
sub-S0001117356069_ses-1,1,-0.1966853141784668,-0.5792845487594604,1.352948784828186,0.19232630729675293,0.5479339139060928
sub-S0001117357873_ses-1,0,-0.10720515251159668,-0.6004764437675476,-0.5411494970321655,-0.41627703110376996,0.39740796621819824
sub-S0001117358511_ses-1,0,-0.1691715121269226,0.21889513731002808,0.1344742774963379,0.06139930089314779,0.5153450047980752
sub-S0001117358539_ses-1,0,-4.972470760345459,-4.192519664764404,-4.677622929215431,-4.614204451441765,0.009812818547190346
sub-S0001117358655_ses-1,0,-2.6031500659883022,-2.643302417360246,-3.064402222633362,-2.77028490199397,0.058951206266572485
sub-S0001117359174_ses-1,0,-2.32133412361145,-2.686899483203888,-2.3385889530181885,-2.448940853277842,0.07951603704413329
sub-S0001117359871_ses-1,0,-4.029242604970932,-4.892499551177025,-3.434217095375061,-4.118653083841006,0.016006048252550732
sub-S0001117360619_ses-1,0,-2.3644038438796997,-2.2527324557304382,-2.5742284655570984,-2.3971215883890786,0.08339245328116988
sub-S0001117361417_ses-1,0,-2.4661173820495605,-2.254527986049652,-2.7242628931999207,-2.481636087099711,0.07715562779965049
sub-S0001117365003_ses-1,0,-3.3482131958007812,-3.622555375099182,-2.245947003364563,-3.0722385247548423,0.044267024627963676
sub-S0001117365272_ses-1,0,-0.4393465518951416,-1.1401311550289392,-1.0684389472007751,-0.8826388847082853,0.2926312357699569
sub-S0001117368509_ses-1,0,-4.127258658409119,-2.586973786354065,-4.244451999664307,-3.6528948148091636,0.025261325605785482
sub-S0001117370438_ses-1,0,-1.2369359731674194,-1.2350256443023682,-1.1684386730194092,-1.213466763496399,0.22908822196910836
sub-S0001117376157_ses-1,0,-3.1261188983917236,-2.6796464323997498,-3.6342207193374634,-3.1466620167096457,0.04122300570035541
sub-S0001117377295_ses-1,0,-1.663759708404541,-0.7228362560272217,-1.6018047332763672,-1.3294668992360432,0.2092475600023927
sub-S0001117378676_ses-3,0,-5.055959045886993,-5.833245098590851,-5.317414581775665,-5.402206242084503,0.0044864086841610515
sub-S0001117378897_ses-1,0,-2.2472706139087677,-2.650885760784149,-2.3968828171491623,-2.4316797306140265,0.08078863946779902
sub-S0001117379667_ses-1,0,-5.125500917434692,-5.262125462293625,-4.971210055053234,-5.119612144927184,0.00594281301162556
sub-S0001117384347_ses-1,0,-4.444241911172867,-4.578543123789132,-4.647846564650536,-4.556877199870844,0.010385784395962905
sub-S0001117388016_ses-1,0,-1.0609892010688782,-1.250018909573555,-1.0356079936027527,-1.115538701415062,0.2468397460024455
sub-S0001117389134_ses-1,0,-2.1600210070610046,-2.5121222138404846,-1.9853468909859657,-2.219163370629152,0.09804276287455083
sub-S0001117390689_ses-1,0,-1.3215790390968323,-1.2264892479870468,-1.3147938661277294,-1.2876207177372028,0.21625580128845714
sub-S0001117392261_ses-1,0,2.2279457449913025,1.9415483921766281,2.888009786605835,2.3525013079245887,0.9131328395847347
sub-S0001117393742_ses-2,0,-2.3917001485824585,-1.7874323725700378,-2.5137712955474854,-2.230967938899994,0.09700382218928179
sub-S0001117395569_ses-1,1,-1.20734441280365,-1.3670371770858765,-1.3358561992645264,-1.3034125963846843,0.21359124281289435
sub-S0001117399737_ses-1,0,-3.6926015615463257,-2.8130605053156614,-3.534172475337982,-3.3466115140666566,0.03400629989542213
sub-S0001117400687_ses-1,0,-2.0149824023246765,-2.327425956726074,-2.327370822429657,-2.2232597271601358,0.09768111649008902
sub-S0001117401226_ses-1,0,-3.103877007961273,-2.341047789901495,-2.773600921034813,-2.7395085729658604,0.06068190842044546
sub-S0001117402153_ses-1,0,-0.14674460887908936,-0.1698804497718811,-0.23258769512176514,-0.1830709179242452,0.45435966886658147
sub-S0001117403905_ses-1,0,-2.7642241716384888,-2.649681329727173,-3.523975521326065,-2.9792936742305756,0.04837013085143464
sub-S0001117408769_ses-1,0,-4.5299157202243805,-4.614802896976471,-3.232829675078392,-4.1258494307597475,0.015893100716804935
sub-S0001117408887_ses-1,0,1.1688832938671112,1.3947977973730303,1.205607831478119,1.2564296409060869,0.778410878091831
sub-S0001117409033_ses-1,0,-2.44428813457489,-2.6886261747567914,-1.8466735482215881,-2.3265292858510898,0.08894952030000346
sub-S0001117412735_ses-1,0,-6.387606829404831,-4.909882366657257,-6.50837523303926,-5.935288143033783,0.002637485934034373
sub-S0001117417141_ses-1,0,-3.8760690093040466,-3.805796270200517,-3.8002569675445557,-3.8273740823497064,0.021303002187467356
sub-S0001117427164_ses-1,0,-3.8793234825134277,-3.513248383998871,-3.7127771973609924,-3.701783021291097,0.024085075946448112
sub-S0001117427721_ses-1,0,-4.962906360626221,-4.960613965988159,-4.678921759128571,-4.86748069524765,0.0076339950097309185
sub-S0001117432146_ses-1,0,-1.25124990940094,0.1984924077987671,0.4455098807811737,-0.20241587360699972,0.4495681062053469
sub-S0001117433970_ses-1,0,-3.718007117509842,-4.04435420781374,-3.9703289973549545,-3.910896774226179,0.019629504820078372
sub-S0001117434326_ses-1,0,-3.3132048547267914,-1.9762691305368207,-2.959172010421753,-2.749548665228455,0.060112144928486745
sub-S0001117437418_ses-1,0,-2.8391120433807373,-3.35001702234149,-2.746659353375435,-2.9785961396992207,0.048402248804414495
sub-S0001117437823_ses-1,0,-3.0161963403224945,-4.071036129258573,-3.2474453151226044,-3.444892594901224,0.030921538662167708
sub-S0001117438373_ses-1,0,0.04538172483444214,-1.2965911030769348,0.6245721876621246,-0.20887906352678934,0.4479692737534848
sub-S0001117438884_ses-1,0,0.04733884334564209,-1.0648319721221924,-0.022252675145864487,-0.34658193464080495,0.4142115376930985
sub-S0001117440045_ses-1,0,-0.35654497146606445,0.23931008577346802,0.06479117274284363,-0.017481237649917603,0.4956298018790272
sub-S0001117440588_ses-1,0,-4.424884185194969,-4.306910400220659,-4.777654051780701,-4.50314954573211,0.010952771600555184
sub-S0001117440789_ses-1,0,-4.590182840824127,-4.425168186426163,-4.315586522221565,-4.443645849823952,0.011616481965606983
sub-S0001117440861_ses-1,0,1.3852988332509995,1.550123090913985,1.2868787571787834,1.4074335604479227,0.8033608331434641
sub-S0001117443269_ses-1,0,-3.589578002691269,-3.4332171724527143,-3.4315089527517557,-3.484768042631913,0.02974874716101357
sub-S0001117449631_ses-1,0,-5.174262821674347,-5.061702445149422,-5.095161708071828,-5.1103756582985325,0.0059976272663777004
sub-S0001117450065_ses-1,0,-1.3827683925628662,-1.2068712711334229,-0.9098700284957886,-1.1665032307306926,0.2374876232386299
sub-S0001117450438_ses-1,0,-4.274921357631683,-4.1154022216796875,-3.795631766319275,-4.0619851152102155,0.016923477312364554
sub-S0001117450922_ses-1,0,-4.498077899217606,-4.083220034837723,-4.748538762331009,-4.4432788987954455,0.011620695883407351
sub-S0001117453052_ses-1,1,0.7434070706367493,0.6916660666465759,-0.10522496700286865,0.44328272342681885,0.6090409594389343
sub-S0001117455206_ses-1,0,-3.471849203109741,-4.028334343805909,-3.947050541639328,-3.815744696184993,0.021546819976856067
sub-S0001117458136_ses-1,0,-0.5455577373504639,-0.21393334865570068,-0.3448828458786011,-0.36812464396158856,0.40899425130656514
sub-S0001117464768_ses-1,0,-3.9606890082359314,-3.778321087360382,-3.9511244893074036,-3.896711528301239,0.01990435662954172
sub-S0001117473266_ses-1,0,-4.225913643836975,-4.492502838373184,-3.946630209684372,-4.221682230631511,0.014461728265821847
sub-S0001117479675_ses-1,0,-1.3375756740570068,-1.0914973616600037,-0.607710674405098,-1.0122612367073696,0.26653755633626885
sub-S0001117490446_ses-1,0,-3.5654304027557373,-3.6244250535964966,-2.973923683166504,-3.387926379839579,0.032674933328816824
sub-S0001117491704_ses-2,0,-5.3223715126514435,-6.646558646985795,-6.307273790240288,-6.092067983292509,0.0022556295607648134
sub-S0001117498448_ses-1,0,-4.101058810949326,-3.989006955176592,-4.949223291128874,-4.346429685751597,0.012787342177431858
sub-S0001117499883_ses-1,0,0.015318810939788818,0.009224176406860352,-0.10997721552848816,-0.028478076060612995,0.49288096210713866
sub-S0001117500153_ses-1,0,-5.262024641036987,-5.453813135623932,-5.0787200927734375,-5.264852623144786,0.005143561921307972
sub-S0001117501970_ses-1,0,-2.0060492753982544,-1.728583812713623,-2.5014842748641968,-2.0787057876586914,0.111183798969576
sub-S0001117502215_ses-1,0,-4.616848140954971,-4.866446167230606,-4.814668744802475,-4.7659876843293505,0.00844259025576436
sub-S0001117505440_ses-1,0,-0.315044641494751,0.004841804504394531,0.16478940844535828,-0.048471142848332725,0.4878845862433146
sub-S0001117506300_ses-1,0,-4.2874775826931,-3.6724195778369904,-3.3807495087385178,-3.780215556422869,0.02230873670146941
sub-S0001117508826_ses-1,0,-1.6593302190303802,-1.4504900024621747,-1.1652577966451645,-1.4250260060459066,0.19387487337402548
sub-S0001117512961_ses-1,0,-1.9306293725967407,-1.3743501901626587,-1.4577845335006714,-1.5875880320866902,0.16972351457579393
sub-S0001117514119_ses-1,0,-4.039200127124786,-3.1899448931217194,-3.709361270070076,-3.6461687634388604,0.025427472353169892
sub-S0001117516501_ses-1,0,-3.5444337725639343,-3.252422571182251,-3.8462942242622375,-3.5477168560028076,0.02798461178051498
sub-S0001117518289_ses-1,0,-6.385348260402679,-7.026082277297974,-7.209140740334988,-6.873523759345214,0.001033754407073242
sub-S0001117520435_ses-1,0,-1.0879772901535034,-0.8901422023773193,-0.7856090068817139,-0.9212428331375122,0.28470472617534087
sub-S0001117521731_ses-1,1,1.2255326509475708,1.839538961648941,2.4384090900421143,1.8344935675462086,0.8622961688890364
sub-S0001117522430_ses-1,0,-3.3595220148563385,-2.507125501462724,-2.648845888674259,-2.8384978016644404,0.05527893495975838
sub-S0001117522533_ses-1,1,2.900929629802704,2.549196720123291,3.116602897644043,2.8555764158566794,0.9456062200247808
sub-S0001117523790_ses-1,0,-2.554768443107605,-2.0867894887924194,-3.062574476003647,-2.5680441359678903,0.07122357756110853
sub-S0001117525260_ses-1,0,-3.018802225589752,-3.1736316680908203,-2.770443946123123,-2.987625946601232,0.04798803259636753
sub-S0001117527005_ses-1,0,-1.8249579966068268,-1.5863052606582642,-2.2693960908800364,-1.8935531160483758,0.130839875962018
sub-S0001117531674_ses-1,1,0.32927483320236206,-0.1732332706451416,0.8311668038368225,0.32906945546468097,0.5815329438111538
sub-S0001117533876_ses-1,0,-0.47765016555786133,-0.09086060523986816,0.3148033618927002,-0.08456913630167644,0.4788703076126687
sub-S0001117534069_ses-1,0,-2.163105547428131,-1.8274301290512085,-1.970601201057434,-1.9870456258455913,0.12056977174944832
sub-S0001117535540_ses-1,0,-6.104421705007553,-6.282481223344803,-5.364948198199272,-5.917283708850543,0.0026852737673961078
sub-S0001117536899_ses-1,0,0.9842524528503418,0.7926903963088989,1.1072076559066772,0.9613835016886393,0.7233987196869434
sub-S0001117537912_ses-1,0,-4.727858304977417,-5.4929545521736145,-4.324108213186264,-4.8483070234457655,0.007780629125535655
sub-S0001117538575_ses-1,0,-3.895553767681122,-3.0131739377975464,-3.6167905926704407,-3.508506099383036,0.029071173082610105
sub-S0001117544334_ses-1,0,-34.93977117538452,-29.858450651168823,-61.35350549221039,-42.05057577292124,5.465966692810472e-19
sub-S0001117544756_ses-1,0,-0.7789043486118317,-0.6919581592082977,-0.8481499720364809,-0.7730041599522034,0.31582960471344496
sub-S0001117545086_ses-1,0,-5.262561738491058,-5.19080188497901,-5.653523743152618,-5.3689624555408955,0.004637357409261594
sub-S0001117547757_ses-1,0,1.5746168494224548,1.2598062381148338,2.120571367442608,1.6516648183266323,0.8391159284485558
sub-S0001117553277_ses-1,1,2.3854428231716156,2.1684005111455917,2.0485850274562836,2.200809453924497,0.900322176562625
sub-S0001117554223_ses-1,0,-1.4000624120235443,-1.2675665318965912,-1.0550237894058228,-1.240884244441986,0.224282107692074
sub-S0001117562554_ses-1,0,-3.3951867818832397,-3.3976792357861996,-3.568127691745758,-3.4536645698050656,0.030659761774340075
sub-S0001117562640_ses-1,0,-1.8354535698890686,-1.5589021444320679,-1.480202555656433,-1.62485275665919,0.16453670261077127
sub-S0001117563187_ses-1,0,-1.366914302110672,-1.3180553913116455,-1.1003669798374176,-1.2617788910865784,0.2206678180287602
sub-S0001117563796_ses-1,0,-1.312332034111023,-1.1476391553878784,-1.4843108654022217,-1.314760684967041,0.21169129967282393
sub-S0001117567030_ses-1,0,-3.358869031071663,-3.3064699843525887,-2.369070440530777,-3.011469818651676,0.046910386596008706
sub-S0001117567126_ses-1,0,-3.16640043258667,-2.507976531982422,-2.6447831243276596,-2.773053362965584,0.058797810630259614
sub-S0001117567158_ses-1,0,-2.3187808990478516,-3.0400538742542267,-2.2538269609212875,-2.5375539114077887,0.07326708717544277
sub-S0001117567292_ses-1,0,-4.065929472446442,-3.4452097415924072,-4.316495358943939,-3.942544857660929,0.019029632976354578
sub-S0001117569115_ses-1,0,-1.4050527811050415,-1.7514943182468414,-1.6643348038196564,-1.6069606343905132,0.16701101723620715
sub-S0001117569992_ses-1,0,-5.57625450193882,-4.7671269224374555,-5.834955662488937,-5.392779028955071,0.004528710557328359
sub-S0001117570190_ses-1,0,-7.04321026802063,-10.738661289215088,-6.136326432228088,-7.972732663154602,0.0003446168494470955
sub-S0001117571453_ses-1,0,-1.5120854377746582,-1.6241276264190674,-1.0741029977798462,-1.403438687324524,0.19727101065583585
sub-S0001117571733_ses-1,0,-1.8373381793498993,-1.9436928033828735,-1.1862750202417374,-1.65576866765817,0.1603308210277301
sub-S0001117572245_ses-1,1,3.74058997631073,3.6950058937072754,4.500060558319092,3.9785521427790322,0.9816310203748236
sub-S0001117574686_ses-1,0,-1.5822941660881042,-1.6705243289470673,-2.0601830184459686,-1.7710005044937134,0.14541795055831117
sub-S0001117578284_ses-1,0,-2.9398471117019653,-2.5697052478790283,-2.93515408039093,-2.814902146657308,0.056524184193730245
sub-S0001117578510_ses-1,0,-4.090727627277374,-4.138878345489502,-2.827426500618458,-3.6856774911284447,0.024466551907187824
sub-S0001117584426_ses-1,0,-3.210985541343689,-4.0738455504179,-3.0856660306453705,-3.456832374135653,0.0305657552961661
sub-S0001117585035_ses-1,0,-1.9409371614456177,-1.9424215257167816,-2.27863347530365,-2.053997387488683,0.11364909024434842
sub-S0001117585665_ses-1,0,-1.6126273572444916,0.05077693151542917,-1.1871393918991089,-0.9163299392093904,0.28570628428452455
sub-S0001117585747_ses-1,0,-0.35110461711883545,-0.8310149572789669,-0.006945908069610596,-0.39635516082247096,0.40218836580371775
sub-S0001117585804_ses-1,0,-2.7361034154891968,-2.392845392227173,-3.1051377058029175,-2.744695504506429,0.060386928159325226
sub-S0001117588907_ses-1,0,-1.4160677194595337,-0.873173713684082,-0.9662220478057861,-1.0851544936498005,0.2525318165210746
sub-S0001117589900_ses-1,0,-0.17066675424575806,-0.7179577992646955,-0.5081764459609985,-0.4656003331571507,0.38565811296998154
sub-S0001117594052_ses-1,0,-5.24847012758255,-4.638946771621704,-4.459866404533386,-4.782427767912547,0.008306071487966058
sub-S0001117596023_ses-1,1,3.6172521114349365,4.108975648880005,4.6471946239471436,4.124474128087361,0.9840853745202485
sub-S0001117597807_ses-1,0,-3.996193051338196,-4.3455453515052795,-4.108344465494156,-4.15002762277921,0.015519334538548757
sub-S0001117600199_ses-1,0,-0.6879644393920898,-0.17199575901031494,0.5331229567527771,-0.10894574721654256,0.4727904707640489
sub-S0001117600237_ses-1,0,-5.648465737700462,-5.644672279187944,-6.187267482280731,-5.826801833056379,0.002938826325907413
sub-S0001117603030_ses-1,0,-3.946133106946945,-3.720003455877304,-3.9826265489682555,-3.8829210372641683,0.020175172631831856
sub-S0001117603939_ses-1,1,1.752026617527008,1.8064849972724915,2.097683370113373,1.8853983283042908,0.8682299599968765
sub-S0001117604758_ses-1,0,-3.625555992126465,-3.7154611945152283,-3.7158533111214638,-3.6856234992543855,0.02446784061507178
sub-S0001117605705_ses-1,0,-2.7070363759994507,-2.460288556292653,-3.179869122803211,-2.782398018365105,0.0582827986127853
sub-S0001117605753_ses-1,0,-2.342841923236847,-2.4096400141716003,-1.4936587810516357,-2.082046906153361,0.11085405176035583
sub-S0001117609840_ses-1,0,-4.604172021150589,-4.44049745798111,-4.704617142677307,-4.583095540603002,0.010119744747074225
sub-S0001117612952_ses-1,0,-2.120255794376135,-2.778024297207594,-1.7677963972091675,-2.222025496264299,0.09778995503428614
sub-S0001117613484_ses-1,0,-0.033201634883880615,-0.3166387677192688,-0.31017160415649414,-0.2200040022532145,0.44521977633951815
sub-S0001117617452_ses-1,0,-3.337771952152252,-3.0230010747909546,-3.7796232104301453,-3.3801320791244507,0.03292218936143152
sub-S0001117620900_ses-3,0,-1.5722976326942444,-2.134899288415909,-1.8779903650283813,-1.8617290953795116,0.1345016390803986
sub-S0001117621643_ses-1,0,-0.4691135883331299,-0.18293976783752441,-0.5507268905639648,-0.40092674891153973,0.40108969888133406
sub-S0001117624527_ses-1,0,-3.889728307723999,-2.2975494265556335,-2.1786367297172546,-2.788638154665629,0.05794124558518577
sub-S0001117625923_ses-1,0,-2.7034947276115417,-2.7238512337207794,-2.437089055776596,-2.621478339036306,0.06776883800134686
sub-S0001117627827_ses-1,0,-1.271017998456955,-1.334764301776886,-1.7837019562721252,-1.4631614188353221,0.187984270601925
sub-S0001117631785_ses-1,0,-5.030847251415253,-3.540147066116333,-4.839845836162567,-4.470280051231384,0.011314624650103118
sub-S0001117633609_ses-1,0,-4.439309969544411,-4.527108910726383,-5.303102441132069,-4.756507107134287,0.008522326125875982
sub-S0001117637795_ses-1,0,-3.3392956256866455,-3.712376832962036,-3.4092366695404053,-3.4869697093963623,0.029685264533207054
sub-S0001117639489_ses-1,0,-2.609159678220749,-2.5876661986112595,-2.0588045865297318,-2.4185434877872467,0.08176954859366806
sub-S0001117641541_ses-1,0,-3.632662355899811,-3.317588120698929,-4.119563013315201,-3.6899378299713135,0.024365072141155093
sub-S0001117643178_ses-2,1,0.507140263915062,0.7199674770236015,1.0924080610275269,0.7731719339887301,0.6842066469924589
sub-S0001117644005_ses-1,0,-2.6586832404136658,-3.052739843726158,-2.189960941672325,-2.633794675270716,0.06699486841598523
sub-S0001117646278_ses-1,0,-4.499462425708771,-4.00700831413269,-4.598195791244507,-4.368222177028656,0.012515138474789791
sub-S0001117649770_ses-1,0,-3.9761458039283752,-3.2842725217342377,-4.062407463788986,-3.774275263150533,0.022438669093923495
sub-S0001117656529_ses-1,0,-5.943742334842682,-5.358515620231628,-5.893152251839638,-5.731803402304649,0.003230755114225894
sub-S0001117660233_ses-1,0,-1.6635449528694153,-2.0551052689552307,-1.8088251501321793,-1.842491790652275,0.13675685932656265
sub-S0001117663435_ses-1,1,0.9507654160261154,0.782927542924881,1.5081291198730469,1.0806073596080144,0.7466089032966046
sub-S0001117666274_ses-1,0,-5.413521856069565,-5.169742316007614,-4.785822719335556,-5.123028963804245,0.00592266220408911
sub-S0001117668018_ses-1,0,-2.8518861532211304,-2.7378939390182495,-2.850290298461914,-2.813356796900431,0.05660665296273041
sub-S0001117669428_ses-1,0,-3.9104145765304565,-3.0909634828567505,-2.897597908973694,-3.2996586561203003,0.03558290123131443
sub-S0001117671783_ses-1,1,0.9007207155227661,0.7977133691310883,0.9715970456600189,0.8900103767712911,0.7088923139628044
sub-S0001117672337_ses-1,0,1.8424809277057648,1.8963486179709435,2.179316595196724,1.9727153802911441,0.8779024728322161
sub-S0001117676967_ses-1,0,1.4160068035125732,1.615023359656334,1.7211439162492752,1.5840580264727275,0.8297784659459618
sub-S0001117681724_ses-1,0,-3.494805932044983,-3.5358303785324097,-3.9387396574020386,-3.6564586559931436,0.025173720774240363
sub-S0001117682896_ses-1,0,-5.209517300128937,-6.214409574866295,-5.821807041298598,-5.7485779720979435,0.003177183350858726
sub-S0001117682935_ses-1,1,2.762845993041992,2.437746912240982,2.1290749311447144,2.443222612142563,0.9200644187569055
sub-S0001117685790_ses-1,0,-2.133227527141571,-1.946513593196869,-1.749428153038025,-1.9430564244588215,0.12531246029405158
sub-S0001117686883_ses-1,0,0.3108609914779663,0.6057332754135132,0.5311647653579712,0.4825863440831502,0.6183584159896767
sub-S0001117688088_ses-1,0,-4.4501679465174675,-4.878379775211215,-4.396611869335175,-4.575053197021286,0.010200625819163027
sub-S0001117690676_ses-1,0,-2.609193444252014,-3.09452623128891,-2.898194894194603,-2.867304856578509,0.053793669707875094
sub-S0001117692191_ses-1,0,-2.016456216573715,-2.1174997137277387,-1.9908019453287125,-2.0415859585433886,0.11490533819235324
sub-S0001117693711_ses-4,0,-3.3380578756332397,-3.1516581177711487,-3.5143375992774963,-3.3346845308939614,0.03440028481754917
sub-S0001117694387_ses-1,0,-3.538752555847168,-2.7785804271698,-1.6782560348510742,-2.665196339289347,0.06505854598795112
sub-S0001117697860_ses-1,0,-3.7827565371990204,-3.3050004420801997,-3.139917254447937,-3.409224744575719,0.03200840919057788
sub-S0001117699732_ses-1,0,0.26483672857284546,0.17469477193662897,-0.3687545880675316,0.02359230414731428,0.5058978024811932
sub-S0001117700954_ses-2,0,-1.401940107345581,-2.281093716621399,-0.6136767864227295,-1.432236870129903,0.19275039320515036
sub-S0001117701677_ses-1,0,-2.5934229493141174,-2.6873504519462585,-3.174695909023285,-2.8184897700945535,0.05633316322694191
sub-S0001117705272_ses-1,0,-3.573776423931122,-4.793687228986528,-4.008635155856609,-4.12536626959142,0.015900659371756717
sub-S0001117706200_ses-1,1,1.8981174230575562,2.0590981245040894,1.8029987923800945,1.9200714466472466,0.8721464006980746
sub-S0001117707329_ses-1,0,-3.785035789012909,-4.089569270610809,-3.7556477785110474,-3.876750946044922,0.02029750561466551
sub-S0001117708004_ses-1,0,-4.612952023744583,-3.778692603111267,-4.798234969377518,-4.396626532077789,0.012168920230096482
sub-S0001117709491_ses-1,1,2.8146560192108154,2.1774590015411377,2.3704794123768806,2.454198144376278,0.9208679114652311
sub-S0001117711134_ses-1,0,-3.5646388679742813,-3.82770374417305,-3.8621239364147186,-3.7514888495206833,0.022943969843533793
sub-S0001117712398_ses-1,0,-2.8592360615730286,-2.7930941581726074,-3.2229748368263245,-2.9584350188573203,0.04933935975519088
sub-S0001117718048_ses-1,0,-3.2814907133579254,-3.0214391946792603,-2.284658282995224,-2.8625293970108032,0.054037258760381145
sub-S0001117719809_ses-1,0,-2.289648711681366,-2.3460869193077087,-2.4292554035782814,-2.354997011522452,0.08666940207193341
sub-S0001117722245_ses-1,0,-1.0291757583618164,-1.6651631593704224,-1.9824430644512177,-1.5589273273944855,0.17380062244118138
sub-S0001117722577_ses-1,0,-0.31473517417907715,-0.27201205492019653,-0.38712042570114136,-0.32462255160013836,0.4195496115410252
sub-S0001117723226_ses-1,0,-3.044932186603546,-2.188738703727722,-3.41632217168808,-2.883331020673116,0.052983748447070704
sub-S0001117724106_ses-1,0,-0.09140735864639282,0.508178249001503,-0.46702107787132263,-0.016750062505404156,0.4958125822766206
sub-S0001117725432_ses-1,0,-2.1832464039325714,-2.423478737473488,-2.2239953875541687,-2.2769068429867425,0.09305367074337603
sub-S0001117727096_ses-1,0,-3.723057448863983,-3.216162383556366,-3.326809048652649,-3.4220096270243325,0.03161464538090299
sub-S0001117727416_ses-1,0,-2.7919398583471775,-3.0821296022622846,-2.4613774716854095,-2.778482310764957,0.05849808790026267
sub-S0001117728709_ses-1,0,-4.002165913581848,-3.8567808866500854,-5.031594004482031,-4.2968469349046545,0.01342862655165289
sub-S0001117729026_ses-1,0,-6.638661056756973,-6.3059195429086685,-7.022792149335146,-6.655790916333596,0.001284897102618725
sub-S0001117731777_ses-1,0,-3.1722165942192078,-2.4520995020866394,-3.279657043516636,-2.9679910466074944,0.048893059793060134
sub-S0001117735797_ses-1,0,-2.5704212188720703,-2.7138298749923706,-1.9700857400894165,-2.418112277984619,0.08180193108364175
sub-S0001117738085_ses-1,0,0.21019969880580902,-0.821165107190609,0.02600499987602234,-0.19498680283625922,0.4514071595437155
sub-S0001117738976_ses-1,0,-5.0182130336761475,-4.632807210087776,-4.754230231046677,-4.8017501582702,0.008148414160397731
sub-S0001117738982_ses-1,0,-4.139895021915436,-3.615859776735306,-4.440866112709045,-4.065540303786595,0.01686443084992822
sub-S0001117743354_ses-1,0,-4.399772822856903,-3.308534264564514,-4.291487604379654,-3.9999315639336905,0.01798741876809974
sub-S0001117747584_ses-1,0,-1.7090310752391815,-2.0875605791807175,-1.5883587896823883,-1.794983481367429,0.14246282023808174
sub-S0001117748334_ses-1,0,-0.5374913811683655,-1.0841964483261108,-0.8934886157512665,-0.8383921484152476,0.3018735241447086
sub-S0001117750280_ses-1,0,-3.128666579723358,-3.3024888038635254,-2.9336681067943573,-3.1216078301270804,0.042224700457446813
sub-S0001117751282_ses-1,0,-0.9345828890800476,-1.2915372848510742,-1.6617318987846375,-1.2959506909052532,0.21484729781013462
sub-S0001117751332_ses-1,0,-3.1568928956985474,-2.848179817199707,-2.880317807197571,-2.961796840031942,0.04918191226318713
sub-S0001117755388_ses-1,0,-6.494121044874191,-6.0221832394599915,-6.145694136619568,-6.220666140317917,0.001983976554335105
sub-S0001117755531_ses-1,0,-3.2857033908367157,-3.4292201101779938,-2.5202907770872116,-3.078404759367307,0.04400687880833311
sub-S0001117758326_ses-1,0,-2.6009112000465393,-2.174468904733658,-2.841046839952469,-2.538808981577555,0.07318191476728574
sub-S0001117760566_ses-1,0,-3.3517218828201294,-3.3806692361831665,-2.7210344672203064,-3.151141862074534,0.04104630922367869
sub-S0001117762197_ses-1,0,-4.592132389545441,-4.269625246524811,-4.7513827085494995,-4.537713448206584,0.010584607340292217
sub-S0001117767316_ses-1,0,-0.19123554229736328,-0.28891998529434204,0.4983770251274109,0.0060738325119018555,0.5015184534598169
sub-S0001117767354_ses-1,0,-4.238227218389511,-3.3823448419570923,-3.8417001076741144,-3.820757389340239,0.021441392671263115
sub-S0001117769501_ses-1,0,-3.365256130695343,-3.5806820690631866,-4.052989572286606,-3.6663092573483786,0.0249331143121586
sub-S0001117771014_ses-1,0,-3.0869319289922714,-3.2378875360591337,-3.282916419339017,-3.2025786281301407,0.039068799688148
sub-S0001117775410_ses-2,1,2.7378182113170624,2.093247190117836,2.8952797427773476,2.575448381404082,0.929264666754587
sub-S0001117778490_ses-1,0,-3.5651251673698425,-3.180670380592346,-2.816536068916321,-3.1874438722928367,0.039640975803371156
sub-S0001117779506_ses-1,0,-0.8319222331047058,-0.08354318141937256,0.618905171751976,-0.09885341425736745,0.4753067516914942
sub-S0001117780148_ses-1,0,-2.301349401473999,-2.4367253482341766,-1.9587043225765228,-2.232259690761566,0.09689073126010438
sub-S0001117780824_ses-1,0,-0.39529091119766235,-0.4462660551071167,-0.7804833501577377,-0.5406801054875056,0.3680293865817382
sub-S0001117782581_ses-1,0,-3.248929262161255,-2.885929822921753,-2.3275939226150513,-2.8208176692326865,0.05620954045365711
sub-S0001117783715_ses-1,0,-3.4452974796295166,-3.7406206279993057,-3.0477773416787386,-3.4112318164358535,0.031946280712798
sub-S0001117784533_ses-1,0,1.9395581781864166,1.0984448418021202,1.3833156824111938,1.4737729007999103,0.8136301711489528
sub-S0001117786186_ses-1,0,-6.9824628084897995,-6.5377163384109735,-7.502489939332008,-7.007556362077594,0.000904199107450269
sub-S0001117786566_ses-1,0,-0.9415092468261719,-1.454079270362854,-0.9740699529647827,-1.1232194900512695,0.24541458964498147
sub-S0001117788322_ses-1,0,1.6668623685836792,1.5744699239730835,1.2997961044311523,1.5137094656626384,0.8196102989540841
sub-S0001117788350_ses-1,0,-3.0202715396881104,-3.082933485507965,-2.749327600002289,-2.9508442083994546,0.04969662707653992
sub-S0001117789434_ses-1,0,-5.638628363609314,-4.961346387863159,-6.673442482948303,-5.757805744806926,0.0031480917535788603
sub-S0001117790533_ses-1,0,-3.9054787158966064,-3.5531842708587646,-3.267599731683731,-3.5754209061463675,0.02724079507046216
sub-S0001117794200_ses-1,0,-2.6457903385162354,-1.8569409847259521,-2.7116239443421364,-2.4047850891947746,0.08280853655409105
sub-S0001117794379_ses-1,0,-3.1153025031089783,-3.4779704213142395,-2.704593986272812,-3.09928897023201,0.04313659375175732
sub-S0001117797569_ses-1,0,-5.498433947563171,-5.348061293363571,-6.056642770767212,-5.6343793372313185,0.0035601739828851646
sub-S0001117798350_ses-1,0,-0.16439881920814514,0.38234271109104156,0.07707832753658295,0.09834073980649312,0.5245653906865465
sub-S0001117800378_ses-1,0,-2.486562967300415,-1.8523470163345337,-2.1580365896224976,-2.165648857752482,0.10287792466962387
sub-S0001117804521_ses-1,0,-4.56513899564743,-5.31000018119812,-5.080218255519867,-4.985119144121806,0.006792509434891526
sub-S0001117805504_ses-1,0,-3.6809803247451782,-3.8162573873996735,-2.6739450991153717,-3.3903942704200745,0.032597019912786414
sub-S0001117805802_ses-1,0,-4.606565952301025,-4.689285099506378,-4.628721058368683,-4.641524036725362,0.009550891003991018
sub-S0001117809632_ses-1,0,-3.424660846590996,-3.26183689100435,-2.8889945819973946,-3.19183077319758,0.03947430524410825
sub-S0001117809853_ses-1,1,2.473771169781685,2.2667645812034607,2.211088716983795,2.317208155989647,0.9102922188573942
sub-S0001117814308_ses-1,0,-0.7482029795646667,-0.6712296009063721,-0.7355830073356628,-0.7183385292689005,0.3277589549843967
sub-S0001117815328_ses-1,0,-4.41067598760128,-3.8722432334907353,-4.1434401497244835,-4.142119790272166,0.015640618266476922
sub-S0001117817040_ses-2,0,-4.473145484924316,-3.8639655113220215,-4.209814131259918,-4.182308375835419,0.015033769652063936
sub-S0001117824661_ses-2,0,-2.5222980976104736,-2.2396904826164246,-1.8499244451522827,-2.203971008459727,0.09939445759567006
sub-S0001117825841_ses-1,0,-4.379158973693848,-4.164288884727284,-4.092605948448181,-4.212017935623105,0.014600117767866698
sub-S0001117826128_ses-1,0,0.0035730600357055664,0.823643296957016,-0.015345335006713867,0.2706236739953359,0.5672460096105683
sub-S0001117828247_ses-1,0,-3.3445284366607666,-4.0259881019592285,-3.1243683993816376,-3.4982949793338776,0.029360782697831708
sub-S0001117828896_ses-1,0,-0.30872687697410583,-0.7463941071182489,-0.17449069023132324,-0.4098705581078927,0.39894315929521573
sub-S0001117831236_ses-1,0,0.8814499378204346,1.5831245183944702,1.1701438426971436,1.2115727663040161,0.7705771136130644
sub-S0001117832773_ses-1,0,-5.519976079463959,-5.404806733131409,-5.159366995096207,-5.361383269230525,0.004672473487327556
sub-S0001117834144_ses-1,1,2.789616048336029,3.8648663759231567,2.7466108798980713,3.133697768052419,0.9582615410791685
sub-S0001117837357_ses-1,1,1.9168927520513535,1.8672488927841187,2.002254068851471,1.928798571228981,0.873116380246547
sub-S0001117837467_ses-1,0,0.43188923597335815,0.09873217344284058,1.4776898622512817,0.6694370905558268,0.6613771029045126
sub-S0001117842321_ses-1,0,-4.3124260902404785,-4.015394747257233,-4.659174919128418,-4.328998585542043,0.013009268478251314
sub-S0001117842580_ses-1,0,-2.5859569311141968,-2.6540233492851257,-1.6332100927829742,-2.2910634577274323,0.09186579089359241
sub-S0001117848275_ses-1,0,-2.743955373764038,-2.5635196566581726,-2.926759511232376,-2.7447448472181954,0.06038412849746438
sub-S0001117848932_ses-1,0,-0.7692101299762726,-0.5779471397399902,-1.1828272342681885,-0.8433281679948171,0.30083429668704137
sub-S0001117852777_ses-1,1,2.921759784221649,3.454781651496887,3.257564663887024,3.2113686998685202,0.9612598672032865
sub-S0001117854125_ses-1,0,-1.2674168050289154,-1.2863032221794128,-1.1281344890594482,-1.2272848387559254,0.226656995727355
sub-S0001117857370_ses-1,0,-2.2765560150146484,-2.054342210292816,-2.1916701197624207,-2.1741894483566284,0.10209234809260326
sub-S0001117860175_ses-1,0,-5.11170306801796,-5.53215754032135,-4.778908997774124,-5.140923202037811,0.005818234415372573
sub-S0001117861328_ses-1,0,-3.3978331387043,-3.0451154708862305,-3.1699889302253723,-3.2043125132719674,0.03900375742723105
sub-S0001117863283_ses-1,0,-3.1739242672920227,-2.974886290729046,-3.474164269864559,-3.207658275961876,0.03887854324170243
sub-S0001117868126_ses-1,0,-3.8462456464767456,-3.4554048776626587,-4.210525572299957,-3.837392032146454,0.021095134686038037
sub-S0001117868133_ses-1,0,-2.4512627124786377,-2.2105326056480408,-2.285420775413513,-2.3157386978467307,0.08982784989697581
sub-S0001117869706_ses-1,0,-1.6147756576538086,-1.9196969866752625,-1.5865575168281794,-1.7070100537190835,0.15355192782254776
sub-S0001117871214_ses-1,0,-2.8913848400115967,-2.3755269646644592,-3.2244019210338593,-2.8304379085699716,0.055701360017122475
sub-S0001117871802_ses-1,0,-5.352249920368195,-4.920559883117676,-5.396352112293243,-5.2230539719263716,0.005361935148748096
sub-S0001117874488_ses-1,0,-2.64338755607605,-2.6237614154815674,-3.0813333988189697,-2.782827456792196,0.05825923296274662
sub-S0001117876086_ses-1,0,0.44805610179901123,1.0581142604351044,1.3101758509874344,0.93878207107385,0.7188535758127859
sub-S0001117879787_ses-1,0,-2.323726534843445,-1.4956131279468536,-2.262779176235199,-2.0273729463418326,0.11635876203894698
sub-S0001117882511_ses-1,0,1.9616109132766724,2.1089862883090973,1.7585027441382408,1.9430333152413368,0.8746850067000751
sub-S0001117885930_ses-1,0,-8.324685893952847,-12.518772010633256,-8.091321021318436,-9.644926308634846,6.474908039938657e-05
sub-S0001117886747_ses-1,1,2.37451833486557,3.100244462490082,2.7301231622695923,2.734961986541748,0.9390584196857744
sub-S0001117894304_ses-1,0,-1.7845553532242775,-1.9009454920887947,-1.5165711529552937,-1.7340239994227886,0.1500735894963762
sub-S0001117899750_ses-1,0,-4.238345801830292,-4.280732989311218,-4.657880663871765,-4.392319818337758,0.012220799452003153
sub-S0001117901403_ses-1,0,-4.9319512993097305,-5.174388992600143,-4.755107216536999,-4.953815836148958,0.0070069869827345385
sub-S0001117907320_ses-1,0,0.045472003519535065,0.16988072829553857,-0.5619411244988441,-0.1155294642279235,0.47114971567312136
sub-S0001117916491_ses-1,0,-4.407508462667465,-4.820691351429559,-4.879528567194939,-4.702576127097321,0.00899031761350723
sub-S0001117918401_ses-1,0,-1.479508876800537,-0.8260862827301025,-1.5310895442962646,-1.2788949012756348,0.2177383945443296
sub-S0001117920904_ses-1,0,-3.2410818338394165,-3.2143415212631226,-1.8483678102493286,-2.7679303884506226,0.059081960891798874
sub-S0001117922301_ses-1,0,0.10814845561981201,0.747421383857727,0.9786903858184814,0.6114200750986735,0.6482646723133979
sub-S0001117923744_ses-1,0,-1.8585795164108276,-1.5505688190460205,-0.38729870319366455,-1.2654823462168376,0.22003158068002485
sub-S0001117926581_ses-1,0,-2.8076037168502808,-2.706113815307617,-2.2342077493667603,-2.5826417605082193,0.07026395673771842
sub-S0001117927038_ses-1,0,-2.3963637351989746,-2.147530436515808,-2.779584050178528,-2.44115940729777,0.08008745303768512
sub-S0001117927073_ses-1,0,-3.7142516374588013,-3.564496338367462,-3.1447011828422546,-3.474483052889506,0.030047050752846458
sub-S0001117928289_ses-1,0,-3.8012077808380127,-3.423092782497406,-4.157582998275757,-3.7939611872037253,0.022010890364087866
sub-S0001117930679_ses-1,0,1.527778685092926,1.4143357425928116,1.5245354995131493,1.4888833090662956,0.8159106042214642
sub-S0001117931337_ses-1,0,-4.49772772192955,-4.070914685726166,-3.784443438053131,-4.117695281902949,0.016021140489039076
sub-S0001117932138_ses-5,0,-1.6846734285354614,-2.3558531999588013,-1.3122941255569458,-1.784273584683736,0.1437762347087161
sub-S0001117932896_ses-1,0,-0.26898592710494995,-0.37211719155311584,-0.5142436921596527,-0.3851156036059062,0.40489367058550124
sub-S0001117935623_ses-1,0,-3.5640594363212585,-3.464682936668396,-4.160989940166473,-3.7299107710520425,0.02343270946796798
sub-S0001117936668_ses-1,0,-1.2893334329128265,-1.2731952592730522,-1.444183588027954,-1.3355707600712776,0.20823938910681186
sub-S0001117937317_ses-1,0,-3.6501259803771973,-4.281436011195183,-3.614088900387287,-3.848550297319889,0.020865942184720786
sub-S0001117937457_ses-1,0,-2.801628530025482,-2.190718650817871,-3.3312159180641174,-2.7745210329691568,0.05871664142523904
sub-S0001117937910_ses-1,0,-2.92757049202919,-2.2903010845184326,-2.469771087169647,-2.5625475545724234,0.0715880387515087
sub-S0001117939842_ses-1,0,-0.3735833764076233,-1.2273234948515892,-1.437199163949117,-1.0127020117361099,0.2664513957630455
sub-S0001117946181_ses-1,0,-2.724151238799095,-1.7799381017684937,-2.602783352136612,-2.3689575642347336,0.08557067306446091
sub-S0001117946425_ses-1,0,-1.8178058862686157,-1.4898041486740112,-1.985079050064087,-1.764229695002238,0.14626139140233096
sub-S0001117946624_ses-1,0,-5.641007304191589,-5.361636519432068,-3.8995025157928467,-4.967382113138835,0.00691322287162915
sub-S0001117949855_ses-1,0,1.7575858235359192,1.712571918964386,1.515928938984871,1.662028893828392,0.8405101699395368
sub-S0001117951358_ses-2,0,-6.345591843128204,-6.112798996269703,-6.268806904554367,-6.242399247984092,0.0019414065525799305
sub-S0001117951531_ses-3,1,1.6260420680046082,1.652764618396759,2.3599596321582794,1.8795887728532155,0.867563884919932
sub-S0001117953059_ses-1,0,-3.755838453769684,-4.4261637926101685,-4.000987559556961,-4.060996601978938,0.016939931135193795
sub-S0001117953563_ses-1,0,0.23517847061157227,0.07058978080749512,0.04603230953216553,0.11726685365041097,0.5292831637790747
sub-S0001117957014_ses-1,0,-5.147225841879845,-5.01073956862092,-5.021869361400604,-5.059944923967123,0.006305892391430088
sub-S0001117959016_ses-1,0,-0.9659818410873413,0.04513442516326904,-0.7589950561523438,-0.5599474906921387,0.36355960944611665
sub-S0001117960082_ses-1,0,1.9701064229011536,1.84001225233078,1.647531270980835,1.8192166487375896,0.8604721045485396
sub-S0001117960284_ses-1,0,-3.3738797307014465,-3.558722108602524,-3.6949914693832397,-3.5425311028957367,0.028126017715345095
sub-S0001117961496_ses-1,0,-4.454604506492615,-4.702664136886597,-4.947797626256943,-4.701688756545384,0.008998227079860742
sub-S0001117961728_ses-1,0,-2.3919194489717484,-2.168476551771164,-3.0369559079408646,-2.5324506362279258,0.07361435005766331
sub-S0001117967989_ses-1,0,-2.2165600061416626,-0.6882940530776978,-1.5224469900131226,-1.4757670164108276,0.18606763800023618
sub-S0001117970714_ses-1,0,-5.901639103889465,-5.863131001591682,-6.192332744598389,-5.985700950026512,0.00250814399225122
sub-S0001117976781_ses-1,0,-0.5140529274940491,0.24486660957336426,-0.2003917396068573,-0.15652601917584738,0.4609481947207617
sub-S0001117994698_ses-1,0,-2.0190615952014923,-1.2310303002595901,-1.4135349243879318,-1.5545422732830048,0.17443119070816926
sub-S0001117997482_ses-1,0,-3.050613150000572,-3.1377878561615944,-2.527693748474121,-2.9053649182120957,0.0518889923321394
sub-S0001117998576_ses-1,0,0.7563834488391876,0.11405006051063538,0.6828228831291199,0.5177521308263143,0.6266219892674738
sub-S0001117999620_ses-1,0,-5.463858872652054,-4.619346504041459,-5.03384699113667,-5.0390174559433945,0.006438390693106545
sub-S0001118000884_ses-1,0,-5.293753981590271,-5.199691891670227,-5.168258428573608,-5.220568100611369,0.00537520907473165
sub-S0001118001512_ses-1,0,-3.543411463499069,-2.7971664126962423,-3.7090819627046585,-3.3498866129666567,0.03389887735918736
sub-S0001118001557_ses-1,0,-1.112282931804657,-1.0610270500183105,-1.5883183479309082,-1.2538761099179585,0.22202988689952743
sub-S0001118007341_ses-1,0,-0.19522519409656525,-0.1682284101843834,-0.4587615132331848,-0.27407170583804447,0.43190777156581917
sub-S0001118007817_ses-1,0,0.9712190181016922,0.14305847883224487,1.1379481554031372,0.7507418841123581,0.6793403305163871
sub-S0001118016986_ses-1,1,0.134857177734375,-0.31005823612213135,0.5964035987854004,0.1404008467992147,0.5350426660221995
sub-S0001118020458_ses-1,0,-1.127437949180603,-0.7361135482788086,-1.1201412677764893,-0.9945642550786337,0.2700114950390827
sub-S0001118022907_ses-1,0,-3.901795208454132,-3.0851282477378845,-3.496288537979126,-3.4944039980570474,0.029471874007158873
sub-S0001118025436_ses-1,0,-5.005486071109772,-5.342058017849922,-5.182485580444336,-5.17667655646801,0.005615035237128197
sub-S0001118030581_ses-1,0,-0.9786480665206909,-0.3333679437637329,-1.3602488189935684,-0.8907549430926641,0.29095405825345155
sub-S0001118033030_ses-1,0,-3.1469410359859467,-3.9149252623319626,-3.744805835187435,-3.6022240445017815,0.02653947455249483
sub-S0001118033694_ses-1,0,-2.5994023084640503,-2.2997509241104126,-2.3787626028060913,-2.4259719451268515,0.08121352559363187
sub-S0001118035089_ses-1,0,-4.145344167947769,-3.7005524383857846,-4.2907964289188385,-4.045564345084131,0.01719884906305297
sub-S0001118035891_ses-1,0,1.8606780171394348,2.102132022380829,2.108388662338257,2.023732900619507,0.8832664476717771
sub-S0001118038111_ses-1,0,-2.3359471261501312,-2.843091373273637,-2.0160429030656815,-2.398360467496483,0.08329780451445913
sub-S0001118039377_ses-1,0,-4.603974342346191,-4.888414613902569,-4.807396583259106,-4.766595179835956,0.008437506239117612
sub-S0001118040391_ses-1,0,0.11442422866821289,-1.3386456370353699,-0.33256465941667557,-0.5189286892612776,0.3731027760716744
sub-S0001118041768_ses-1,0,2.564441204071045,3.1574807167053223,2.7110918760299683,2.8110045989354453,0.943267603075706
sub-S0001118044770_ses-1,0,-1.7422295808792114,-2.031659722328186,-2.379664033651352,-2.051184445619583,0.1139327543401791
sub-S0001118045695_ses-1,0,-0.30764663219451904,-0.6341341733932495,-0.6059568524360657,-0.5159125526746114,0.373808511233703
sub-S0001118046034_ses-1,0,-3.0384837985038757,-1.9846870303153992,-2.119042456150055,-2.380737761656443,0.08465338113559401
sub-S0001118047260_ses-1,0,-2.0405353903770447,-2.294017255306244,-0.5778680443763733,-1.6374735633532207,0.16280912845749052
sub-S0001118047773_ses-1,0,-2.321399450302124,-2.6183083057403564,-2.6013734340667725,-2.5136937300364175,0.07490375693564212
sub-S0001118049061_ses-1,0,-2.763768434524536,-1.993734896183014,-2.611953914165497,-2.4564857482910156,0.0789655507891514
sub-S0001118050616_ses-1,0,-2.058550775051117,-2.7660540388314985,-2.0255215764045715,-2.283375463429062,0.0925091887409155
sub-S0001118050801_ses-1,0,-3.7953659892082214,-3.626181185245514,-3.599055588245392,-3.6735342542330423,0.024758065722539992
sub-S0001118051180_ses-1,0,-4.477379128336906,-4.198382948990911,-4.631034545600414,-4.43559887430941,0.011709237661632019
sub-S0001118053766_ses-1,0,-5.099425375461578,-4.324485123157501,-4.342479944229126,-4.588796814282735,0.010062792394621666
sub-S0001118055095_ses-1,0,-4.4968626499176025,-4.202146053314209,-4.580098807811737,-4.42636917034785,0.01181652778002263
sub-S0001118056563_ses-1,0,-1.087834119796753,-1.3205296397209167,-0.5278762578964233,-0.9787466724713644,0.2731405420101307
sub-S0001118058012_ses-2,0,-2.596610277891159,-2.927805870771408,-2.0156261324882507,-2.5133474270502725,0.07492775690507274
sub-S0001118058266_ses-1,0,-1.9966328144073486,-1.3872615098953247,-2.050091326236725,-1.8113285501797993,0.1404776350771014
sub-S0001118058639_ses-1,0,-2.6392788887023926,-2.5706941187381744,-2.5825372338294983,-2.5975034137566886,0.06929926932669694
sub-S0001118061338_ses-1,0,-1.5802320390939713,-2.125366811582353,-1.304529219865799,-1.6700426901807077,0.15841848721869436
sub-S0001118062153_ses-1,0,-3.255361646413803,-3.837271898984909,-2.116176664829254,-3.0696034034093223,0.04437864388640997
sub-S0001118064032_ses-1,0,-1.744016319513321,-1.7935727834701538,-1.9643868803977966,-1.8339919944604237,0.1377633994679059
sub-S0001118065196_ses-1,0,-3.212424874305725,-3.183617126196623,-3.1156481876969337,-3.1705633960664272,0.040288625815971986
sub-S0001118065598_ses-1,0,1.334423005580902,-0.3899936079978943,0.25775177776813507,0.400727058450381,0.5988623311772984
sub-S0001118066640_ses-1,0,-0.3484092652797699,-1.1303333193063736,-1.3228707239031792,-0.9338711028297743,0.2821400120484039
sub-S0001118067038_ses-1,0,-3.411853104829788,-2.51864430308342,-3.2060155868530273,-3.045504331588745,0.0454119616307833
sub-S0001118067183_ses-1,0,-4.04829540848732,-4.260740220546722,-3.7616498470306396,-4.023561825354894,0.01757473655376662
sub-S0001118068148_ses-1,0,-1.981654055416584,-2.301906232663896,-2.123557075858116,-2.135705787979532,0.10567453779672709
sub-S0001118069201_ses-1,0,-3.133537709712982,-3.6873322129249573,-2.9565243050456047,-3.259131409227848,0.037000145728431154
sub-S0001118069464_ses-1,0,-0.8646436333656311,-0.8168131709098816,-1.0817908644676208,-0.9210825562477112,0.2847373673608657
sub-S0001118071120_ses-1,0,0.7561971545219421,0.7262256145477295,1.2603352665901184,0.9142526785532633,0.7138696034542856
sub-S0001118074310_ses-1,0,-3.373767673969269,-3.200584664940834,-3.478606730699539,-3.350986356536547,0.03386287949522222
sub-S0001118075231_ses-1,0,-5.714530438184738,-5.095708966255188,-6.004100292921066,-5.604779899120331,0.003666736043344868
sub-S0001118079125_ses-1,0,-2.5342020988464355,-2.9539090991020203,-3.302499830722809,-2.930203676223755,0.050680524762069856
sub-S0001118079981_ses-1,0,0.4201156944036484,0.3402719423174858,1.15709088742733,0.6391595080494881,0.6545634415480224
sub-S0001118080734_ses-1,0,-2.7703452110290527,-2.768167495727539,-3.165579080581665,-2.9013639291127524,0.05208618036448043
sub-S0001118082498_ses-1,0,-3.60371196269989,-3.1470407843589783,-2.65859342366457,-3.1364487235744796,0.04162856931592986
sub-S0001118086749_ses-1,0,-2.7274059057235718,-2.833777517080307,-3.2445724569261074,-2.9352519599099955,0.05043819188747627
sub-S0001118089675_ses-1,0,-4.57373771071434,-4.622847825288773,-4.548898160457611,-4.581827898820241,0.010132451028929384
sub-S0001118092040_ses-2,0,-0.31883862614631653,-0.03060045838356018,-0.44894155859947205,-0.26612688104311627,0.4338581860522791
sub-S0001118093423_ses-3,1,5.023903131484985,6.157459020614624,6.006062984466553,5.729141712188721,0.9967606620554076
sub-S0001118098651_ses-1,0,-2.439629316329956,-1.58010733127594,-2.6950982213020325,-2.2382782896359763,0.09636536251045127
sub-S0001118102569_ses-1,0,-3.1627549529075623,-2.449978232383728,-3.1302401423454285,-2.9143244425455728,0.05144998037991731
sub-S0001118102578_ses-1,0,-2.6988770961761475,-2.3455841541290283,-3.1456029415130615,-2.7300213972727456,0.06122493296928654
sub-S0001118110037_ses-1,0,-0.7437844276428223,-1.0226387977600098,-0.9884867668151855,-0.9183033307393392,0.2853037284521024
sub-S0001118114525_ses-1,1,-0.9228263795375824,-1.8437582775950432,-0.44604843854904175,-1.0708776985605557,0.25523620601226354
sub-S0001118120046_ses-1,0,-1.5791500210762024,-1.7565156072378159,-1.2855928614735603,-1.5404194965958595,0.1764743005938432
sub-S0001118123775_ses-1,0,-4.36119544506073,-3.7197735011577606,-3.8655198216438293,-3.9821629226207733,0.018303984731912356
sub-S0001118124005_ses-1,0,-4.935983091592789,-3.676685022190213,-4.246393673121929,-4.28635392896831,0.013568353132374722
sub-S0001118128657_ses-1,0,1.2328782677650452,1.0779130160808563,0.39605750143527985,0.9022829284270605,0.7114184190927292
sub-S0001118129056_ses-1,0,-1.2515157163143158,-0.9318791590631008,-1.2191471867263317,-1.134180687367916,0.24339039531637774
sub-S0001118129819_ses-1,0,-4.850117713212967,-6.023594714701176,-5.9762860760092735,-5.616666167974472,0.0036235672281074984
sub-S0001118130109_ses-1,0,-1.2493239641189575,-1.6749550104141235,-1.0795925855636597,-1.3346238533655803,0.20839555418831188
sub-S0001118132230_ses-3,1,-0.11875355243682861,0.04579055309295654,0.00217437744140625,-0.02359620730082194,0.4941012218662199
sub-S0001118133314_ses-1,1,2.2531322836875916,2.135247826576233,2.1275457739830017,2.171975294748942,0.8977045026547114
sub-S0001118133527_ses-1,0,-2.1798095107078552,-2.0864746272563934,-2.766874074935913,-2.3443860709667206,0.08751303306427811
sub-S0001118134136_ses-1,0,-1.8761055618524551,-1.1106928419321775,-1.360437836498022,-1.449078746760885,0.1901433882758546
sub-S0001118134493_ses-1,0,-5.542914837598801,-5.520702123641968,-4.949177876114845,-5.337598279118538,0.004784402346432021
sub-S0001118136905_ses-1,0,-3.0341238379478455,-2.3285516546457075,-2.425217054784298,-2.5959641824592836,0.06939861078250786
sub-S0001118137606_ses-1,0,-2.7197700142860413,-2.752473831176758,-2.7056125700473785,-2.7259521385033927,0.06145923750395378
sub-S0001118137635_ses-1,1,1.4680997133255005,1.0145057886838913,1.0237082168459892,1.1687712396184604,0.7629228397009367
sub-S0001118137738_ses-1,0,-5.7343475222587585,-5.771965801715851,-6.365627393126488,-5.957313572367032,0.00258017749923751
sub-S0001118139481_ses-1,1,1.570820152759552,1.8963549137115479,1.2990132868289948,1.5887294511000316,0.8304372706422699
sub-S0001118144841_ses-1,0,-1.826880156993866,-2.9603096060454845,-1.2996296286582947,-2.0289397972325482,0.11619775618458035
sub-S0001118146367_ses-1,0,-2.691398859024048,-2.537444159388542,-2.552142456173897,-2.593661824862162,0.06954745015554546
sub-S0001118146859_ses-1,0,-4.690333962440491,-4.848370552062988,-4.930809497833252,-4.823171337445577,0.007977099346021184
sub-S0001118147076_ses-1,0,-1.491082489490509,-2.5860355496406555,-2.481357902288437,-2.1861586471398673,0.10100035143720905
sub-S0001118147482_ses-1,0,-0.6472712755203247,-2.040108323097229,-0.17455154657363892,-0.9539770483970642,0.27808570919939185
sub-S0001118147738_ses-1,0,-2.4728263318538666,-1.9478155635297298,-2.145473375916481,-2.188705090433359,0.10076937102629718
sub-S0001118148434_ses-1,0,-0.6711744070053101,-1.2305803298950195,-0.19240832328796387,-0.6980543533960978,0.33224374380135413
sub-S0001118157117_ses-2,1,3.737512528896332,3.666784942150116,3.49472713470459,3.6330082019170127,0.9742443519462792
sub-S0001118157293_ses-1,0,0.20712125301361084,0.24541902542114258,0.8397938013076782,0.43077802658081055,0.6060594386834833
sub-S0001118163191_ses-1,0,1.9127166271209717,1.6710852980613708,1.9039498716592789,1.8292505989472072,0.8616724276341635
sub-S0001118163419_ses-1,0,-5.055098712444305,-5.001725435256958,-5.072482407093048,-5.0431021849314375,0.006412313545259019
sub-S0001118168341_ses-1,0,-1.2343370914459229,-2.0973068475723267,-0.8480260968208313,-1.3932233452796936,0.19889366669055186
sub-S0001118168969_ses-1,0,-4.646878778934479,-4.226879343390465,-4.451976545155048,-4.441911555826664,0.011636411205398926
sub-S0001118181431_ses-1,0,-1.8587323427200317,-1.9836554527282715,-1.1213965117931366,-1.6545947690804799,0.16048891996809217
sub-S0001118184191_ses-1,0,2.5127386450767517,2.001241624355316,2.5559306740760803,2.3566369811693826,0.913460326379504
sub-S0001118187063_ses-1,0,-2.876092404127121,-2.1149191856384277,-1.9644220471382141,-2.318477878967921,0.0896041491912084
sub-S0001118188864_ses-1,1,1.134389951825142,1.3816794976592064,1.8394743204116821,1.4518479232986767,0.8102826682691121
sub-S0001118189609_ses-1,0,-2.875138908624649,-2.7604506611824036,-2.1884724497795105,-2.608020673195521,0.0686240039361677
sub-S0001118191423_ses-1,1,-0.23908156156539917,0.11645838618278503,0.41969214379787445,0.09902298947175343,0.5247355385353252
sub-S0001118194887_ses-1,0,-2.1315682232379913,-2.2328273095190525,-2.385537125170231,-2.249977552642425,0.09535140117961986
sub-S0001118200306_ses-1,0,-1.4001775979995728,-1.0872187614440918,-1.3316538333892822,-1.2730167309443157,0.21874127488310063
sub-S0001118204062_ses-1,0,-5.10763144493103,-4.742207765579224,-5.224501132965088,-5.02478011449178,0.006530109037062949
sub-S0001118204307_ses-1,0,-2.7173251509666443,-2.0908857262693346,-2.4561522156000137,-2.4214543642786643,0.08155125631822085
sub-S0001118205575_ses-1,0,-3.4154956936836243,-3.509201943874359,-2.8215554505586624,-3.2487510293722153,0.03737179328736226
sub-S0001118205994_ses-1,0,1.268668532371521,1.4786700308322906,1.7152084708213806,1.4875156780083973,0.8157050966088786
sub-S0001118207426_ses-1,0,-0.13914614915847778,-0.4050391912460327,0.9254955649375916,0.1271034081776937,0.5317331420696012
sub-S0001118211199_ses-1,0,-3.2371911704540253,-3.631008118391037,-4.026429533958435,-3.6315429409344993,0.02579244037412592
sub-S0001118213249_ses-1,0,-1.668207049369812,-0.9539753794670105,-1.3876459300518036,-1.3366094529628754,0.20806818574003283
sub-S0001118216285_ses-1,0,1.4669365882873535,1.732003390789032,1.2144022583961487,1.4711140791575115,0.813226661519044
sub-S0001118218015_ses-1,0,-1.0183662176132202,-1.0514547526836395,-0.5916727185249329,-0.8871645629405975,0.2916953084924149
sub-S0001118219013_ses-2,0,-4.190982460975647,-3.6769360303878784,-4.602857410907745,-4.1569253007570905,0.015414299890799132
sub-S0001118220382_ses-1,0,-4.835642158985138,-4.347389072179794,-5.343553423881531,-4.842194885015488,0.007827957631109236
sub-S0001118223338_ses-1,0,-1.9437793493270874,-2.2754915356636047,-2.5628464221954346,-2.2607057690620422,0.09442999926071467
sub-S0001118223578_ses-1,0,-1.8945257663726807,-1.6918007135391235,-1.819415807723999,-1.801914095878601,0.14161822296348844
sub-S0001118226222_ses-1,0,-1.7575391232967377,-1.8608932681381702,-0.745341569185257,-1.4545913202067215,0.18929596290355602
sub-S0001118228116_ses-1,0,-3.700799286365509,-4.12759393453598,-3.200946271419525,-3.676446497440338,0.024687846542090608
sub-S0001118228145_ses-1,0,-4.426916807889938,-4.080067043134477,-4.780065193772316,-4.429016348265577,0.011785656867712189
sub-S0001118229073_ses-1,1,-0.37039679288864136,-0.544873334467411,-0.8585111647844315,-0.5912604307134947,0.35634570525986553
sub-S0001118236595_ses-1,0,-3.232150614261627,-2.7546972036361694,-2.4532840847969055,-2.813377300898234,0.05660555801122705
sub-S0001118238292_ses-1,0,-7.702980995178223,-11.983598411083221,-7.353821158409119,-9.013466854890188,0.00012174417921329964
sub-S0001118240137_ses-1,0,-4.010152518749237,-3.636988401412964,-3.3692386746406555,-3.672126531600952,0.02479207808071115
sub-S0001118242664_ses-1,0,-3.405337832868099,-3.6696490095346235,-3.790354013442993,-3.6217802852819054,0.026038887457024235
sub-S0001118242949_ses-1,0,-1.5857650637626648,-1.532650113105774,-1.9185001254081726,-1.678971767425537,0.15723167183739784
sub-S0001118243737_ses-1,0,-1.4101096391677856,-1.5413545668125153,-1.4184670746326447,-1.4566437602043152,0.18898119014299802
sub-S0001118244124_ses-1,0,-1.820518136024475,-2.047003537416458,-1.4566898345947266,-1.7747371693452199,0.14495420433199419
sub-S0001118244417_ses-1,0,1.4245049953460693,2.0092929005622864,1.9984950423240662,1.8107643127441406,0.8594542230034744
sub-S0001118245689_ses-1,0,-3.817604184150696,-4.312486559152603,-2.7387287616729736,-3.6229398349920907,0.026009496430814915
sub-S0001118247829_ses-1,0,-3.006931960582733,-3.002910554409027,-2.605173110961914,-2.8716718753178916,0.0535718214876518
sub-S0001118250158_ses-1,0,-1.7091771066188812,-2.1335800932138227,-1.8607070203870535,-1.9011547400732525,0.12997783639585106
sub-S0001118251020_ses-1,0,-0.9449784159660339,-1.5607548998086713,-1.3595732599496841,-1.2884355252414632,0.21611773212101093
sub-S0001118253317_ses-1,0,-1.0032910108566284,-0.9079097509384155,-0.8980019092559814,-0.9364008903503418,0.28162791891631306
sub-S0001118254339_ses-1,0,-3.0192666053771973,-2.2562702409923077,-3.642705611884594,-2.9727474860846996,0.048672347321390676
sub-S0001118256069_ses-1,0,-3.421289801597595,-2.4047000408172607,-2.9048377871513367,-2.910275876522064,0.051647921248479604
sub-S0001118260351_ses-1,0,-4.641571581363678,-3.2203314900398254,-3.828966200351715,-3.896956423918406,0.019899579725082397
sub-S0001118260808_ses-1,0,-1.4274916648864746,-1.0884280800819397,-1.312860906124115,-1.276260217030843,0.21818748977854976
sub-S0001118264837_ses-1,0,-3.0918042063713074,-3.362448513507843,-2.66400009393692,-3.0394176046053567,0.04567655080205328
sub-S0001118267231_ses-3,1,2.3728686571121216,2.4674509167671204,2.805138647556305,2.548486073811849,0.9274717418708299
sub-S0001118267774_ses-1,0,-3.500732511281967,-2.97000652551651,-3.116941273212433,-3.1958934366703033,0.03932055282894136
sub-S0001118268252_ses-1,0,-2.775944545865059,-3.3971220300882123,-2.617812991142273,-2.930293189031848,0.05067621829423423
sub-S0001118268520_ses-1,0,-2.3527953028678894,-1.8536932468414307,-3.0152279138565063,-2.4072388211886087,0.08262236313612054
sub-S0001118273092_ses-1,0,-3.0605650544166565,-3.245274968445301,-2.6815597862005234,-2.9957999363541603,0.04761597910525661
sub-S0001118274539_ses-1,0,-4.492864400148392,-5.467717056104448,-3.562164381146431,-4.507581945799757,0.010904860193636205
sub-S0001118275876_ses-1,0,-4.37476322054863,-4.117440015077591,-4.513905555009842,-4.335369596878688,0.012927717814892903
sub-S0001118276499_ses-1,0,-5.1538941860198975,-4.7351975440979,-4.655108243227005,-4.848066657781601,0.0077824849898841504
sub-S0001118278910_ses-1,0,-4.582180052995682,-4.299828417599201,-4.5014538168907166,-4.461154095828533,0.011417169709238242
sub-S0001118279062_ses-1,1,0.2089909315109253,-0.03940248489379883,0.7478944957256317,0.30582764744758606,0.5758665118734542
sub-S0001118279862_ses-1,0,-3.266988158226013,-2.3535572290420532,-3.170738697052002,-2.9304280281066895,0.05066973183025437
sub-S0001118280628_ses-1,0,1.7825371623039246,2.345221221446991,2.142440378665924,2.0900662541389465,0.889933915500202
sub-S0001118283012_ses-1,0,1.2244814336299896,1.1424720241338946,0.8159263134002686,1.0609599237213843,0.7428739452332553
sub-S0001118288846_ses-1,0,-5.249185919761658,-6.0857932567596436,-4.655851498246193,-5.330276891589165,0.004819389916777071
sub-S0001118288978_ses-1,0,-1.2717463374137878,-1.5360963940620422,-1.1651116609573364,-1.3243181308110554,0.2101007661474741
sub-S0001118289237_ses-1,0,-2.9943343698978424,-3.5591454803943634,-3.3412077724933624,-3.2982292075951896,0.03563198784925524
sub-S0001118289978_ses-1,0,-1.6095772981643677,-1.468374490737915,-1.8754708766937256,-1.6511408885320027,0.16095481484406854
sub-S0001118290334_ses-1,1,2.2512255907058716,2.6796395778656006,2.5276944637298584,2.4861865441004434,0.9231677539496965
sub-S0001118295260_ses-1,0,-5.884123623371124,-6.53480276837945,-5.782164290547371,-6.067030227432649,0.002312686155880377
sub-S0001118295277_ses-1,0,-2.616204708814621,-2.8520878106355667,-2.1025410764850676,-2.523611198645085,0.07421943458612858
sub-S0001118308032_ses-1,0,-1.7455180883407593,-2.2721924781799316,-1.440512776374817,-1.8194077809651692,0.13950494972360442
sub-S0001118309441_ses-1,0,-1.0218946933746338,-0.8391571044921875,-1.3926160335540771,-1.084555943806966,0.2526448152232601
sub-S0001118309609_ses-1,0,0.052152395248413086,0.4961146116256714,-0.03917968273162842,0.169695774714152,0.5423224303504249
sub-S0001118314811_ses-1,0,-3.4098708480596542,-3.070355147123337,-2.7059410102665424,-3.0620556684831777,0.04469984017442184
sub-S0001118318086_ses-1,0,-2.2643529772758484,-3.182459721341729,-2.877744346857071,-2.7748523484915495,0.058698332625466164
sub-S0001118318123_ses-1,0,-2.57086318731308,-3.2883090041577816,-1.994644358754158,-2.6179388500750065,0.06799279193210232
sub-S0001118319523_ses-1,0,-0.4719308018684387,0.1399957537651062,-0.8848476707935333,-0.40559423963228863,0.39996900883444686
sub-S0001118320018_ses-1,1,4.29366660118103,4.660686254501343,4.043217778205872,4.332523544629415,0.9870359144841865
sub-S0001118322532_ses-1,0,-4.096867561340332,-4.762471795082092,-4.451314806938171,-4.436884721120198,0.011694367012198758
sub-S0001118323080_ses-1,0,-1.0932658910751343,-1.1019999980926514,-1.329781413078308,-1.1750157674153645,0.23594955768262188
sub-S0001118324303_ses-1,0,-0.5959235280752182,0.36807156447321177,0.12279170379042625,-0.03502008660386006,0.4912458730072437
sub-S0001118325163_ses-1,0,-3.0281227827072144,-2.3139888048171997,-1.6577980518341064,-2.333303213119507,0.08840210447983078
sub-S0001118326083_ses-1,0,-4.669178366661072,-4.658434152603149,-3.8991816639900208,-4.40893139441808,0.012021889911283836
sub-S0001118326393_ses-1,1,2.956191837787628,3.174005925655365,4.054484128952026,3.3948939641316733,0.9675445774302689
sub-S0001118327644_ses-1,0,0.27633732557296753,0.1373470425605774,0.24928468465805054,0.22098968426386514,0.5550236730917293
sub-S0001118329697_ses-1,0,-4.267793525010347,-4.241579418012407,-4.54241755604744,-4.350596833023398,0.012734843498467294
sub-S0001118335736_ses-1,0,-2.1829443722963333,-2.281553789973259,-2.22493439912796,-2.2298108537991843,0.09710522326704182
sub-S0001118336785_ses-1,0,-0.8137487769126892,-1.8220585398375988,-1.8538403511047363,-1.4965492226183414,0.1829407591339185
sub-S0001118338358_ses-1,0,-0.20660996437072754,-0.08029830455780029,0.8869006037712097,0.19999744494756064,0.5498333648945745
sub-S0001118339177_ses-1,0,-3.3057342171669006,-3.395199343562126,-3.467764377593994,-3.389565979441007,0.03262314973128696
sub-S0001118340532_ses-1,0,-1.375425636768341,-1.5593754947185516,-1.6982994973659515,-1.5443668762842815,0.17590135591490816
sub-S0001118340832_ses-1,0,-3.2275235429406166,-3.258491588756442,-3.4520537331700325,-3.3126896216223636,0.035138416957840174
sub-S0001118341966_ses-1,0,1.742136001586914,2.1999035477638245,1.86763995885849,1.936559836069743,0.873973718474314
sub-S0001118343995_ses-1,0,-3.981748580932617,-4.450474227778614,-3.7127005755901337,-4.048307794767122,0.017152537769819686
sub-S0001118345060_ses-1,0,-5.717481046915054,-6.266400879248977,-5.96843746304512,-5.984106463069717,0.002512136330609656
sub-S0001118353977_ses-1,0,-0.9875563979148865,-1.5520537793636322,-0.964550793170929,-1.1680536568164825,0.2372069751209491
sub-S0001118357112_ses-1,0,-3.163395643234253,-2.8928377628326416,-3.4508120715618134,-3.1690151592095694,0.04034853172012292
sub-S0001118358720_ses-1,0,-1.4672691822052002,-1.839740812778473,-0.8847346305847168,-1.3972482085227966,0.1982531423258705
sub-S0001118359321_ses-1,0,-1.7491077184677124,-0.8843768835067749,-1.7612699270248413,-1.4649181763331096,0.18771625525039015
sub-S0001118362474_ses-1,0,-2.075333535671234,-1.7013722658157349,-2.1831438541412354,-1.9866165518760681,0.12061527502914862
sub-S0001118366160_ses-1,0,-3.081287145614624,-3.09676730632782,-3.566705048084259,-3.2482531666755676,0.03738970809461062
sub-S0001118370983_ses-1,0,-3.9417596496641636,-5.033692589960992,-4.282857462763786,-4.419436567462981,0.011897753647037743
sub-S0001118371157_ses-1,0,-4.587037801742554,-3.9421739280223846,-4.389158308506012,-4.306123346090317,0.013306282978574363
sub-S0001118375020_ses-1,0,-2.16162171959877,-2.3133460953831673,-2.818345680832863,-2.4311044986049333,0.08083136755489528
sub-S0001118378163_ses-2,1,2.38138747215271,2.3522611558437347,2.271233595907688,2.3349607413013778,0.9117313799312118
sub-S0001118380425_ses-1,0,-3.3076751232147217,-2.8912683725357056,-2.506858468055725,-2.9019339879353843,0.052058041915971284
sub-S0001118392134_ses-1,0,-2.2689438462257385,-2.6429503262043,-1.976284921169281,-2.29605969786644,0.09144982131278988
sub-S0001118393804_ses-1,0,-1.2611033022403717,-0.8813256025314331,-1.2553829550743103,-1.1326039532820384,0.2436808707480621
sub-S0001118395017_ses-1,0,-2.5509325861930847,-3.1592669934034348,-2.1491398736834526,-2.6197798177599907,0.06787622297085479
sub-S0001118395905_ses-1,0,1.7211052179336548,1.7157478630542755,1.7401047050952911,1.7256525953610737,0.8488554944369288
sub-S0001118397524_ses-1,0,-3.9876706451177597,-3.518826264888048,-3.9700024127960205,-3.8254997742672763,0.021342115063710802
sub-S0001118399258_ses-1,0,-4.862938899546862,-5.615546002052724,-4.340830914676189,-4.939771938758592,0.007105382491886952
sub-S0001118403095_ses-1,0,-2.1857885122299194,-1.9217748641967773,-1.709522008895874,-1.9390284617741902,0.1257546289885229
sub-S0001118406770_ses-1,0,-5.928772419691086,-6.227927535772324,-6.346242308616638,-6.167647421360016,0.0020917768869429944
sub-S0001118407341_ses-1,0,-2.861483335494995,-2.590825457358733,-3.241897328873165,-2.8980687072422975,0.05224911638860776
sub-S0001118407922_ses-1,0,0.6486402750015259,0.5339083075523376,0.7249237447977066,0.63582410911719,0.6538088857228308
sub-S0001118408300_ses-1,0,-5.454534903168678,-5.185028301551938,-5.004094675183296,-5.214552626634638,0.005407465579534637
sub-S0001118410221_ses-1,0,0.33495038747787476,-0.39591872692108154,0.603310227394104,0.18078062931696573,0.5450724706340115
sub-S0001118410827_ses-1,0,-5.501515030860901,-5.914937242865562,-5.398403972387314,-5.604952082037926,0.003666107062780447
sub-S0001118411164_ses-1,0,0.4624851495027542,0.005416743457317352,-0.768568828701973,-0.10022231191396713,0.47496537356435753
sub-S0001118411262_ses-1,0,1.5148269534111023,0.7141759358346462,0.5254601761698723,0.9181543551385403,0.7146658936303261
sub-S0001118413807_ses-1,0,1.0513014793395996,1.2949225008487701,1.2375373542308807,1.1945871114730835,0.7675604614397176
sub-S0001118417450_ses-1,1,0.19210773706436157,0.0923088788986206,-0.40783369541168213,-0.041139026482899986,0.48971669364405124
sub-S0001118420815_ses-1,1,-1.621612548828125,-1.129343032836914,-1.5648654103279114,-1.4386069973309834,0.1917611556966064
sub-S0001118421674_ses-1,0,-3.582691341638565,-4.90664840862155,-3.1105729043483734,-3.866637551536163,0.0204995943870366
sub-S0001118423145_ses-1,0,-1.0912354588508606,-0.9231363385915756,-0.9088416695594788,-0.9744044890006384,0.2740034651575458
sub-S0001118424749_ses-1,0,0.8764932006597519,1.1816840469837189,1.1781259030103683,1.078767716884613,0.7462607143723552
sub-S0001118426130_ses-1,0,-3.39207524061203,-2.8043206930160522,-3.1152061223983765,-3.1038673520088196,0.04294801203773638
sub-S0001118429956_ses-1,0,3.332536816596985,3.028110384941101,4.367884635925293,3.5761772791544595,0.9727792406914118
sub-S0001118432237_ses-1,0,-2.403561234474182,-2.673962950706482,-2.5838212966918945,-2.553781827290853,0.0721728293063731
sub-S0001118437972_ses-1,0,-3.1735309809446335,-2.666690304875374,-2.760953695513308,-2.867058327111105,0.05380621941621942
sub-S0001118442333_ses-1,0,-5.354540526866913,-5.930523574352264,-5.606212496757507,-5.630425532658895,0.0035742276678528435
sub-S0001118442593_ses-1,0,-1.9544811248779297,-2.506979301571846,-1.4305902430787683,-1.964016889842848,0.12303298505338442
sub-S0001118444104_ses-1,0,-4.208412826061249,-4.284626369306352,-4.752517953515053,-4.415185716294218,0.011947831319493967
sub-S0001118445799_ses-1,0,-4.5082021951675415,-3.8727662563323975,-3.8502627313137054,-4.0770770609378815,0.016674213511151625
sub-S0001118454982_ses-1,0,-4.345904350280762,-4.535531312227249,-4.161483829608187,-4.3476398307054,0.012772074521672337
sub-S0001118458192_ses-1,0,-2.65245920419693,-2.226905345916748,-2.751863420009613,-2.5437426567077637,0.07284798558800763
sub-S0001118458443_ses-1,0,-1.7363592982292175,-2.4555339217185974,-2.1519682705402374,-2.114620496829351,0.10768388669251894
sub-S0001118459036_ses-1,0,0.8464128971099854,1.1854073405265808,2.5128623843193054,1.5148942073186238,0.8197853958055344
sub-S0001118460413_ses-1,0,-1.1588631868362427,-1.4230299592018127,-1.3844818472862244,-1.32212499777476,0.21046496648026797
sub-S0001118463300_ses-1,0,-5.290293886791915,-5.688840751477983,-4.683001458644867,-5.220712032304921,0.005374439625166535
sub-S0001118464450_ses-1,0,-2.9792284965515137,-3.199987053871155,-2.731356620788574,-2.970190723737081,0.04879087068705032
sub-S0001118464555_ses-1,0,-1.6713224798440933,-2.0399566888809204,-1.472624659538269,-1.7279679427544277,0.15084768673329296
sub-S0001118464661_ses-1,0,-3.5529573261737823,-4.378035947680473,-3.540920704603195,-3.8239713261524835,0.021374062559405937
sub-S0001118469841_ses-1,0,-0.5601991415023804,0.011687994003295898,-0.5430219173431396,-0.363844354947408,0.4100292756020777
sub-S0001118470927_ses-1,0,-0.9936522841453552,-1.850206047296524,-1.0459260940551758,-1.2965948084990184,0.21473866289935503
sub-S0001118473895_ses-1,0,-2.4267098158597946,-2.2380048409104347,-2.1199939846992493,-2.2615695471564927,0.09435616089837934
sub-S0001118473998_ses-1,0,-1.665063738822937,-3.4771827459335327,-1.0845922231674194,-2.0756129026412964,0.11148981169054702
sub-S0001118474017_ses-1,0,-0.9620019495487213,-1.7952927127480507,-0.9158133836463094,-1.2243693486476939,0.22716844055801666
sub-S0001118476515_ses-1,0,-2.7497982382774353,-2.971896141767502,-1.944091796875,-2.5552620589733124,0.07207376995294994
sub-S0001118477222_ses-1,1,0.8906609266996384,-0.19072073698043823,0.09244894981384277,0.26412971317768097,0.5656511944246662
sub-S0001118478990_ses-1,0,-1.7496446371078491,-1.9502339959144592,-0.5479308366775513,-1.4159364898999531,0.1952994042731212
sub-S0001118480127_ses-2,0,-5.593103036284447,-5.211585119366646,-5.295878566801548,-5.36685557415088,0.004647092619374098
sub-S0001118480237_ses-1,0,-8.610234953463078,-13.009011154004838,-8.610330551862717,-10.07652555311021,4.205351401456879e-05
sub-S0001118481974_ses-1,0,-1.5223909616470337,-1.85064297914505,-3.236218824982643,-2.203084255258242,0.09947386368819292
sub-S0001118488403_ses-1,0,0.5318496823310852,-0.5053940555080771,-0.0498044416308403,-0.007782938269277413,0.4980542752543857
sub-S0001118489053_ses-1,0,-0.8104832470417023,-1.0385947078466415,-0.7752072662115097,-0.8747617403666178,0.2942644498024949
sub-S0001118490490_ses-1,0,-0.25367504358291626,-0.2673425078392029,0.07015180587768555,-0.15028858184814453,0.46249841427086347
sub-S0001118493288_ses-1,0,-3.2794835567474365,-2.000017762184143,-3.1046310663223267,-2.7947107950846353,0.057610664678892635
sub-S0001118494961_ses-1,0,-2.252343386411667,-1.8761862218379974,-2.411870341747999,-2.180133316665888,0.10154876389052252
sub-S0001118495295_ses-1,0,-1.071602463722229,-2.1870230734348297,0.13183963298797607,-1.042261968056361,0.2607137815123052
sub-S0001118495502_ses-1,0,1.5727137923240662,1.48734849691391,1.3601434081792831,1.4734018991390865,0.8135739073521115
sub-S0001118498996_ses-1,0,-2.9754480123519897,-1.3644920587539673,-2.42122483253479,-2.2537216345469155,0.09502892744013869
sub-S0001118499708_ses-1,0,-3.886289656162262,-3.18638414144516,-3.382262945175171,-3.4849789142608643,0.02974266121661361
sub-S0001118499782_ses-1,0,-5.291722655296326,-6.116843581199646,-5.7822293899953365,-5.730265208830436,0.003235712372334828
sub-S0001118506151_ses-1,1,1.3549667596817017,1.3436602056026459,0.9453532099723816,1.2146600584189098,0.771122453906983
sub-S0001118507379_ses-1,0,-1.5404123365879059,-2.2024077475070953,-1.858522579073906,-1.8671142210563023,0.1338759844539529
sub-S0001118507950_ses-1,0,-2.9054544866085052,-3.6201250702142715,-2.759568357025273,-3.095049304616017,0.0433119288129084
sub-S0001118508038_ses-1,0,-2.870920181274414,-3.3086462318897247,-3.1243461668491364,-3.1013041933377585,0.0430534902893607
sub-S0001118509585_ses-1,0,-2.5392393469810486,-1.017598271369934,-1.6145528554916382,-1.723796824614207,0.15138275483360317
sub-S0001118509786_ses-1,1,4.983525037765503,6.079256296157837,5.56299352645874,5.541924953460693,0.9960963226896449
sub-S0001118509884_ses-1,0,-2.272572636604309,-2.315883159637451,-1.9594966173171997,-2.1826508045196533,0.1013193071152727
sub-S0001118510089_ses-1,0,-5.04363676905632,-4.625649571418762,-4.157673969864845,-4.608986770113309,0.009863646172905296
sub-S0001118510146_ses-1,0,-3.093201607465744,-2.4768286333419383,-1.1719478145241737,-2.247326018443952,0.09558036675631947
sub-S0001118513009_ses-1,0,-0.04713118076324463,-0.18980729579925537,-0.3673447370529175,-0.20142773787180582,0.44981263910456587
sub-S0001118516760_ses-1,1,6.463916540145874,7.304331302642822,7.011635065078735,6.9266276359558105,0.9990196574037707
sub-S0001118519219_ses-1,0,1.4746416211128235,1.3597552180290222,1.8208655714988708,1.5517541368802388,0.8251669393182003
sub-S0001118526303_ses-1,0,-4.662318110466003,-4.2754611521959305,-4.785015389323235,-4.574264883995056,0.010208588153186314
sub-S0001118526683_ses-1,0,-4.711987018585205,-4.123424530029297,-3.879877209663391,-4.238429586092631,0.014224965893185839
sub-S0001118529027_ses-1,0,-4.1207722425460815,-4.326241880655289,-3.759821839630604,-4.068945320943992,0.01680806836668064
sub-S0001118530228_ses-1,0,1.3042057156562805,1.7497628331184387,2.486149251461029,1.846705933411916,0.8637398777363139
sub-S0001118533407_ses-1,0,-3.353977859020233,-2.7496771812438965,-3.889673799276352,-3.3311096131801605,0.034519230376330964
sub-S0001118534262_ses-1,0,-2.9732391238212585,-2.6760990619659424,-2.9023172855377197,-2.8505518237749734,0.05465279975230695
sub-S0001118539684_ses-1,0,-3.361699193716049,-3.404669165611267,-0.8932024389505386,-2.5531902660926185,0.07221245258534377
sub-S0001118547719_ses-1,0,-2.9393321219831705,-2.414420013257768,-2.015171706676483,-2.4563079473058074,0.07897848322157815
sub-S0001118547724_ses-1,0,-2.242555618286133,-1.504495084285736,-1.1404417753219604,-1.6291641592979431,0.16394489519494834
sub-S0001118549312_ses-1,0,-1.9819047451019287,-1.0691828727722168,-2.12166428565979,-1.7242506345113118,0.15132446490674564
sub-S0001118552051_ses-1,0,-0.7030457258224487,-0.8920777440071106,-0.963912844657898,-0.8530121048291525,0.29880138176820187
sub-S0001118553278_ses-1,0,-3.8778457045555115,-3.580267608165741,-2.92472767829895,-3.4609469970067344,0.030444068106072537
sub-S0001118555290_ses-1,0,-14.174688458442688,-11.985621929168701,-9.86461329460144,-12.008307894070944,6.093341213088773e-06
sub-S0001118559752_ses-1,0,-2.934016354382038,-3.5281199262826703,-2.2194414138793945,-2.893859231514701,0.0524579593507875
sub-S0001118560618_ses-1,0,-3.1631497144699097,-3.25759494304657,-2.847935974597931,-3.0895602107048035,0.04353994596086374
sub-S0001118563433_ses-3,0,-3.6475545167922974,-3.214661717414856,-3.569600999355316,-3.47727241118749,0.029965863543912494
sub-S0001118565440_ses-1,0,-4.356777250766754,-4.744840323925018,-4.664897382259369,-4.588838318983714,0.010062378952596927
sub-S0001118566788_ses-2,0,-5.288122117519379,-5.321699738502502,-4.514242097735405,-5.041354651252429,0.0064234570335642656
sub-S0001118572970_ses-1,0,-4.124443471431732,-4.147293329238892,-3.876639425754547,-4.049458742141724,0.017133145500262972
sub-S0001118572981_ses-1,0,-1.9311245679855347,-2.2492645978927612,-1.396420419216156,-1.8589365283648174,0.1348270563894201
sub-S0001118574571_ses-1,0,1.416301429271698,1.5856730937957764,1.593254566192627,1.5317430297533672,0.8222611971454982
sub-S0001118574603_ses-1,0,1.636036992073059,1.671043574810028,1.595512181520462,1.634197582801183,0.8367438544165362
sub-S0001118574782_ses-1,0,-4.644445061683655,-3.877006232738495,-4.198375001549721,-4.23994209865729,0.01420377208593189
sub-S0001118578221_ses-1,0,-4.379425764083862,-3.7097599506378174,-4.6927689909935,-4.260651568571727,0.013916695984445638
sub-S0001118578644_ses-1,0,-1.982036828994751,-1.3632811903953552,-1.7663703262805939,-1.7038961152235668,0.1539570948080653
sub-S0001118582486_ses-1,0,-4.468545019626617,-3.52613627910614,-4.156502664089203,-4.050394654273987,0.017117392233928837
sub-S0001118586285_ses-1,0,-4.468712538480759,-4.6994370967149734,-3.8981143850833178,-4.355421340093017,0.012674328952221196
sub-S0001118590526_ses-1,0,-4.498206079006195,-5.286121279001236,-4.5947297513484955,-4.793019036451976,0.008219283130426474
sub-S0001118591136_ses-1,0,-2.8021900057792664,-2.75304014980793,-3.193918228149414,-2.9163827945788703,0.051349619568792915
sub-S0001118591342_ses-1,0,-1.8804583549499512,-1.3853288888931274,-1.7082419395446777,-1.6580097277959187,0.16002934825840015
sub-S0001118594185_ses-1,0,-4.7832892537117,-4.150644600391388,-4.548486590385437,-4.494140148162842,0.011050799929972202
sub-S0001118597245_ses-1,1,-0.7397563457489014,0.7579699754714966,0.16344308853149414,0.060552239418029785,0.5151334361488067
sub-S0001118603117_ses-1,0,-1.4223683774471283,-1.6243771314620972,-2.6469622552394867,-1.8979025880495708,0.13034604421446666
sub-S0001118604466_ses-1,0,-2.016277551651001,-0.19552562100579962,-1.4166106283664703,-1.209471267007757,0.22979461753436936
sub-S0001118606205_ses-1,1,2.587545722723007,2.6391521692276,3.3522668182849884,2.8596549034118652,0.9458156165790342
sub-S0001118612430_ses-1,0,-0.6790868043899536,-0.4981890916824341,-0.6824157536029816,-0.6198972165584564,0.34980482827618
sub-S0001118612501_ses-1,0,1.2146676778793335,1.780321903526783,1.5405266135931015,1.511838731666406,0.8193335469321238
sub-S0001118614090_ses-1,0,-5.961604714393616,-6.640193819999695,-4.913424164056778,-5.838407566150029,0.002905014757511826
sub-S0001118615544_ses-1,0,-2.197128176689148,-2.7076523303985596,-1.7832711935043335,-2.2293505668640137,0.09714558677638477
sub-S0001118617226_ses-1,0,-2.0260224044322968,-1.9000783012597822,-1.797000139951706,-1.9077002818812616,0.12923943401806579
sub-S0001118617888_ses-1,0,0.0032930374145507812,0.15493872301885858,-0.040932416915893555,0.03909978117250527,0.509773700161244
sub-S0001118618354_ses-1,0,-5.003855384886265,-4.89093417301774,-5.139995522797108,-5.011595026900371,0.006616205790303144
sub-S0001118620352_ses-1,0,-2.037856861948967,-2.31559856235981,-2.066130682826042,-2.1398620357116065,0.1052823847754294
sub-S0001118620499_ses-1,0,-2.5028151273727417,-3.3761720061302185,-2.8631633520126343,-2.9140501618385315,0.05146336771526303
sub-S0001118623386_ses-1,0,-3.600023627281189,-4.285068397352006,-3.1534720957279205,-3.679521373453705,0.024613916689048873
sub-S0001118623840_ses-1,0,1.2339091300964355,1.1191853359341621,1.2099765166640282,1.1876903275648754,0.7663277266834098
sub-S0001118624606_ses-1,0,-1.843680739402771,-2.075480490922928,-2.147471785545349,-2.0222110052903495,0.11689056168324381
sub-S0001118629689_ses-1,0,-3.054536312818527,-3.4181133061647415,-3.014982333406806,-3.162543984130025,0.04059984568674701
sub-S0001118630683_ses-1,0,0.4369104504585266,0.7690607458353043,0.6452427208423615,0.6170713057120641,0.6495521700887491
sub-S0001118634651_ses-1,0,-2.573362320661545,-2.907423734664917,-2.7853445410728455,-2.755376865466436,0.05978370231357716
sub-S0001118636766_ses-1,0,-0.9171920418739319,-0.8274006843566895,-0.9818799495697021,-0.9088242252667745,0.2872404973688798
sub-S0001118637204_ses-1,0,-3.2172799110412598,-4.183334589004517,-3.5641183853149414,-3.6549109617869058,0.025211729121324373
sub-S0001118637594_ses-1,0,-1.4587830007076263,-1.7635390181094408,-1.8246880546212196,-1.6823366911460955,0.15678630032878715
sub-S0001118638848_ses-1,0,-1.7337220907211304,-2.1259745061397552,-1.9888691306114197,-1.9495219091574352,0.12460549848449286
sub-S0001118640842_ses-1,0,-1.6151086688041687,-1.3298733765259385,-1.9203396514058113,-1.6217738989119728,0.1649603731208783
sub-S0001118641005_ses-1,0,-2.770365059375763,-4.05282324552536,-2.6113854944705963,-3.1448579331239066,0.0412943687495964
sub-S0001118641346_ses-1,0,-2.608705997467041,-2.9891183972358704,-1.2648667376488447,-2.287563710783919,0.09215817975774057
sub-S0001118644939_ses-1,0,-0.07394289970397949,-0.46530401706695557,-1.1507896780967712,-0.5633455316225687,0.3627737221932331
sub-S0001118645839_ses-1,0,-3.017136722803116,-2.335287742316723,-3.0313304737210274,-2.794584979613622,0.057617495791886734
sub-S0001118647040_ses-1,0,-2.5110882818698883,-1.9913403689861298,-2.743005719035864,-2.4151447899639606,0.08202509700678466
sub-S0001118650607_ses-1,1,1.7360048592090607,1.1699914886266924,1.248473096638918,1.3848231481582236,0.7997645020283101
sub-S0001118652295_ses-1,1,2.9340339601039886,3.032397508621216,3.6640602201223373,3.210163896282514,0.9612149761772998
sub-S0001118652846_ses-1,0,-4.452491044998169,-4.642426073551178,-4.6703541576862335,-4.5884237587451935,0.010066509278827828
sub-S0001118654687_ses-1,0,-1.6196024417877197,-1.185068964958191,-1.4332087635993958,-1.4126267234484355,0.1958200836731746
sub-S0001118656324_ses-1,0,-3.3578880429267883,-4.1112277545034885,-3.2481214930303395,-3.572412430153539,0.02732062936288559
sub-S0001118657216_ses-1,0,-2.3344642221927643,-2.0252642035484314,-2.5310344249010086,-2.296920950214068,0.09137828782754553
sub-S0001118660286_ses-1,0,-3.0060651302337646,-3.5828879475593567,-3.0089818239212036,-3.199311633904775,0.03919163544967431
sub-S0001118662036_ses-1,0,-2.405902251601219,-3.553015671670437,-2.11821810901165,-2.6923786774277687,0.0634245735636607
sub-S0001118662363_ses-1,0,-4.193590670824051,-4.0509971347637475,-3.439034089446068,-3.8945406316779554,0.01994675102530535
sub-S0001118663387_ses-1,0,-0.2565194219350815,-0.5846017450094223,-0.1316974014043808,-0.32427285611629486,0.4196347744851772
sub-S0001118664421_ses-1,0,-8.123372316360474,-7.626195192337036,-7.549493908882141,-7.766353805859883,0.00042357605566495273
sub-S0001118667216_ses-1,0,-4.581211805343628,-3.858702301979065,-4.21987122297287,-4.219928443431854,0.014486745566495573
sub-S0001118667377_ses-1,1,-2.930017828941345,-2.9344871938228607,-2.539021074771881,-2.801175365845362,0.05726069438156171
sub-S0001118672558_ses-1,0,-1.2438141107559204,-1.4317932426929474,-0.49909804947674274,-1.0582351343085368,0.2576468672555937
sub-S0001118674004_ses-1,0,-0.6370978355407715,-0.5100148916244507,-0.6373078227043152,-0.5948068499565125,0.35553270137355236
sub-S0001118674362_ses-1,0,-4.2151710987091064,-4.130545616149902,-3.127070903778076,-3.824262539545695,0.021367972036074337
sub-S0001118675248_ses-1,0,-4.1208508014678955,-3.452761471271515,-4.270901441574097,-3.948171238104502,0.01892488621926684
sub-S0001118677005_ses-1,0,0.7865074276924133,2.1440247111022472,1.3376601114869118,1.4227307500938575,0.805766154956525
sub-S0001118677371_ses-1,0,-4.149177365005016,-3.8959187315194868,-3.416444420814514,-3.8205135057796724,0.02144651035032452
sub-S0001118678054_ses-1,0,-4.111632168292999,-3.6854895651340485,-3.7710908353328705,-3.856070856253306,0.020712845378360982
sub-S0001118680328_ses-1,0,-2.7931588292121887,-2.799155294895172,-3.5372742265462875,-3.0431961168845496,0.045512127139099655
sub-S0001118684255_ses-1,0,-3.490982800722122,-3.4435313940048218,-3.7900783121585846,-3.574864168961843,0.027255551784733566
sub-S0001118684362_ses-2,0,-2.4812006056308746,-2.0419297218322754,-2.6849948540329933,-2.402708393832048,0.08296640094468218
sub-S0001118686849_ses-1,0,-0.4317997694015503,-0.43661749362945557,-1.1745498161762953,-0.6809890264024338,0.33604059790927976
sub-S0001118689935_ses-1,0,-3.0054891705513,-2.7826350331306458,-3.2251554131507874,-3.0044265389442444,0.047226297077959695
sub-S0001118690641_ses-3,0,-2.956354022026062,-1.8080861568450928,-2.2808085083961487,-2.3484162290891013,0.08719174134028125
sub-S0001118690939_ses-1,0,-5.536081552505493,-5.195520401000977,-5.728617072105408,-5.486739675203959,0.004124244416329146
sub-S0001118692089_ses-1,0,-4.033677339553833,-4.371193826198578,-3.167547971010208,-3.8574730455875397,0.020684422723651393
sub-S0001118698074_ses-1,0,-2.0281554013490677,-2.534145240613725,-2.236245408654213,-2.2661820168723352,0.09396274795507041
sub-S0001118703227_ses-1,0,-2.6590643376111984,-2.7584772128611803,-2.725010186433792,-2.714183912302057,0.06214156584072894
sub-S0001118704457_ses-1,0,-3.3403056263923645,-2.657223105430603,-3.172531098127365,-3.056686609983444,0.044929669719712954
sub-S0001118704557_ses-1,0,-1.0453290343284607,-1.0521649364382029,-0.9152756333351135,-1.0042565347005923,0.2681053593902849
sub-S0001118705044_ses-1,0,-7.84366711974144,-12.489115126430988,-7.882616564631462,-9.40513293693463,8.229376322934524e-05
sub-S0001118707641_ses-1,0,-6.611174017190933,-6.0855520367622375,-6.338764920830727,-6.345163658261299,0.001752140080336008
sub-S0001118707747_ses-1,0,-2.5140352845191956,-1.764920175075531,-1.324578881263733,-1.867844780286153,0.13379129642535437
sub-S0001118708614_ses-1,0,-3.977339416742325,-4.681324753910303,-3.9639573097229004,-4.2075404934585094,0.0146646747207964
sub-S0001118710889_ses-1,0,-2.4822514355182648,-2.3920474350452423,-2.445065051317215,-2.439787973960241,0.0801885494708654
sub-S0001118713342_ses-1,0,-3.3646944165229797,-2.781570553779602,-3.0473667085170746,-3.0645438929398856,0.04459370888946264
sub-S0001118717086_ses-1,0,-2.033463567495346,-1.7393536865711212,-1.4765465259552002,-1.7497879266738892,0.14807394867255683
sub-S0001118719904_ses-2,0,-4.276335120201111,-4.399723459035158,-4.56277646496892,-4.412945014735063,0.011974311929670581
sub-S0001118723280_ses-1,0,-1.053824543952942,-1.2294502304284833,-0.9475146643817425,-1.0769298129210558,0.25408746063393756
sub-S0001118724584_ses-1,0,-2.9201756715774536,-2.6667650938034058,-3.1655914187431335,-2.917510728041331,0.0512947025273295
sub-S0001118727543_ses-1,0,-2.681621789932251,-3.656856432557106,-2.589602768421173,-2.9760269969701767,0.04852071954658502
sub-S0001118736121_ses-1,0,-2.560979902744293,-2.5096880197525024,-2.3152538537979126,-2.4619739254315696,0.07856731690968374
sub-S0001118740771_ses-1,0,-3.9383038133382797,-4.109244212508202,-4.300440929830074,-4.115996318558852,0.01604794576926864
sub-S0001118744542_ses-1,0,-3.7279046028852463,-3.2447644844651222,-3.873728819191456,-3.615465968847275,0.026199504126440037
sub-S0001118745443_ses-1,0,-3.5760931968688965,-2.6149489376693964,-3.608805015683174,-3.266615716740489,0.036734393491484815
sub-S0001118745649_ses-1,0,-3.748020648956299,-3.8962916135787964,-4.397019565105438,-4.0137772758801775,0.01774447513109722
sub-S0001118748221_ses-1,0,-3.38301819562912,-2.6464821100234985,-2.5711399614810944,-2.866880089044571,0.05381529443576157
sub-S0001118748626_ses-1,0,-5.569097459316254,-5.208242833614349,-5.193438947200775,-5.323593080043793,0.004851552898957176
sub-S0001118750177_ses-1,0,-1.957425743341446,-2.0851382315158844,-2.7997944951057434,-2.280786156654358,0.09272679372964719
sub-S0001118750335_ses-1,0,-2.7677880823612213,-2.5404336750507355,-3.430713802576065,-2.9129785199960074,0.05151570494534824
sub-S0001118752359_ses-1,0,-0.3018123507499695,-1.172842025756836,0.014553874731063843,-0.4867001672585805,0.3806712314299749
sub-S0001118754415_ses-1,0,-4.2383458614349365,-4.199251592159271,-4.706045150756836,-4.381214201450348,0.012355589150209033
sub-S0001118754638_ses-1,0,-1.8311140537261963,-1.9351402521133423,-1.620461881160736,-1.7955720623334248,0.142390930100647
sub-S0001118754725_ses-1,0,-1.2351521849632263,0.6357237696647644,-0.6404349114745855,-0.4132877755910158,0.398124036874174
sub-S0001118757912_ses-1,0,-5.860643029212952,-6.241128697991371,-5.956297124736011,-6.019356283980112,0.0024253375523658983
sub-S0001118763338_ses-1,0,-2.4862019419670105,-3.0424130856990814,-2.5150399804115295,-2.6812183360258737,0.064090757970663
sub-S0001118764741_ses-1,0,-3.389070451259613,-2.4703776836395264,-2.6954705715179443,-2.8516395688056946,0.05459662767426967
sub-S0001118764816_ses-1,0,-2.789518356323242,-2.500396251678467,-2.7435290217399597,-2.677814543247223,0.06429523131346296
sub-S0001118768755_ses-1,0,-1.2646434158086777,-0.8049849175149575,-0.4527145326137543,-0.8407809553124631,0.3013703312796363
sub-S0001118769098_ses-1,0,-3.461308091878891,-2.4908946128562093,-3.038914307951927,-2.997039004229009,0.04755982047687984
sub-S0001118769421_ses-1,0,-3.1520074605941772,-2.50971257686615,-3.293008327484131,-2.984909454981486,0.04811228850434956
sub-S0001118773482_ses-1,0,-5.159342758357525,-5.123587250709534,-5.037752375006676,-5.106894128024578,0.006018418689135628
sub-S0001118773561_ses-1,0,-2.814431846141815,-2.5945852994918823,-2.7905336022377014,-2.7331835826238,0.061043433790131434
sub-S0001118773610_ses-1,0,-3.1566328704357147,-2.1715267942636274,-3.099493445828557,-2.8092177035092996,0.05682809632147436
sub-S0001118773966_ses-1,0,-0.3294180929660797,0.153979130089283,0.28150883316993713,0.035356623431046806,0.5088382351605572
sub-S0001118774706_ses-1,0,-1.7500779628753662,-0.9501165747642517,-1.5721277594566345,-1.4241074323654175,0.19401847524307875
sub-S0001118780014_ses-1,0,-2.3364856839179993,-3.1741389632225037,-1.8388642184436321,-2.449829621861378,0.0794510095005667
sub-S0001118786417_ses-1,0,-3.651909589767456,-2.8469358086586,-3.7075628638267517,-3.4021360874176025,0.03222877334938578
sub-S0001118798503_ses-2,0,-4.982012212276459,-5.71264922618866,-5.412712514400482,-5.3691246509552,0.004636608799330404
sub-S0001118802935_ses-1,0,-5.590057149529457,-5.558604598045349,-4.837761804461479,-5.3288078506787615,0.004826440804855175
sub-S0001118803186_ses-1,0,-4.875295042991638,-4.668947398662567,-4.797660768032074,-4.78063440322876,0.008320856610886685
sub-S0001118804510_ses-1,0,-4.0756890922784805,-2.7877505868673325,-3.6189564429223537,-3.4941320406893888,0.029479653876106685
sub-S0001118805868_ses-1,0,0.6601857542991638,0.31069181859493256,0.42788824439048767,0.4662552724281947,0.6144970475027366
sub-S0001118809002_ses-2,0,-3.9881850071251392,-4.446523551770952,-3.348495662212372,-3.9277347403694876,0.01930807927727772
sub-S0001118810342_ses-1,0,-2.9146695733070374,-3.4946687072515488,-4.113123670220375,-3.5074873169263205,0.029099943077570394
sub-S0001118811698_ses-1,0,-7.48425555229187,-12.325464134046342,-7.5814319252967834,-9.130383870544998,0.00010831226190938626
sub-S0001118811711_ses-1,0,-3.1545932292938232,-3.745474547147751,-2.066454455256462,-2.9888407438993454,0.0479325648258673
sub-S0001118819200_ses-1,0,-5.821533203125,-5.580316662788391,-5.338663637638092,-5.580171167850494,0.0037577459157796702
sub-S0001118823136_ses-1,0,-2.9956932067871094,-2.952920079231262,-2.015664577484131,-2.6547592878341675,0.06569627856765085
sub-S0001118824321_ses-1,0,-3.845269203186035,-4.041469693183899,-4.016561150550842,-3.9677666823069253,0.018564471916700735
sub-S0001118826040_ses-1,0,-3.688646972179413,-4.128178209066391,-3.342775672674179,-3.719866951306661,0.023663651875551875
sub-S0001118827561_ses-1,0,-2.0514373779296875,-1.928337574005127,-2.511508822441101,-2.163761258125305,0.10305226953619616
sub-S0001118828561_ses-1,0,-2.0362117290496826,-1.796742558479309,-1.7988400384783745,-1.8772647753357887,0.1327033631036268
sub-S0001118834888_ses-1,0,-5.552235543727875,-4.9493280947208405,-5.819719880819321,-5.440427839756012,0.004318893315847874
sub-S0001118837602_ses-1,0,-1.0272961556911469,-0.9419779479503632,-0.8948202952742577,-0.9546981329719225,0.27794097171938575
sub-S0001118839873_ses-1,0,-4.1622554063797,-3.8516428470611572,-3.8360724449157715,-3.949990232785543,0.018891142964355637
sub-S0001118840051_ses-1,0,0.4116203784942627,-0.47095704078674316,1.0371622443199158,0.32594186067581177,0.5807716426657599
sub-S0001118847999_ses-1,0,-1.3818873763084412,-1.820138156414032,-1.2161399275064468,-1.4727218200763066,0.18652926319226143
sub-S0001118850558_ses-1,0,-2.500316321849823,-3.5641958117485046,-2.8279656171798706,-2.9641592502593994,0.04907155633371446
sub-S0001118854148_ses-1,0,-2.063722312450409,-2.2452609539031982,-2.581789791584015,-2.296924352645874,0.09137800532982202
sub-S0001118854436_ses-1,0,-4.410247802734375,-3.476873278617859,-3.7126820385456085,-3.8666010399659476,0.02050032752887151
sub-S0001118854937_ses-1,0,-2.503147214651108,-2.891290560364723,-1.949144870042801,-2.4478608816862106,0.07959511956521685
sub-S0001118854939_ses-1,0,-2.911382794380188,-3.0149336457252502,-3.6306710243225098,-3.185662488142649,0.039708847972315185
sub-S0001118855420_ses-1,0,-4.400115564465523,-3.970694904157426,-4.134395442903042,-4.168401970508664,0.015241087137409924
sub-S0001118858430_ses-1,1,2.7435487508773804,2.7447397112846375,3.4696361422538757,2.9859748681386313,0.951936481265987
sub-S0001118862453_ses-1,0,-4.628353953361511,-5.715546905994415,-3.6227262914180756,-4.655542383591334,0.009419189688804928
sub-S0001118862515_ses-1,0,0.06428730487823486,0.681969404220581,0.9660388827323914,0.5707651972770691,0.6389397216725945
sub-S0001118862587_ses-1,0,-2.5964517295360565,-2.8412613198161125,-1.299987554550171,-2.24590020130078,0.0957036922695232
sub-S0001118864253_ses-1,0,-4.4694099724292755,-5.226429134607315,-4.4140314273536205,-4.703290178130071,0.008983958011668815
sub-S0001118864707_ses-1,0,-2.0313024818897247,-2.2159695010632277,-2.4132432341575623,-2.220171739036838,0.09795362860910109
sub-S0001118865582_ses-1,0,-2.725205570459366,-2.4524000883102417,-1.8656973391771317,-2.3477676659822464,0.08724337387281243
sub-S0001118868470_ses-1,0,-2.311315417289734,-1.6632533073425293,-2.4483572244644165,-2.14097531636556,0.10517756203291728
sub-S0001118869147_ses-1,0,-2.954443983733654,-2.6633238214999437,-2.846695750951767,-2.821487852061788,0.05617399780824808
sub-S0001118872078_ses-1,0,-1.5224068760871887,-2.3246571719646454,-1.759486734867096,-1.8688502609729767,0.13367481297749242
sub-S0001118874000_ses-1,0,-6.1115546971559525,-5.698146499693394,-5.909421026706696,-5.906374074518681,0.002714649543788439
sub-S0001118875367_ses-1,0,-3.4466395378112793,-3.8326511587947607,-3.0220572352409363,-3.4337826439489922,0.031256193344450504
sub-S0001118883670_ses-1,0,-4.221685692667961,-4.702699022367597,-4.9794498682022095,-4.634611527745922,0.009616503247663475
sub-S0001118884340_ses-1,0,-4.963384360074997,-5.06579726934433,-4.902183152735233,-4.97712159405152,0.006846677250368565
sub-S0001118884685_ses-1,0,-3.067388653755188,-3.0444795191287994,-2.6073617935180664,-2.9064099888006845,0.05183760256190189
sub-S0001118893974_ses-1,0,-1.7877938151359558,-1.2290608286857605,-1.789327085018158,-1.602060576279958,0.16769381790951296
sub-S0001118894912_ses-1,0,-4.018206834793091,-3.5310786962509155,-3.7219035029411316,-3.757063011328379,0.02281934255545842
sub-S0001118896331_ses-1,0,-2.545150935649872,-3.3620102293789387,-2.175432950258255,-2.694198038429022,0.06331658587194824
sub-S0001118903186_ses-1,0,-1.6010196208953857,-1.4999412298202515,-1.4678511023521423,-1.5229373176892598,0.17902939161788306
sub-S0001118903524_ses-1,0,-2.390348434448242,-3.2070582509040833,-2.1843313314020634,-2.593912672251463,0.06953121942253584
sub-S0001118906736_ses-1,0,-7.913423776626587,-12.373538196086884,-6.1641223430633545,-8.817028105258942,0.00014816614946105012
sub-S0001118910912_ses-1,0,-3.3206120133399963,-3.3657968044281006,-2.8245983123779297,-3.1703357100486755,0.04029743032039208
sub-S0001118916847_ses-1,0,-3.837110996246338,-4.403928220272064,-3.549954190850258,-3.930331135789553,0.01925897712021537
sub-S0001118917986_ses-1,0,-3.5555117428302765,-2.497498482465744,-3.790876477956772,-3.281295567750931,0.03621846521209485
sub-S0001118918920_ses-1,0,-6.246305286884308,-6.6537007093429565,-6.492933869361877,-6.464313288529714,0.0015556370530292005
sub-S0001118924919_ses-1,1,2.6994115114212036,2.876638412475586,2.730784296989441,2.76894474029541,0.940974403015086
sub-S0001118926439_ses-1,0,-2.5793754756450653,-3.205044984817505,-1.8810384795069695,-2.5551529799898467,0.07208106540226282
sub-S0001118926764_ses-1,0,-4.788199484348297,-4.193667829036713,-5.082554817199707,-4.688140710194905,0.009119845678596961
sub-S0001118927903_ses-1,0,-3.133763551712036,-3.718137800693512,-2.775844842195511,-3.209248731533686,0.03881915625151614
sub-S0001118930074_ses-1,0,1.5294208526611328,1.7594324685633183,1.6073729768395424,1.6320754326879978,0.8364537539181403
sub-S0001118930421_ses-1,0,-1.6769105195999146,-2.1954973936080933,-2.0004629492759705,-1.9576236208279927,0.12372445650016264
sub-S0001118935852_ses-1,0,-2.2374257594347,-1.5926112532615662,-2.615955427289009,-2.1486641466617584,0.10445611955872201
sub-S0001118936818_ses-1,0,-4.0267653465271,-4.011193931102753,-4.7475234270095825,-4.261827568213145,0.013900566937781985
sub-S0001118942662_ses-1,0,0.7807040214538574,0.6589061617851257,0.5124778151512146,0.6506959994633993,0.6571672874179334
sub-S0001118949443_ses-1,0,-0.19388797879219055,-0.3649924397468567,0.2763436883687973,-0.09417891005674998,0.4764726598885112
sub-S0001118950203_ses-1,0,1.0308375358581543,1.5790020823478699,0.9059166610240936,1.1719187597433727,0.7634916654360074
sub-S0001118950373_ses-1,0,-2.58482426404953,-2.631317913532257,-3.210760235786438,-2.8089674711227417,0.056841509930475924
sub-S0001118950480_ses-1,0,-3.304631859064102,-2.3330463096499443,-2.5302124727895716,-2.7226302138345395,0.06165113213698731
sub-S0001118951345_ses-1,0,-6.552921503782272,-6.1568798422813416,-6.601583182811737,-6.437128176291783,0.0015984387714851787
sub-S0001118952972_ses-1,0,-5.3369874358177185,-5.530823104083538,-4.802003383636475,-5.22327130784591,0.005360776180722133
sub-S0001118955240_ses-1,0,-3.674509882926941,-3.6563326120376587,-3.5669116973876953,-3.632584730784098,0.0257662760504114
sub-S0001118955441_ses-1,0,-2.413054347038269,-2.551158308982849,-1.8599638938903809,-2.2747255166371665,0.09323792658142768
sub-S0001118958653_ses-1,0,-3.1128217577934265,-2.89079949259758,-3.064899355173111,-3.022840201854706,0.04640463001869746
sub-S0001118959890_ses-1,0,-0.16558682918548584,0.6472171545028687,0.7762773036956787,0.4193025430043538,0.6033163424916416
sub-S0001118969201_ses-1,1,-1.1588769555091858,-1.878981351852417,-1.4859651923179626,-1.5079411665598552,0.1812441126120172
sub-S0001118974039_ses-1,0,-2.69305083155632,-3.414420537650585,-3.534502997994423,-3.213991455733776,0.038642581183798735
sub-S0001118980827_ses-1,0,-1.4016775488853455,-1.3122235722839832,-0.5229760706424713,-1.0789590639372666,0.2537030546874522
sub-S0001118983558_ses-1,0,-7.838673770427704,-12.366911888122559,-7.760715752840042,-9.322100470463434,8.941788030763153e-05
sub-S0001118984869_ses-1,0,-2.97822043299675,-3.5269769430160522,-2.192866563796997,-2.8993546466032663,0.05218547442192772
sub-S0001118987183_ses-1,0,-3.010965570807457,-3.0405146405100822,-3.667382223298773,-3.239620811538771,0.03770164514228084
sub-S0001118992860_ses-1,0,-3.5810047388076782,-3.3521436154842377,-2.3466946482658386,-3.093281000852585,0.04338525945763965
sub-S0001118995789_ses-1,0,-2.598810911178589,-2.5567697882652283,-1.7700210511684418,-2.308533916870753,0.09041864756621992
sub-S0001119000158_ses-1,0,1.1633164882659912,0.27157512307167053,1.0572034120559692,0.8306983411312103,0.6965025701329839
sub-S0001119000477_ses-1,0,-0.9115103483200073,-1.0613117218017578,-1.0806389451026917,-1.0178203384081523,0.2654521895807241
sub-S0001119001436_ses-1,0,-0.05091479420661926,0.6352712363004684,0.8404003083705902,0.4749189168214798,0.6165473352834772
sub-S0001119004730_ses-1,0,-3.896208882331848,-3.8002233505249023,-3.4864816665649414,-3.7276379664738974,0.02348477583177552
sub-S0001119009472_ses-1,0,-4.177070438861847,-4.098162114620209,-3.90424994379282,-4.059827499091625,0.01695941116941977
sub-S0001119010985_ses-1,0,0.39801065623760223,-0.29053441574797034,0.2167898416519165,0.1080886940471828,0.5269958955013293
sub-S0001119015292_ses-1,0,-3.513289153575897,-3.8856392800807953,-3.25574791431427,-3.5515587826569877,0.027880295016664308
sub-S0001119016619_ses-1,0,-0.6814867258071899,-1.0556650757789612,-0.2894503027200699,-0.6755340347687403,0.3372587875175609
sub-S0001119017798_ses-1,0,-2.2245222628116608,-2.1680748760700226,-1.747808976098895,-2.0468020383268595,0.11437591655842946
sub-S0001119018032_ses-1,0,-4.583955466747284,-4.002660170197487,-4.293097168207169,-4.293237601717313,0.01347652814794643
sub-S0001119021379_ses-1,0,-0.24765610694885254,-0.4591374397277832,0.2171822488307953,-0.1632037659486135,0.4592893806283734
sub-S0001119024309_ses-1,0,-2.490805923938751,-1.6467289328575134,-1.822183609008789,-1.9865728219350178,0.12061991341983629
sub-S0001119031554_ses-1,0,-1.3258678913116455,-1.3505340814590454,-1.5953974723815918,-1.4239331483840942,0.19404573040746315
sub-S0001119033578_ses-1,0,-0.41789084672927856,0.01935824751853943,0.033598750829696655,-0.12164461612701416,0.46962629109302984
sub-S0001119038191_ses-1,0,-4.292744338512421,-3.8221637457609177,-4.180614471435547,-4.098507518569629,0.016326451176604778
sub-S0001119040263_ses-1,0,-0.7680550813674927,0.15709078311920166,-0.20438611507415771,-0.2717834711074829,0.4324693079786532
sub-S0001119040319_ses-1,0,-0.003657698631286621,0.36884605884552,0.02056884765625,0.1285857359568278,0.5321022138933975
sub-S0001119040725_ses-1,0,-5.3715232610702515,-5.046873509883881,-5.229154825210571,-5.215850532054901,0.005400489631371221
sub-S0001119040852_ses-1,0,2.318820744752884,2.1340004354715347,2.6436423659324646,2.3654878487189612,0.9141574367883575
sub-S0001119044618_ses-1,0,-3.0380877256393433,-3.45995320007205,-3.6197646483778954,-3.3726018580297628,0.03316278402380338
sub-S0001119049514_ses-1,0,-0.5578532218933105,-0.22094392776489258,0.3205925226211548,-0.1527348756790161,0.46189033729295376
sub-S0001119049799_ses-1,0,-38.1168527007103,-27.99783470481634,-23.352576404809952,-29.822421270112198,1.1176015756491012e-13
sub-S0001119055789_ses-1,0,-1.3243865072727203,-1.7741023004055023,-1.4063411206007004,-1.5016099760929744,0.1821855243446917
sub-S0001119068078_ses-1,0,-2.571272313594818,-2.625641703605652,-1.8686785399913788,-2.3551975190639496,0.08665353164802207
sub-S0001119068291_ses-1,0,-4.930024147033691,-4.399246573448181,-4.574527710676193,-4.634599477052689,0.009616618019458748
sub-S0001119068670_ses-1,0,-1.5606727749109268,-1.5144666731357574,-1.4902684539556503,-1.5218026340007782,0.17919622575101024
sub-S0001119069417_ses-1,0,-7.99369204044342,-8.585766851902008,-8.825693234801292,-8.46838404238224,0.00020995989444448965
sub-S0001119070939_ses-1,0,-1.8986822366714478,-0.8386047780513763,-1.297318935394287,-1.344868650039037,0.2067105509449182
sub-S0001119071335_ses-1,0,-4.886399991810322,-5.083581641316414,-5.64267235994339,-5.204217997690042,0.005463332601363197
sub-S0001119075192_ses-1,0,0.7451953738927841,0.7906152606010437,0.6951000913977623,0.74363690863053,0.6777906355309621
sub-S0001119075339_ses-1,0,-3.4829039573669434,-2.85570752620697,-3.279114246368408,-3.2059085766474404,0.03894397703654506
sub-S0001119075390_ses-1,0,-4.756693333387375,-4.349936814978719,-4.8944971933960915,-4.667042447254062,0.009312491840711036
sub-S0001119080938_ses-1,0,-3.5209660083055496,-3.6122308932244778,-3.61078217625618,-3.581326359262069,0.027084744163668916
sub-S0001119082756_ses-1,0,-2.2398579865694046,-1.9819013252854347,-1.7091152966022491,-1.9769582028190296,0.12164346891060379
sub-S0001119083589_ses-1,0,-4.758645415306091,-4.865881271660328,-5.771327793598175,-5.131951493521531,0.005870360971187279
sub-S0001119084690_ses-1,0,-0.556156575679779,-1.6209672689437866,-0.23433076590299606,-0.8038182035088539,0.3092093611192894
sub-S0001119088060_ses-1,0,-2.4571897238492966,-2.541345451027155,-1.8968730960041285,-2.29846942362686,0.09124980204190261
sub-S0001119091019_ses-1,0,-4.045119524002075,-3.0966142416000366,-3.251826286315918,-3.46452001730601,0.03033877921410437
sub-S0001119091803_ses-1,0,-3.6226282715797424,-3.7531151175498962,-3.545363128185272,-3.6403688391049704,0.02557159608527
sub-S0001119095313_ses-1,0,-1.368468701839447,-0.9287956357002258,-1.3292723298072815,-1.2088455557823181,0.22990538029364502
sub-S0001119097300_ses-1,0,-3.1909603774547577,-3.3302819579839706,-3.221399538218975,-3.2475472912192345,0.037415122062608615
sub-S0001119097975_ses-1,0,-7.080942749977112,-11.160908460617065,-6.415012955665588,-8.218954722086588,0.000269424007732693
sub-S0001119098201_ses-1,0,-3.3976418375968933,-3.646728038787842,-3.096354305744171,-3.3802413940429688,0.032918709135903966
sub-S0001119100567_ses-1,0,-3.5957852602005005,-3.1766653060913086,-3.1233673095703125,-3.298605958620707,0.03561904406360356
sub-S0001119100657_ses-1,0,-0.03462338447570801,-0.2301245927810669,0.26678550243377686,0.000679175059000651,0.5001697937582233
sub-S0001119101174_ses-1,0,-4.695003345608711,-5.286617621779442,-5.140295147895813,-5.040638705094655,0.0064280279574871315
sub-S0001119107471_ses-1,0,-4.604860886931419,-4.7719223846215755,-4.518022492527962,-4.631601921360319,0.009645209161749909
sub-S0001119111795_ses-1,0,-1.1396257653832436,-0.9167917416780256,-1.6351994574069977,-1.2305389881560889,0.2260871041199035
sub-S0001119112354_ses-1,0,-2.3964319229125977,-3.1326383352279663,-1.9825310707092285,-2.5038671096165976,0.07558752553040905
sub-S0001119120328_ses-1,0,-4.25567239522934,-3.8641604231088422,-3.8561042323708534,-3.9919790169030116,0.01812843132729934
sub-S0001119121564_ses-1,0,-4.5209877490997314,-4.771174192428589,-4.265124440193176,-4.5190954605738325,0.010781372812313962
sub-S0001119123279_ses-1,0,-2.691710352897644,-2.6980916261672974,-2.986821800470352,-2.7922079265117645,0.057746700161742055
sub-S0001119124234_ses-1,0,-3.3439361453056335,-2.897156536579132,-2.5166274309158325,-2.9192400376001992,0.0512106134446454
sub-S0001119124569_ses-1,0,-4.225094228982925,-3.7755953669548035,-3.342328429222107,-3.781006008386612,0.02229150261700726
sub-S0001119129257_ses-3,0,-5.2855446338653564,-5.666836977005005,-5.875052630901337,-5.609144747257233,0.0036508244789192805
sub-S0001119129657_ses-1,0,-1.4924163818359375,-2.1197182051837444,-1.9415252357721329,-1.851219940930605,0.1357297255884618
sub-S0001119130222_ses-1,0,1.806050956249237,2.7309197187423706,2.236918330192566,2.257963001728058,0.9053351975019921
sub-S0001119133375_ses-1,0,-2.0796802043914795,-2.918203204870224,-2.0604685693979263,-2.3527839928865433,0.08684474010732596
sub-S0001119133641_ses-1,0,-2.3450806736946106,-2.1879467368125916,-2.437808074057102,-2.3236118281881013,0.08918622748117572
sub-S0001119135169_ses-1,0,-3.0680187344551086,-2.5671268747537397,-2.9635488782078028,-2.8662314958055504,0.05384832984918321
sub-S0001119135645_ses-1,0,-3.7032705545425415,-3.7034555719583295,-2.61202135682106,-3.3395824944406436,0.03423796013104722
sub-S0001119135768_ses-1,0,-5.09233695268631,-5.1411978006362915,-4.352287169545889,-4.861940640956163,0.007676079581823636
sub-S0001119139927_ses-1,0,-8.37441335618496,-12.803499107190873,-8.035228114575148,-9.73771352598366,5.901183508228238e-05
sub-S0001119142703_ses-1,0,-4.407693162560463,-4.114558972418308,-4.618498712778091,-4.380250282585621,0.012367357313969674
sub-S0001119144776_ses-1,0,-6.288350492715836,-9.836367964744568,-6.083690702915192,-7.402803053458531,0.000609170471203986
sub-S0001119147056_ses-1,0,-2.5269010961055756,-2.504458427429199,-1.9187451750040054,-2.3167015661795936,0.08974915801530448
sub-S0001119147429_ses-1,0,-2.580060660839081,-2.41729536652565,-3.613755017518997,-2.870370348294576,0.053637849712075046
sub-S0001119148571_ses-1,0,-4.117179334163666,-3.7627806663513184,-3.8134722113609314,-3.8978107372919717,0.019882924382649204
sub-S0001119162766_ses-1,0,0.6211046576499939,0.27388253808021545,-0.0003833174705505371,0.2982012927532196,0.574002749108427
sub-S0001119171048_ses-5,1,0.1581205129623413,0.1303829550743103,0.8301383852958679,0.37288061777750653,0.592154853429486
sub-S0001119175483_ses-1,0,-5.024806201457977,-4.734317548573017,-4.306462854146957,-4.688528868059318,0.009116338690741445
sub-S0001119179499_ses-1,0,-0.502291738986969,-0.7232733368873596,-0.31979402899742126,-0.5151197016239166,0.3739941169651884
sub-S0001119179550_ses-1,0,-4.262645065784454,-4.537955939769745,-4.34705114364624,-4.3825507164001465,0.012339290378801345
sub-S0001119183036_ses-1,0,-3.107267789542675,-3.643637251108885,-2.7058196365833282,-3.152241559078296,0.041003045329453015
sub-S0001119183838_ses-1,0,-2.585069477558136,-2.132289269939065,-2.8062749058008194,-2.5078778844326735,0.07530775305444472
sub-S0001119185150_ses-1,0,-4.716082155704498,-4.027866363525391,-4.265892863273621,-4.336613794167836,0.012911850738726804
sub-S0001119188038_ses-1,0,-2.012057662010193,-1.9783873558044434,-1.9197432398796082,-1.970062752564748,0.12238214673937323
sub-S0001119189435_ses-1,0,-0.7361113429069519,-0.3092280626296997,0.1547790765762329,-0.2968534429868062,0.4263268647867498
sub-S0001119191969_ses-1,0,-4.408831208944321,-3.3182895481586456,-4.341298948973417,-4.022806568692128,0.017587781465846383
sub-S0001119193120_ses-1,0,0.40902042388916016,0.7414655685424805,0.337748646736145,0.49607821305592853,0.6215372550576181
sub-S0001119194328_ses-1,0,-2.7738702297210693,-2.2946267127990723,-2.5499995946884155,-2.5394988457361856,0.07313513759387473
sub-S0001119196098_ses-1,0,-4.481003120541573,-4.368683006614447,-3.8524521961808205,-4.234046107778947,0.01428656479647316
sub-S0001119196136_ses-1,0,-4.190142631530762,-3.7125089168548584,-4.440292000770569,-4.114314516385396,0.016074523739645092
sub-S0001119197517_ses-1,0,-0.4444561004638672,-0.640633225440979,-0.9607216119766235,-0.6819369792938232,0.33582912608992305
sub-S0001119199143_ses-1,0,-3.838458836078644,-3.3557688891887665,-3.8882793486118317,-3.694169024626414,0.024264692818909018
sub-S0001119200037_ses-1,0,-1.5045588612556458,-1.9771404266357422,-1.8075242042541504,-1.7630744973818462,0.14640569872368756
sub-S0001119200505_ses-1,0,-2.1524851471185684,-1.6774242466781288,-2.4207989170827204,-2.083569436959806,0.11070407174539118
sub-S0001119201159_ses-1,0,-3.6154952347278595,-2.9747976660728455,-3.0908964574337006,-3.2270631194114685,0.038159895419045305
sub-S0001119210303_ses-1,0,-2.7928138375282288,-1.9154791061300784,-2.954668879508972,-2.5543206077224263,0.0721367587762639
sub-S0001119211188_ses-1,0,-4.790628343820572,-4.92733895778656,-4.054136127233505,-4.590701142946879,0.010043840050837435
sub-S0001119216636_ses-1,0,-3.0029290914535522,-3.230611175298691,-3.648343116044998,-3.2939611275990806,0.03577894013533144
sub-S0001119218450_ses-1,0,-4.453651428222656,-4.456987231969833,-4.451757296919823,-4.454131985704104,0.01149669951842746
sub-S0001119219924_ses-1,0,-4.027211785316467,-2.7436760663986206,-3.2313188314437866,-3.3340688943862915,0.034420740219769826
sub-S0001119222996_ses-3,0,-4.650884330272675,-4.245467245578766,-4.302882194519043,-4.399744590123494,0.012131495517182764
sub-S0001119230765_ses-1,0,-2.6358002424240112,-3.0458331257104874,-3.252943128347397,-2.978192165493965,0.04842085903753596
sub-S0001119230994_ses-1,0,-3.3666930198669434,-3.3054269552230835,-2.8275034427642822,-3.1665411392847695,0.04044443608944582
sub-S0001119232879_ses-1,1,3.1523265838623047,3.5576239824295044,3.8670198917388916,3.525656819343567,0.9714090335360975
sub-S0001119233829_ses-1,0,-2.0825154781341553,-1.730433702468872,-2.5374709367752075,-2.116806705792745,0.10747399820045415
sub-S0001119237405_ses-1,0,0.6463432312011719,0.8633791692554951,0.8065070975571871,0.7720764993379513,0.6839699109691814
sub-S0001119239504_ses-1,0,-0.6884827017784119,-1.2237958908081055,0.04853758215904236,-0.621247003475825,0.34949789310798784
sub-S0001119242664_ses-1,0,-5.217701941728592,-4.430252513848245,-5.37574246712029,-5.007898974232376,0.006640542195188957
sub-S0001119243221_ses-1,0,-4.309465765953064,-3.655110716819763,-3.909519851207733,-3.9580321113268533,0.01874266788787544
sub-S0001119251625_ses-1,0,1.1742337346076965,1.9372754395008087,1.5877196192741394,1.566409597794215,0.827271165514855
sub-S0001119252175_ses-1,0,-0.20421969890594482,-0.05712014436721802,0.557309091091156,0.09865641593933105,0.52464411861117
sub-S0001119252737_ses-1,1,3.0309650897979736,3.345395565032959,3.8619452118873596,3.412768622239431,0.9681012119356439
sub-S0001119256228_ses-1,0,-2.490883097052574,-3.122071474790573,-1.9863791763782501,-2.5331112494071326,0.07356931204633568
sub-S0001119257998_ses-1,0,-4.721750110387802,-4.977515760809183,-5.022128954529762,-4.9071316085755825,0.007339400794715964
sub-S0001119261711_ses-1,0,-1.386444628238678,-1.73439222574234,-0.9820615649223328,-1.367632806301117,0.20300257142887182
sub-S0001119263851_ses-1,0,-4.717908263206482,-4.3524880185723305,-4.606437422335148,-4.558944568037987,0.010364557645131868
sub-S0001119266267_ses-1,0,-3.947052091360092,-3.3987373411655426,-5.0669392347335815,-4.137576222419739,0.015710725153639693
sub-S0001119267582_ses-1,0,-1.3326777219772339,-1.1250727847218513,-1.1287383735179901,-1.1954962934056919,0.23227736959988582
sub-S0001119268441_ses-1,0,-4.208159029483795,-3.8451088666915894,-4.562278121709824,-4.205182005961736,0.014698793011637129
sub-S0001119271910_ses-1,0,-4.548982933163643,-4.718244314193726,-4.737497374415398,-4.668241540590922,0.009301435788658285
sub-S0001119281585_ses-1,0,-4.581940487027168,-5.4153922302648425,-4.294474720954895,-4.763935812748969,0.008459784451097623
sub-S0001119282460_ses-1,0,-1.6357565522193909,-1.4399686977267265,-1.6013756096363068,-1.5590336198608081,0.17378536001357914
sub-S0001119286485_ses-1,1,1.724184513092041,2.1575635075569153,1.8074546456336975,1.8964008887608845,0.8694836347168221
sub-S0001119290359_ses-1,0,-4.494553714990616,-4.7642043874948286,-4.775781720876694,-4.678179941120713,0.009210299432158038
sub-S0001119294284_ses-1,0,-5.750552177429199,-5.004432171583176,-5.6285885870456696,-5.461190978686015,0.004230519534012027
sub-S0001119298899_ses-1,0,-2.4237238466739655,-2.554594163724687,-2.859423816204071,-2.6125806088675745,0.06833312945530891
sub-S0001119300502_ses-1,0,-4.033776342868805,-4.154022932052612,-3.81094428896904,-3.9995811879634857,0.0179936088095718
sub-S0001119302012_ses-1,0,-3.2853119671344757,-3.684946844354272,-3.9197213649749756,-3.6299933921545744,0.025831404804912455
sub-S0001119302484_ses-1,0,3.35618793964386,3.603191912174225,2.780951678752899,3.2467771768569946,0.9625571322081093
sub-S0001119303531_ses-1,0,-3.475092828273773,-3.3938627541065216,-3.0602352619171143,-3.30973028143247,0.03523888770795614
sub-S0001119306176_ses-1,0,-0.7024388164281845,-0.2448741663247347,-0.5957445576786995,-0.5143525134772062,0.3741737503418342
sub-S0001119307739_ses-1,0,-1.3186359107494354,-1.2473137080669403,-0.3997838944196701,-0.9885778377453486,0.27119307282523925
sub-S0001119310221_ses-1,0,-2.19491970539093,-2.4272125959396362,-1.488641619682312,-2.036924640337626,0.11538025568954462
sub-S0001119312615_ses-1,0,-2.844437837600708,-2.9382606148719788,-2.434745043516159,-2.739147831996282,0.0607024737755888
sub-S0001119313953_ses-1,0,-2.7743775844573975,-2.8403584733605385,-3.445217415690422,-3.0199844911694527,0.046531162574877674
sub-S0001119315740_ses-1,0,-1.504887193441391,-1.943598061800003,-1.9843266159296036,-1.8109372903903325,0.14052488386538659
sub-S0001119317168_ses-1,0,-4.381072670221329,-3.6737549006938934,-4.5814977660775185,-4.212108445664247,0.014598815661245544
sub-S0001119321376_ses-1,0,-3.9259265065193176,-4.477424951735884,-4.560075975954533,-4.321142478069912,0.013110527996629562
sub-S0001119322386_ses-1,0,-3.8661810606718063,-3.6329879760742188,-2.815806657075882,-3.438325231273969,0.031118939727183995
sub-S0001119322556_ses-1,0,-3.3396595418453217,-2.918686732649803,-3.1873223930597305,-3.1485562225182853,0.04114820476173835
sub-S0001119329688_ses-1,0,-4.919311076402664,-5.402587853372097,-4.473617643117905,-4.931838857630889,0.007161568958588422
sub-S0001119330289_ses-1,0,-1.113371729850769,-0.8971460461616516,-1.4735082387924194,-1.1613420049349468,0.23842352139259873
sub-S0001119334745_ses-1,0,-4.233696311712265,-4.599755376577377,-3.964618146419525,-4.266023278236389,0.01384317205193498
sub-S0001119335079_ses-1,0,-3.2086774110794067,-3.5492736399173737,-3.6189218163490295,-3.458957622448603,0.030502843810472215
sub-S0001119336916_ses-1,0,2.097062826156616,1.9817238748073578,2.4755135774612427,2.1847667594750724,0.8988731959577213
sub-S0001119337096_ses-1,0,-3.2273069620132446,-3.35488098859787,-3.160433143377304,-3.247540364662806,0.037415371524935674
sub-S0001119342492_ses-1,0,-2.6953331977128983,-3.5612727999687195,-3.0605598241090775,-3.1057219405968985,0.04287184657522475
sub-S0001119344183_ses-1,0,-4.87784743309021,-5.211651708930731,-4.931756652891636,-5.007085264970859,0.006645911939293301
sub-S0001119345654_ses-1,0,-1.5684991478919983,-1.3822959661483765,-1.4796459674835205,-1.4768136938412983,0.18590917447932429
sub-S0001119346266_ses-1,0,-3.91283118724823,-3.806394338607788,-3.256201356649399,-3.6584756275018058,0.02512427165895663
sub-S0001119347074_ses-1,0,-2.2216868698596954,-2.6283864229917526,-2.992575064301491,-2.6142161190509796,0.06822908028603503
sub-S0001119349728_ses-1,0,-4.170263469219208,-4.180095136165619,-4.313397765159607,-4.2212521235148115,0.014467859685135906
sub-S0001119350318_ses-1,0,-3.3037517070770264,-2.842556416988373,-3.377705931663513,-3.1746713519096375,0.040130089459403946
sub-S0001119351801_ses-1,1,3.3532379865646362,3.574557065963745,3.711351990699768,3.5463823477427163,0.971979064753634
sub-S0001119358133_ses-1,0,-0.502341628074646,-0.6416442394256592,-0.04647469520568848,-0.39682018756866455,0.4020765631692534
sub-S0001119363044_ses-1,0,0.35541313886642456,-0.6182122230529785,0.7835563719272614,0.1735857625802358,0.5432877994672698
sub-S0001119363270_ses-1,0,-4.400946319103241,-4.573094730207231,-4.008621543645859,-4.32755419765211,0.013027827509612806
sub-S0001119364495_ses-1,0,-3.3394732028245926,-2.817369346448686,-2.873959220945835,-3.0102672567397044,0.04696418220629708
sub-S0001119365114_ses-1,0,-2.1195098757743835,-2.43939208984375,-2.268274664878845,-2.275725543498993,0.09315341407922381
sub-S0001119368660_ses-1,0,-1.8247697353363037,-2.5784417390823364,-1.8700761497020721,-2.091095874706904,0.10996527206144764
sub-S0001119374314_ses-1,0,-2.539187580347061,-2.114906832575798,-3.0762201100587845,-2.5767715076605477,0.07064841109621998
sub-S0001119379305_ses-1,0,-5.4440092742443085,-5.046657755970955,-5.62729774415493,-5.372654924790065,0.004620344654043929
sub-S0001119380053_ses-1,0,-2.2899486422538757,-2.407192051410675,-1.9769155383110046,-2.2246854106585183,0.0975555294919995
sub-S0001119382398_ses-1,0,-8.733073711395264,-9.242008328437805,-7.66332545876503,-8.546135832866034,0.00019425669402592927
sub-S0001119382523_ses-1,0,-2.364835202693939,-1.8051259517669678,-2.677172541618347,-2.2823778986930847,0.09259296958606061
sub-S0001119383498_ses-1,0,0.09590035676956177,1.0160816609859467,0.8821757286787033,0.6647192488114039,0.6603197040981728
sub-S0001119389033_ses-1,0,-5.658186674118042,-5.11035630106926,-5.14934491366148,-5.3059626296162605,0.0049374203560608705
sub-S0001119389358_ses-1,0,-3.190642863512039,-2.898487001657486,-3.33424311876297,-3.1411243279774985,0.04144243238644322
sub-S0001119390063_ses-1,0,-0.324840784072876,-0.7090215086936951,-0.3737679719924927,-0.46921008825302124,0.3848032221576932
sub-S0001119390185_ses-2,0,-3.3469844460487366,-3.1348164081573486,-2.916035532951355,-3.13261212905248,0.04178190213808853
sub-S0001119390713_ses-1,0,-1.305987000465393,-0.5918957591056824,-0.576627254486084,-0.8248366713523865,0.30473793443454084
sub-S0001119394162_ses-1,1,3.579737365245819,3.1508685499429703,3.7943076118826866,3.508304509023825,0.9709231362796318
sub-S0001119397512_ses-1,0,-2.3784642219543457,-1.5670448541641235,-2.0330097675323486,-1.9928396145502727,0.11995676882176091
sub-S0001119403884_ses-1,0,-3.973910003900528,-3.473662905395031,-3.853155940771103,-3.766909616688887,0.022600805428993512
sub-S0001119404128_ses-1,0,-4.561766982078552,-3.931191086769104,-4.171884268522263,-4.221614112456639,0.014462699158124676
sub-S0001119406148_ses-1,0,-0.2703845798969269,-0.8322545476257801,-0.1864967280998826,-0.42971195187419653,0.39419511689819153
sub-S0001119411006_ses-1,0,-1.829458560794592,-2.0510674761026166,-2.203310966491699,-2.0279456677963026,0.1162998880996902
sub-S0001119412971_ses-1,0,-3.753051519393921,-4.178843796253204,-3.9039096236228943,-3.9452683130900064,0.01897885939543436
sub-S0001119415377_ses-1,0,2.1741883754730225,2.2322314977645874,1.651133343577385,2.019184405604998,0.882796648585172
sub-S0001119415949_ses-1,0,-2.0120815336704254,-2.3320082128047943,-2.885832116007805,-2.4099739541610083,0.08241528777118354
sub-S0001119417581_ses-2,0,-5.423408925533295,-5.478902369737625,-5.61653995513916,-5.506283750136693,0.004044745298131784
sub-S0001119419105_ses-1,0,-2.5989296436309814,-2.2821271419525146,-3.2544543147087097,-2.711837033430735,0.06227848255458843
sub-S0001119421012_ses-1,0,-0.8059229254722595,-0.7373718619346619,-0.5782060623168945,-0.7071669499079386,0.3302251426303289
sub-S0001119422996_ses-1,0,-4.733135178685188,-4.633802264928818,-4.370723396539688,-4.579220280051231,0.01015863831963694
sub-S0001119424350_ses-1,0,-5.605505883693695,-4.2369696497917175,-5.5644227266311646,-5.135632753372192,0.005848916539497538
sub-S0001119426479_ses-1,0,-1.3073770403862,-1.4549851417541504,-0.7613560855388641,-1.1745727558930714,0.23602943197422324
sub-S0001119427945_ses-2,0,-5.663179993629456,-4.8164432644844055,-4.981268346309662,-5.153630534807841,0.005745190023392158
sub-S0001119428401_ses-1,0,-0.6624800562858582,-0.824680507183075,-1.0248797237873077,-0.837346762418747,0.3020938805767915
sub-S0001119433095_ses-1,0,-0.062024712562561035,-0.09650075435638428,0.28875845670700073,0.04341099659601847,0.5108510451230885
sub-S0001119435832_ses-1,0,-3.973741829395294,-4.166436702013016,-3.966720849275589,-4.035633126894633,0.01736752430560371
sub-S0001119436391_ses-1,0,-1.432496577501297,-2.0126862954348326,-1.4410462602972984,-1.6287430444111426,0.16400262430388843
sub-S0001119438666_ses-1,0,-2.717428147792816,-2.895225703716278,-2.980374224483967,-2.864342691997687,0.05394464305744318
sub-S0001119440197_ses-1,0,-2.350483238697052,-1.7505416870117188,-1.8075767159461975,-1.969533880551656,0.12243896145459848
sub-S0001119440588_ses-1,0,-2.6317771077156067,-2.7851964831352234,-2.89983206987381,-2.77226855357488,0.05884125751654868
sub-S0001119440984_ses-1,0,-3.6087434589862823,-3.96947206184268,-4.375782020390034,-3.9846658470729985,0.018259063992476385
sub-S0001119441740_ses-1,0,1.997915804386139,1.6857079863548279,2.3978007435798645,2.027141511440277,0.8836174398503323
sub-S0001119444122_ses-1,0,3.2502425760030746,3.667545194795821,2.8806129097938538,3.266133560197583,0.9632485415985363
sub-S0001119444182_ses-1,0,-2.75630846619606,-2.216825783252716,-2.2184827625751495,-2.397205670674642,0.08338602641177668
sub-S0001119445178_ses-1,0,-5.136640548706055,-6.225518584251404,-6.400770843029022,-5.92097665866216,0.002675401956254306
sub-S0001119448758_ses-1,0,-1.75751793384552,-0.6652923226356506,-1.412979543209076,-1.2785965998967488,0.21778920801483023
sub-S0001119448869_ses-1,0,-3.5728079080581665,-3.643106907606125,-2.8615700602531433,-3.3591616253058114,0.03359643274891789
sub-S0001119449231_ses-1,0,1.9932757019996643,1.3705141246318817,2.0151212215423584,1.7929703493913014,0.8572910640719921
sub-S0001119451066_ses-1,0,-4.760337054729462,-5.605801522731781,-3.795247495174408,-4.7204620242118835,0.008832354823557364
sub-S0001119454354_ses-1,0,-3.456522613763809,-2.9894105195999146,-3.70253224670887,-3.382821793357531,0.03283666088366251
sub-S0001119457217_ses-1,0,-5.340927362442017,-5.239477802067995,-5.155399888753891,-5.245268351087968,0.005244754171934014
sub-S0001119464448_ses-1,0,1.697134554386139,2.7578513622283936,2.4514042139053345,2.3021300435066223,0.9090532946937349
sub-S0001119464563_ses-1,0,-2.413092851638794,-1.3483585119247437,-1.8089804649353027,-1.8568106094996135,0.1350752346808358
sub-S0001119466760_ses-1,0,-4.052760034799576,-3.962904155254364,-4.164728365838528,-4.060130851964156,0.016954354475176948
sub-S0001119471533_ses-1,0,-0.8312106132507324,-0.523108720779419,-0.192474365234375,-0.5155978997548422,0.3738821667627206
sub-S0001119471636_ses-1,1,2.375411629676819,3.131894290447235,3.306828498840332,2.938044806321462,0.9496954013823729
sub-S0001119474259_ses-1,0,-4.255138278007507,-3.960098398383707,-3.794080466032028,-4.003105714141081,0.017931436685095045
sub-S0001119476468_ses-1,1,-0.8499859571456909,-0.5250362157821655,-0.41113340854644775,-0.5953851938247681,0.35540019698058023
sub-S0001119479853_ses-1,0,1.8178535997867584,1.5407132282853127,2.3051465302705765,1.8879044527808826,0.868516412922101
sub-S0001119480186_ses-1,0,-0.885558694601059,-1.6117985844612122,-1.2192352414131165,-1.2388641734917958,0.22463375465368696
sub-S0001119482214_ses-1,0,-3.7596491277217865,-3.5296643970068544,-3.4972981810569763,-3.5955372352618724,0.026712777164091997
sub-S0001119482773_ses-1,0,-3.9180518090724945,-3.228922873735428,-3.6483673751354218,-3.5984473526477814,0.026637220545542437
sub-S0001119489566_ses-1,0,-1.7053957730531693,-2.3160972953774035,-2.156939834356308,-2.0594776342622936,0.1130982164285907
sub-S0001119490645_ses-1,0,-3.4711334705352783,-2.5731629133224487,-3.0005918741226196,-3.0149627526601157,0.046754465129036006
sub-S0001119491850_ses-1,0,-0.6180208567529917,-0.7672157324850559,-0.8270458877086639,-0.7374274923155705,0.3235669363050161
sub-S0001119493486_ses-1,0,-2.625050961971283,-2.7023326754570007,-3.1227513253688812,-2.816711654265722,0.05642776200164341
sub-S0001119496591_ses-1,0,-3.1917843222618103,-2.7440776973962784,-2.9976161271333694,-2.977826048930486,0.04843773111590764
sub-S0001119496958_ses-1,0,-2.805710732936859,-1.9959293603897095,-1.9868455845862627,-2.262828559304277,0.09424862936957024
sub-S0001119498481_ses-1,0,-1.8347161188721657,-2.620118026563432,-1.4717214703559875,-1.9755185385971952,0.12179737556423795
sub-S0001119499014_ses-3,0,-2.6296526193618774,-3.089684337377548,-3.439362958073616,-3.0528999716043472,0.04509243842475694
sub-S0001119500305_ses-1,0,-2.6349281668663025,-2.4316635131835938,-1.1660629212856293,-2.0775515337785087,0.11129791580457193
sub-S0001119501407_ses-1,0,0.5658779740333557,0.36896249651908875,0.4836857467889786,0.472842072447141,0.6160562158521105
sub-S0001119501950_ses-1,0,2.3591437488794327,2.548147077730391,2.67527586966753,2.5275222320924513,0.9260488489824823
sub-S0001119502246_ses-1,0,-2.719100594520569,-2.226403832435608,-3.1013810634613037,-2.6822951634724936,0.06402619679821361
sub-S0001119503951_ses-1,0,-4.029865384101868,-2.936927556991577,-3.4654550552368164,-3.477415998776754,0.02996169003439117
sub-S0001119505934_ses-1,0,-3.385266602039337,-2.886567860841751,-3.6393304020166397,-3.303721621632576,0.03544373620896341
sub-S0001119508238_ses-1,0,-1.6290595531463623,-1.3602676391601562,-1.0775762796401978,-1.3556344906489055,0.20495072806737608
sub-S0001119512864_ses-1,0,0.1454499363899231,-0.09463638067245483,0.3491326868534088,0.13331541419029236,0.5332795783140253
sub-S0001119514368_ses-1,0,-1.7424160242080688,-1.4259268045425415,-0.7775854468345642,-1.3153094251950581,0.21159974143725982
sub-S0001119516222_ses-1,0,-1.7617884576320648,-1.4692135453224182,-2.1732107847929,-1.8014042625824611,0.14168021089929378
sub-S0001119517933_ses-1,0,-2.6815591603517532,-3.874949472025037,-2.16338312625885,-2.90663058621188,0.05182676116831026
sub-S0001119523090_ses-1,0,-5.002196550369263,-4.603011727333069,-3.4989393949508667,-4.3680492242177325,0.012517276094017076
sub-S0001119523970_ses-1,0,-3.341543436050415,-2.818684995174408,-2.8144032955169678,-2.9915439089139304,0.04780935643563406
sub-S0001119525364_ses-1,0,-2.6526493430137634,-3.678464148193598,-2.6565508069470525,-2.9958880993848047,0.047611981186090745
sub-S0001119526405_ses-1,0,-2.409833401441574,-3.3978388011455536,-2.4000517427921295,-2.7359079817930856,0.060887465658304496
sub-S0001119527021_ses-1,0,-36.199777364730835,-31.367531538009644,-61.29793190956116,-42.95508027076721,2.212308401857595e-19
sub-S0001119528138_ses-1,0,-5.587006509304047,-4.71774497628212,-5.34276756644249,-5.215839684009552,0.005400547900053915
sub-S0001119528802_ses-1,0,-2.5108285546302795,-2.263773947954178,-2.254583775997162,-2.34306209286054,0.08761881643210247
sub-S0001119531356_ses-1,0,-1.8294159471988678,-1.7679306771606207,-2.04163920879364,-1.8796619443843763,0.13242770813209195
sub-S0001119535484_ses-1,0,0.43625472486019135,0.3565986193716526,0.4048466682434082,0.3992333374917507,0.598503447277944
sub-S0001119540284_ses-1,0,2.9102856814861298,2.8504332676529884,2.7922600358724594,2.850992995003859,0.9453699892657681
sub-S0001119540385_ses-1,0,-3.1891380846500397,-3.8913102159276605,-3.0489500910043716,-3.376466130527357,0.03303910706689176
sub-S0001119541004_ses-1,0,-0.0916433334350586,0.0027028322219848633,-0.34874236583709717,-0.14589428901672363,0.4635909857717699
sub-S0001119541082_ses-1,0,-4.797788977622986,-3.832012355327606,-3.592664659023285,-4.074155330657959,0.01672218644949769
sub-S0001119541456_ses-1,0,0.8825625628232956,1.0895856320858002,0.41528113186359406,0.7958097755908966,0.6890774387306504
sub-S0001119547854_ses-1,0,-1.9968163073062897,-2.218367938825395,-2.678115773946047,-2.2977666733592437,0.09130809313774894
sub-S0001119555792_ses-1,0,-3.0599013566970825,-2.7514354586601257,-2.764533430337906,-2.8586234152317047,0.05423726989230812
sub-S0001119556100_ses-1,0,-4.468752861022949,-3.691329836845398,-4.762494057416916,-4.307525585095088,0.013287885224800945
sub-S0001119557689_ses-1,0,-2.9929810166358948,-3.130997121334076,-3.6506567001342773,-3.258211612701416,0.0370329330832828
sub-S0001119564062_ses-1,0,-3.6935319900512695,-3.399489164352417,-3.2390443682670593,-3.4440218408902488,0.03094764181212401
sub-S0001119569665_ses-1,0,-0.7784091234207153,-0.620547354221344,-0.5232552886009216,-0.640737255414327,0.3450799008196779
sub-S0001119570890_ses-1,0,-1.7692791819572449,-1.091463953256607,-1.4820556342601776,-1.4475995898246765,0.19037126639710492
sub-S0001119571251_ses-1,1,2.1787742376327515,2.6773259043693542,2.5473817884922028,2.4678273101647696,0.9218553919656707
sub-S0001119576147_ses-1,0,-2.073412537574768,-1.4347262978553772,-2.043120890855789,-1.8504199087619781,0.13582360244914912
sub-S0001119577463_ses-1,0,-2.763645052909851,-2.938400499522686,-3.4673950981814414,-3.0564802168713263,0.04493852708529388
sub-S0001119579146_ses-1,0,-1.5850164890289307,-2.062077760696411,-1.7487524189054966,-1.7986155562102795,0.14201967590633077
sub-S0001119584681_ses-1,0,-1.2446850538253784,-1.496191293001175,-0.7143448442220688,-1.1517403970162075,0.24017133601941917
sub-S0001119587464_ses-1,0,-2.408407747745514,-2.6306968927383423,-2.448504403233528,-2.495869681239128,0.0761482384407491
sub-S0001119587494_ses-1,0,1.6429893970489502,2.637474536895752,1.7210462093353271,2.0005033810933432,0.8808499196335728
sub-S0001119592132_ses-1,1,2.2120904326438904,2.363676369190216,2.417775481939316,2.3311807612578073,0.9114267036376711
sub-S0001119593610_ses-1,0,-2.758293390274048,-2.3290708661079407,-2.2302147150039673,-2.439192990461985,0.08023244543267403
sub-S0001119595568_ses-1,0,1.1419494450092316,0.8115656673908234,0.7230322360992432,0.892182449499766,0.7093403481195071
sub-S0001119600125_ses-1,0,-6.864107638597488,-6.79141628742218,-7.1722171902656555,-6.942580372095108,0.0009648425019527626
sub-S0001119607048_ses-1,0,-4.083435475826263,-3.1513949036598206,-4.137318789958954,-3.7907163898150125,0.02208084764732874
sub-S0001119607667_ses-1,0,-4.964095115661621,-4.88777020573616,-5.08447653055191,-4.978780617316564,0.006835405448180182
sub-S0001119610764_ses-1,0,-3.9586655497550964,-3.7401645183563232,-3.674872040748596,-3.791234036286672,0.022069672724999535
sub-S0001119611080_ses-1,0,-2.133132576942444,-1.3846203088760376,-1.6952908039093018,-1.737681229909261,0.1496077009810184
sub-S0001119612165_ses-1,0,-1.1740519404411316,-0.6127611398696899,-1.6787474751472473,-1.1551868518193562,0.23954295902942463
sub-S0001119613132_ses-1,0,2.202833831310272,2.4485286474227905,2.436490058898926,2.3626175125439963,0.9139319231959104
sub-S0001119614732_ses-1,0,-4.154370665550232,-3.491110682487488,-4.813416600227356,-4.152965982755025,0.015474504701390454
sub-S0001119615115_ses-3,0,-4.471395134925842,-4.919068157672882,-4.335903495550156,-4.575455596049626,0.010196563768641127
sub-S0001119615483_ses-1,0,-3.298793375492096,-3.934658855199814,-3.454066328704357,-3.562506186465422,0.027585116279457554
sub-S0001119617989_ses-1,0,-0.39825329184532166,0.3539929687976837,0.5128248408436775,0.15618817259867987,0.5389678577589067
sub-S0001119618781_ses-1,0,-1.964738592505455,-1.939226035901811,-2.4786047600209713,-2.1275231294760792,0.10645035878020699
sub-S0001119620777_ses-1,0,-1.9115014374256134,-1.3431956470012665,-1.8987013697624207,-1.7177994847297668,0.1521548211009518
sub-S0001119623804_ses-1,0,-3.4832103699445724,-4.073255424329545,-3.416759580373764,-3.657741791549294,0.02514225179915505
sub-S0001119624155_ses-1,0,-2.0833679139614105,-1.9122625179588795,-1.8655134961009026,-1.9537146426737309,0.12414887879439575
sub-S0001119628733_ses-1,0,1.1446075439453125,1.2103459239006042,0.9650149792432785,1.1066561490297318,0.7515051888197027
sub-S0001119629080_ses-1,0,2.0746915340423584,2.6620668172836304,2.226182222366333,2.320980191230774,0.9105997680294367
sub-S0001119629462_ses-1,0,-1.0361184179782867,-1.4249802082777023,-1.5099618807435036,-1.3236868356664975,0.2102055540751563
sub-S0001119630672_ses-1,0,-3.405089035630226,-2.783779318444431,-2.986758768558502,-3.058542374211053,0.04485010424728498
sub-S0001119631282_ses-1,0,-5.347705245018005,-5.727826480695512,-4.781196042895317,-5.2855759228696115,0.005038598765990472
sub-S0001119632850_ses-1,0,-1.3571537137031555,-1.0069611072540283,-0.6248173713684082,-0.9963107307751974,0.2696673937470509
sub-S0001119633313_ses-1,0,-2.9584372341632843,-2.6145111322402954,-3.251080632209778,-2.941342999537786,0.050147264081701455
sub-S0001119639631_ses-1,0,-4.76863819360733,-4.524920348951127,-4.560075089335442,-4.617877877297967,0.009777189800710767
sub-S0001119640999_ses-1,0,-4.313889108598232,-4.223417167493608,-3.863748997449875,-4.133685091180571,0.015771010739362608
sub-S0001119642142_ses-1,0,-1.103044033050537,-0.9305827617645264,-0.8328025341033936,-0.955476442972819,0.27778479984952636
sub-S0001119644206_ses-1,0,-3.4498314261436462,-3.1397945284843445,-4.439452111721039,-3.6763593554496765,0.024689944864942324
sub-S0001119645256_ses-1,0,-1.9717077016830444,-2.5172901302576065,-1.8718652594834566,-2.1202876971413693,0.10714054585026002
sub-S0001119646471_ses-1,0,-2.1279216408729553,-2.9248631186783314,-2.077481657266617,-2.3767554722726345,0.08496246836578082
sub-S0001119647319_ses-1,0,-3.5351726822555065,-3.05299433786422,-3.5007104128599167,-3.3629591443265476,0.03347335413515795
sub-S0001119649001_ses-1,0,2.09519624710083,2.133867383003235,1.5662745237350464,1.931779384613037,0.8734462400625331
sub-S0001119650492_ses-1,0,-4.965023040771484,-4.943946659564972,-5.250363752245903,-5.053111150860786,0.006348858480708873
sub-S0001119652635_ses-1,0,-3.14715713262558,-2.9365280866622925,-3.3576021790504456,-3.147095799446106,0.04120586442638999
sub-S0001119653290_ses-1,0,-4.250334724783897,-4.121621534228325,-4.8391488417983055,-4.403701700270176,0.012084163671903922
sub-S0001119653813_ses-3,1,-0.6631584763526917,-0.3826977014541626,-0.9946227073669434,-0.6801596283912659,0.336225676123888
sub-S0001119658909_ses-1,0,-1.977647840976715,-2.3988377451896667,-3.0091874822974205,-2.4618910228212676,0.07857331881186684
sub-S0001119659316_ses-1,0,-2.695425033569336,-2.622733771800995,-2.4805722534656525,-2.5995770196119943,0.0691656476033568
sub-S0001119661102_ses-1,0,1.1885555386543274,1.684013456106186,1.3285705745220184,1.4003798564275105,0.8022441591178736
sub-S0001119662091_ses-1,0,-1.9050652384757996,-1.5194207429885864,-1.2074899673461914,-1.5439919829368591,0.17595570708354377
sub-S0001119662469_ses-1,0,-0.30184173583984375,-0.8068707585334778,-1.1295724615920335,-0.746094985321785,0.3216727786667035
sub-S0001119664984_ses-1,0,-3.3447570502758026,-3.89492666721344,-3.5482661575078964,-3.595983291665713,0.02670118250031482
sub-S0001119670182_ses-1,0,-4.275229960680008,-4.26952052116394,-4.038032881915569,-4.194261121253173,0.014857798464637174
sub-S0001119670951_ses-1,0,-3.818507969379425,-3.3292194604873657,-3.3733290508389473,-3.5070188269019127,0.029113182310618813
sub-S0001119671409_ses-1,0,-3.0370472371578217,-3.099672943353653,-1.7904674857854843,-2.642395888765653,0.0664592343841212
sub-S0001119676801_ses-1,0,1.3097426891326904,1.1074628829956055,1.348384827375412,1.2551967998345692,0.7781981555746386
sub-S0001119682905_ses-1,0,-3.2294831573963165,-2.0077465176582336,-3.1277375519275665,-2.788322408994039,0.0579584826709022
sub-S0001119685537_ses-1,0,-3.845348596572876,-3.4261656999588013,-3.9525922536849976,-3.741368850072225,0.023171933998699747
sub-S0001119688998_ses-1,0,-4.822590082883835,-5.242538221180439,-4.734071880578995,-4.933066728214423,0.007152843734938472
sub-S0001119689171_ses-1,0,-3.380243495106697,-3.5647169975563884,-3.3411831110715866,-3.428714534578224,0.031410016964337026
sub-S0001119689371_ses-1,0,-0.9812297821044922,-0.27724361419677734,-0.3886997699737549,-0.5490577220916748,0.3660830522847775
sub-S0001119690474_ses-1,0,-1.4868512451648712,-1.6774038672447205,-0.39927226677536964,-1.1878424597283204,0.2336450321835406
sub-S0001119693286_ses-1,0,0.4221482425928116,-0.11876434087753296,1.048280954360962,0.4505549520254135,0.610771170661355
sub-S0001119694644_ses-1,0,-5.765135228633881,-5.360139608383179,-6.558345511555672,-5.89454011619091,0.0027468766608991987
sub-S0001119695045_ses-1,0,-2.2161281406879425,-2.2036710381507874,-2.9084134250879288,-2.4427375346422195,0.07997126396685927
sub-S0001119702622_ses-1,0,1.0509307235479355,0.8835723354131915,1.1282193958759308,1.0209074849456858,0.7351493288360962
sub-S0001119706952_ses-1,0,-5.079969152808189,-5.0797448605299,-4.381355673074722,-4.847023228804271,0.007790546402361418
sub-S0001119710762_ses-1,0,-5.106685638427734,-5.172376930713654,-5.482122778892517,-5.253728449344635,0.005200799992210525
sub-S0001119712756_ses-1,0,-1.0331171154975891,-0.8661077320575714,-1.7608943283557892,-1.22003972530365,0.22792945973322506
sub-S0001119713566_ses-1,0,-1.2282861471176147,-1.5205678343772888,-1.2269574403762817,-1.3252704739570618,0.20994276040485876
sub-S0001119715246_ses-1,0,-4.044734627008438,-4.705242842435837,-3.5695010870695114,-4.106492852171262,0.016198701617392786
sub-S0001119715882_ses-1,0,-3.7400423288345337,-3.3775655031204224,-2.9657305479049683,-3.3611127932866416,0.03353314040608254
sub-S0001119717119_ses-1,0,-1.6386206522583961,-0.9428717539994977,-1.428311288356781,-1.336601231538225,0.20806954043523826
sub-S0001119718302_ses-1,1,-2.7572044134140015,-1.9220287799835205,-2.7420949935913086,-2.4737760623296103,0.07771714564079273
sub-S0001119719575_ses-1,0,-3.6518473625183105,-3.428176522254944,-3.702548563480377,-3.5941908160845437,0.026747805308043323
sub-S0001119720879_ses-1,0,-4.475817441940308,-4.785809338092804,-3.3302827179431915,-4.197303165992101,0.014813337571815188
sub-S0001119721003_ses-1,0,-4.427029222249985,-3.4493354707956314,-3.9975499510765076,-3.957971548040708,0.018743781762767694
sub-S0001119721506_ses-1,0,-2.376456558704376,-2.659703850746155,-2.2548933923244476,-2.430351267258326,0.08088734855184636
sub-S0001119724028_ses-1,0,-0.8586057424545288,-0.7426609396934509,-0.43625491857528687,-0.6791738669077555,0.3364457118767957
sub-S0001119736036_ses-1,0,-1.8953032493591309,-1.6949779689311981,-1.7994885444641113,-1.7965899209181468,0.1422666787706458
sub-S0001119739482_ses-1,0,-4.679363369941711,-4.123222172260284,-4.610548943281174,-4.4710448284943896,0.011306072586401848
sub-S0001119739905_ses-1,0,-1.490873396396637,-0.8996760249137878,-0.9731658697128296,-1.1212384303410847,0.2457816397022974
sub-S0001119741157_ses-1,0,-4.314350754022598,-4.22052127122879,-4.461327999830246,-4.332066675027211,0.012969932928485495
sub-S0001119741253_ses-1,0,-1.9827526211738586,-1.8541476130485535,-2.612573981285095,-2.1498247385025024,0.10434760177902347
sub-S0001119741856_ses-1,0,-5.574782609939575,-5.8561782091856,-6.557561904191971,-5.996174241105716,0.0024820774103762985
sub-S0001119742045_ses-1,0,-4.9313609302043915,-4.657095164060593,-4.2197184562683105,-4.602724850177765,0.009924990380691202
sub-S0001119745353_ses-1,0,-0.9550448358058929,-0.39757251739501953,-0.891441211104393,-0.7480195214351019,0.3212529902371704
sub-S0001119746373_ses-1,0,-2.4121901839971542,-2.3826863691210747,-2.1907961517572403,-2.328557568291823,0.08878529033451896
sub-S0001119746686_ses-1,0,-4.476222515106201,-4.350564360618591,-4.640083909034729,-4.488956928253174,0.011107589476824218
sub-S0001119747372_ses-1,0,-3.9881131052970886,-4.033376783132553,-3.9353129863739014,-3.9856009582678475,0.01824230904625849
sub-S0001119752559_ses-1,0,-5.451876759529114,-5.8446362018585205,-5.720546007156372,-5.6723529895146685,0.0034279706192843666
sub-S0001119755859_ses-2,1,1.5964362025260925,2.0079736709594727,1.9246113300323486,1.8430070678393047,0.8633039600383184
sub-S0001119757924_ses-1,0,-6.108779788017273,-5.50449538230896,-5.933476209640503,-5.848917126655579,0.002874731506495746
sub-S0001119763397_ses-1,0,-3.172987014055252,-3.317300409078598,-3.0164289886597544,-3.1689054705978683,0.04035277913519573
sub-S0001119765080_ses-1,0,-2.5793239027261734,-3.400492914021015,-2.2452264726161957,-2.7416810964544616,0.06055819354500542
sub-S0001119766079_ses-1,1,0.6553332507610321,1.5975322723388672,1.8720033764839172,1.374956299861272,0.7981797382265329
sub-S0001119766181_ses-1,0,-0.3661872148513794,-0.875203937292099,-0.6100504845380783,-0.6171472122271856,0.35043055119247757
sub-S0001119770636_ses-1,0,-1.7877600491046906,-1.897418923676014,-1.792990179732442,-1.8260563841710489,0.13870874060772856
sub-S0001119773214_ses-2,0,-4.529053688049316,-4.016874074935913,-4.3822802901268005,-4.309402684370677,0.013263296452230396
sub-S0001119773367_ses-1,1,0.9694802463054657,1.0860320925712585,1.8025620579719543,1.2860247989495595,0.7834735851803468
sub-S0001119773825_ses-1,0,-3.7726763635873795,-4.990461498498917,-3.3387597799301147,-4.033965880672137,0.017396000258985515
sub-S0001119774719_ses-1,0,-0.10676002502441406,-0.05664485692977905,-0.6640642583370209,-0.275823046763738,0.4314781078653009
sub-S0001119775090_ses-1,0,-0.5466992557048798,-1.0041118264198303,-0.9584200382232666,-0.8364103734493256,0.30229133900759353
sub-S0001119775661_ses-1,0,-2.9880189895629883,-3.0113824651925825,-3.534211680293083,-3.177871045016218,0.040007019546931095
sub-S0001119776951_ses-1,0,-1.9409445524215698,-1.8414140939712524,-1.538887083530426,-1.7737485766410828,0.14507677597853558
sub-S0001119779479_ses-1,0,-1.8498657643795013,-1.4569015502929688,-1.9629647135734558,-1.756577342748642,0.1472195218701932
sub-S0001119783593_ses-1,0,-1.296305775642395,-0.899944931268692,-1.6349021680653095,-1.2770509583254654,0.21805263383550236
sub-S0001119783788_ses-1,0,-2.763378396630287,-2.5611258069984615,-2.21965504065156,-2.514719748093436,0.07483269187920874
sub-S0001119791203_ses-1,0,-3.870479643344879,-3.7090712785720825,-4.275724500417709,-3.951758474111557,0.01885839777170291
sub-S0001119791729_ses-2,0,-4.372465401887894,-4.876965284347534,-4.47221852093935,-4.573883069058259,0.010212446875250778
sub-S0001119795524_ses-1,0,-1.4070464670658112,-1.1397973150014877,-0.5326052904129028,-1.0264830241600673,0.2637665111881794
sub-S0001119799160_ses-1,0,-2.3442728519439697,-2.732110634446144,-2.0896463692188263,-2.3886766185363135,0.08404024641115981
sub-S0001119799817_ses-1,0,1.5856216847896576,2.126066267490387,1.4770471006631851,1.7295783509810765,0.8493584787767547
sub-S0001119800765_ses-1,0,-4.007063627243042,-2.7229650020599365,-3.5116113424301147,-3.4138799905776978,0.03186448546374683
sub-S0001119803876_ses-1,0,-4.846636325120926,-3.3216705322265625,-4.831571668386459,-4.333292841911316,0.01295424526133178
sub-S0001119814249_ses-1,0,-3.9039286971092224,-3.506522536277771,-4.362742185592651,-3.924397806326548,0.019371366505229935
sub-S0001119816854_ses-1,0,-4.708781063556671,-4.011552214622498,-4.53410068154335,-4.41814465324084,0.011912951226546876
sub-S0001119820649_ses-1,1,0.2973838448524475,-0.9431610107421875,0.25653076171875,-0.12974880139033,0.467608229191615
sub-S0001119824429_ses-1,0,0.11777759343385696,0.05267716199159622,0.2203039824962616,0.1302529126405716,0.5325172676420008
sub-S0001119825976_ses-1,0,2.3305529952049255,2.516881048679352,2.093025326728821,2.3134864568710327,0.9099878393776049
sub-S0001119833285_ses-1,0,-2.0155970454216003,-1.463006615638733,-2.134155750274658,-1.8709198037783306,0.13343532944267736
sub-S0001119833872_ses-3,0,-3.237623870372772,-2.899666488170624,-2.8126291036605835,-2.9833064874013266,0.04818575360555862
sub-S0001119834067_ses-1,0,-4.871601969003677,-3.927954524755478,-4.775400370359421,-4.524985621372859,0.010718734132563253
sub-S0001119836557_ses-1,0,-2.9926766753196716,-2.823214575648308,-3.0924476981163025,-2.9694463163614273,0.04882543047923889
sub-S0001119839803_ses-1,0,-2.8859462440013885,-2.720749649219215,-3.0035013407468796,-2.8700657446558275,0.053653313748265145
sub-S0001119843094_ses-1,0,-6.895702838897705,-10.495413064956665,-5.939225673675537,-7.776780525843303,0.000419184333488538
sub-S0001119845528_ses-1,0,-2.1963140964508057,-2.3519991307985038,-2.066498556174338,-2.204937261141216,0.09930799676873883
sub-S0001119848424_ses-1,0,-2.2233567759394646,-2.4038313673227094,-2.082011394202709,-2.236399845821628,0.09652905973646325
sub-S0001119855235_ses-1,0,-0.8548649549484253,-0.8676844239234924,-1.0929147601127625,-0.9384880463282267,0.28120585132702497
sub-S0001119856269_ses-1,0,-4.192225694656372,-4.413747549057007,-3.942133843898773,-4.182702362537384,0.015027936707919189
sub-S0001119858361_ses-1,0,-2.950360894203186,-3.0622794404625893,-3.4012567922472954,-3.1379657089710236,0.04156809029075972
sub-S0001119862121_ses-1,0,-0.9035229086875916,-1.4457812011241913,-0.5576375760138035,-0.9689805619418621,0.2750837444647507
sub-S0001119863031_ses-1,1,3.785287022590637,4.079389691352844,4.259841680526733,4.041506131490071,0.9827324201845825
sub-S0001119866241_ses-1,0,-3.0183674097061157,-3.0429417490959167,-2.405493587255478,-2.8222675820191703,0.05613267201475087
sub-S0001119866784_ses-1,0,0.7317578196525574,-0.661090262234211,0.3769562691450119,0.1492079421877861,0.537232934730966
sub-S0001119867613_ses-1,0,-2.4171524047851562,-1.8497676253318787,-2.8780598044395447,-2.3816599448521933,0.08458195111918854
sub-S0001119871054_ses-1,0,-4.017113208770752,-4.066671907901764,-3.0987229347229004,-3.727502683798472,0.023487878501999158
sub-S0001119871273_ses-2,0,-4.817526459693909,-4.0217675268650055,-4.853237897157669,-4.564177294572194,0.01031102215698033
sub-S0001119871328_ses-1,0,-0.8353244662284851,-0.48759469389915466,-1.2506467923521996,-0.8578553174932798,0.2977876259657289
sub-S0001119872348_ses-1,0,-3.8670031279325485,-3.6616378128528595,-3.8818357959389687,-3.8034922455747924,0.021806652883050563
sub-S0001119876035_ses-1,0,-1.0656259059906006,-1.297885924577713,-0.9235820174217224,-1.095697949330012,0.250546836655747
sub-S0001119878020_ses-1,0,-2.258840560913086,-1.8018001317977905,-2.0834521055221558,-2.0480309327443442,0.11425149582342604
sub-S0001119879823_ses-1,0,-1.7668360620737076,-2.475878830999136,-1.9022729098796844,-2.0483292676508427,0.11422130837451622
sub-S0001119880685_ses-1,0,-4.748160660266876,-3.6746257543563843,-3.6420433670282364,-4.021609927217166,0.017608469517640876
sub-S0001119881555_ses-1,0,-2.9023242592811584,-2.604130446910858,-3.841120794415474,-3.115858500202497,0.04245782648792292
sub-S0001119883886_ses-2,1,3.0078635215759277,3.288815140724182,3.3557727336883545,3.2174837986628213,0.9614869481917382
sub-S0001119886600_ses-1,0,-2.5204415321350098,-2.3891751766204834,-2.273046314716339,-2.394221007823944,0.08361443638893011
sub-S0001119886621_ses-1,0,0.9031798392534256,1.9752752780914307,1.7103643417358398,1.529606486360232,0.8219487311763917
sub-S0001119889263_ses-1,1,3.0149609446525574,2.9388595819473267,3.176032066345215,3.0432841976483664,0.9544916990042349
sub-S0001119891462_ses-1,0,-3.6067920327186584,-3.413584530353546,-3.813465878367424,-3.6112808138132095,0.026306492357801862
sub-S0001119893455_ses-1,0,-2.511943995952606,-2.8870848463266157,-2.8646369129419327,-2.754555251740385,0.05982990160883756
sub-S0001119894890_ses-1,0,-5.160287857055664,-5.2371023297309875,-4.524990022182465,-4.974126736323039,0.0068670717906756966
sub-S0001119897170_ses-1,0,-2.372177392244339,-2.093245655298233,-2.7611241787672043,-2.408849075436592,0.08250039445245688
sub-S0001119898283_ses-1,0,-2.681356728076935,-2.580424964427948,-2.0242029428482056,-2.4286615451176963,0.08101305924020463
sub-S0001119900027_ses-1,0,-2.154883027076721,-1.9005677103996277,-2.9114756733179092,-2.322308803598086,0.08929213150789596
sub-S0001119902469_ses-4,1,3.4934948682785034,4.309781908988953,3.5918819904327393,3.798386255900065,0.978084164275212
sub-S0001119905854_ses-1,0,-4.434371918439865,-4.5638946034014225,-4.604521252214909,-4.534262591352065,0.010620807795203085
sub-S0001119905888_ses-1,0,-4.047199785709381,-3.9317869544029236,-3.6010323762893677,-3.8600063721338906,0.020633168461994374
sub-S0001119909933_ses-1,1,3.5610777139663696,3.6972768306732178,3.8574568033218384,3.705270449320475,0.9759967600895216
sub-S0001119912356_ses-1,0,-3.585944175720215,-3.3973639011383057,-3.958905816078186,-3.6474046309789023,0.02539686437921075
sub-S0001119916362_ses-1,0,-2.529550403356552,-2.866758108139038,-1.5686197578907013,-2.321642756462097,0.08934630864428705
sub-S0001119916430_ses-1,0,-2.6214961409568787,-3.4905771613121033,-2.1194896697998047,-2.7438543240229287,0.06043467468546531
sub-S0001119916869_ses-1,0,-2.590396225452423,-2.2489301711320877,-2.5295034050941467,-2.4562766005595527,0.07898076344165475
sub-S0001119922377_ses-1,0,-1.6144872307777405,-1.9530974924564362,-1.242078423500061,-1.6032210489114125,0.16753191018056038
sub-S0001119928230_ses-1,0,-3.054999887943268,-2.5603978037834167,-2.698409676551819,-2.771269122759501,0.05889662936888827
sub-S0001119932412_ses-1,0,2.0751907229423523,2.2802093029022217,2.0638196021318436,2.1397398759921393,0.8947061074679258
sub-S0001119932747_ses-1,0,-1.6949522271752357,-2.2232595533132553,-1.9588193893432617,-1.9590103899439175,0.12357418598398118
sub-S0001119932768_ses-1,0,-0.1983015537261963,-0.1833043098449707,-0.2339140772819519,-0.2051733136177063,0.44888585471734693
sub-S0001119937474_ses-1,1,4.64493727684021,5.169071793556213,4.696706056594849,4.836905042330424,0.992130850702776
sub-S0001119938663_ses-1,0,-3.4236315488815308,-3.5278412103652954,-2.246730923652649,-3.066067894299825,0.04452882368932664
sub-S0001119939061_ses-1,0,-2.846242532134056,-2.115199689695146,-3.1805301308631897,-2.713990784230797,0.06215282229494833
sub-S0001119944201_ses-1,0,-3.4598971605300903,-4.075756669044495,-4.224258840084076,-3.9199708898862204,0.01945563989749946
sub-S0001119946148_ses-1,0,-6.082926362752914,-5.907618463039398,-5.77654342353344,-5.9223627497752505,0.00267170607500816
sub-S0001119947407_ses-1,0,-3.1591466665267944,-2.8027050495147705,-2.7181184887886047,-2.8933234016100564,0.05248459976522419
sub-S0001119948749_ses-1,0,-4.610374748706818,-4.706124991178513,-4.196506977081299,-4.504335572322209,0.010939931051072908
sub-S0001119950079_ses-3,0,-6.789535969495773,-7.834084831178188,-7.289978884160519,-7.30453322827816,0.00067203140453303
sub-S0001119950954_ses-1,0,0.31613652408123016,0.08755633980035782,1.494549036026001,0.6327472999691963,0.6531121428658008
sub-S0001119951016_ses-1,0,-1.3839630782604218,-1.276748575270176,-1.4364143908023834,-1.365708681444327,0.2033140583587902
sub-S0001119951784_ses-1,0,-1.3598541021347046,-0.7552142143249512,-1.0230876207351685,-1.0460519790649414,0.2599839495664212
sub-S0001119956850_ses-1,0,-3.3166372179985046,-2.107182562351227,-2.4497194588184357,-2.6245130797227225,0.06757736585100332
sub-S0001119958229_ses-1,1,3.4465991258621216,3.2889273166656494,3.7690415382385254,3.501522660255432,0.9707310625007195
sub-S0001119962162_ses-1,0,-3.628444731235504,-2.9065277576446533,-2.8231223821640015,-3.1193649570147195,0.04231549941562348
sub-S0001119962386_ses-1,0,-0.7569229900836945,-0.8935095518827438,-0.7726150453090668,-0.807682529091835,0.30838455443893786
sub-S0001119963232_ses-1,0,-1.8282223045825958,-1.1446698009967804,-1.4947392642498016,-1.489210456609726,0.18404026313543057
sub-S0001119964720_ses-1,0,-1.9452471733093262,-0.9743231534957886,-1.547944188117981,-1.4891715049743652,0.18404611255287098
sub-S0001119965834_ses-1,0,2.2446663975715637,1.991855226457119,1.2998536229133606,1.8454584156473477,0.8635929866160952
sub-S0001119969694_ses-1,0,-0.8001703917980194,-1.2310550808906555,-0.9929164946079254,-1.0080473224322002,0.2673621667424126
sub-S0001119975965_ses-1,0,-4.959262371063232,-5.107406377792358,-4.752146378159523,-4.939605042338371,0.0071065600256436014
sub-S0001119976622_ses-1,0,-3.519136130809784,-3.3624840676784515,-4.10193794965744,-3.6611860493818917,0.02505797055793137
sub-S0001119977278_ses-1,0,-1.389118254184723,-1.3638612627983093,-2.1472609639167786,-1.6334134936332703,0.1633632832509473
sub-S0001119978557_ses-1,0,-0.9139888286590576,-0.6511775851249695,-0.9069484546780586,-0.8240382894873619,0.30490711614184823
sub-S0001119984151_ses-1,0,-2.553071081638336,-2.1735728979110718,-2.5185185372829437,-2.4150541722774506,0.08203192050339739
sub-S0001119986960_ses-1,0,-1.2824152708053589,-1.4833424240350723,-1.2344589233398438,-1.333405539393425,0.20859660700549285
sub-S0001119988988_ses-1,0,-3.464414894580841,-2.866612136363983,-2.4790780544281006,-2.936701695124308,0.05036880324306988
sub-S0001119994525_ses-1,0,-2.0525176525115967,-3.211412191390991,-2.0274802967906,-2.4304700468977294,0.08087851836839642
sub-S0001119998090_ses-1,1,9.881058931350708,12.019697666168213,11.14370346069336,11.014820019404093,0.9999835442644404
sub-S0001120004288_ses-1,0,-2.2558521032333374,-2.335816413164139,-1.9765297770500183,-2.1893994311491647,0.10070647084696137
sub-S0001120005093_ses-1,0,-3.55936861038208,-3.246145725250244,-2.5679326988756657,-3.1244823448359966,0.04210860283068367
sub-S0001120007643_ses-1,0,-2.8778167366981506,-3.451040029525757,-2.7011053562164307,-3.0099873741467795,0.04697671093323096
sub-S0001120008737_ses-1,0,-4.20869517326355,-3.745325490832329,-4.6262480318546295,-4.193422898650169,0.014870072556630443
sub-S0001120008966_ses-1,0,-2.3004232943058014,-2.691822175809648,-2.0321208834648132,-2.3414554511934207,0.08774733931879726
sub-S0001120012769_ses-1,0,-2.418546438217163,-2.2924333810806274,-2.6667826771736145,-2.4592541654904685,0.07876443837166407
sub-S0001120013187_ses-1,0,-4.247954279184341,-4.378552570939064,-3.7883703112602234,-4.138292387127876,0.01569965429563804
sub-S0001120015641_ses-1,0,-3.7292056679725647,-4.072995891794562,-3.463628038764,-3.755276532843709,0.02285921253809256
sub-S0001120015753_ses-1,0,-2.6855220198631287,-2.2848689258098602,-2.672025114297867,-2.5474720199902854,0.07259650098629644
sub-S0001120016145_ses-1,0,-2.907104402780533,-3.3488819152116776,-3.426732487976551,-3.2275729353229203,0.038141187684906534
sub-S0001120016983_ses-1,0,-2.6309946179389954,-2.7567500174045563,-2.8074581623077393,-2.731734265883764,0.06112655733803064
sub-S0001120018376_ses-1,0,-1.763586699962616,-1.9497394263744354,-2.4421936869621277,-2.051839937766393,0.11386659778755008
sub-S0001120024009_ses-2,0,-1.7294841408729553,-1.1015120148658752,-1.121625006198883,-1.3175403873125713,0.21122779999823502
sub-S0001120026894_ses-1,0,0.103851318359375,1.4014523923397064,1.2101531773805618,0.9051522960265478,0.7120071491734395
sub-S0001120028050_ses-1,0,-3.85696741938591,-2.195085182785988,-3.1347433775663376,-3.062265326579412,0.04469088825833783
sub-S0001120030950_ses-1,0,-3.4672021865844727,-3.042236804962158,-3.995422141160816,-3.501620377569149,0.02926616125659788
sub-S0001120032297_ses-1,0,-4.446730822324753,-4.306028708815575,-4.911622188985348,-4.554793906708558,0.010407218171079946
sub-S0001120033988_ses-1,0,1.7144256085157394,1.5860062018036842,1.2402721643447876,1.513567991554737,0.8195893811665781
sub-S0001120034252_ses-1,0,-3.750511795282364,-3.14137801527977,-4.081690546125174,-3.657860118895769,0.025139351744768654
sub-S0001120034343_ses-2,0,-8.477359116077423,-13.235492408275604,-7.53608164191246,-9.749644388755163,5.831199716789239e-05
sub-S0001120034444_ses-1,0,0.2882540225982666,-0.6408365964889526,0.6038818359375,0.08376642068227132,0.5209293684790623
sub-S0001120037355_ses-1,0,-3.019871175289154,-2.0735718309879303,-3.1835057958960533,-2.7589829340577126,0.05958132807823092
sub-S0001120037684_ses-1,0,-1.1522523164749146,-0.7716529369354248,-1.421131819486618,-1.1150123576323192,0.24693761155324387
sub-S0001120037818_ses-1,0,-3.7437659204006195,-3.5150622315704823,-3.8709116503596306,-3.7099132674435773,0.02389471225594544
sub-S0001120048784_ses-1,1,3.008860409259796,3.147364377975464,2.898389622569084,3.0182048032681146,0.9533898160156653
sub-S0001120050949_ses-1,0,-5.7909610122442245,-5.698861658573151,-6.1229463666677475,-5.870923012495041,0.002812337440692704
sub-S0001120056223_ses-1,0,-6.62870728969574,-6.673453092575073,-4.370770871639252,-5.890977084636688,0.002756654297838329
sub-S0001120056987_ses-1,0,-2.7571225464344025,-2.590141713619232,-2.2679266929626465,-2.5383969843387604,0.07320986393912313
sub-S0001120057895_ses-1,0,-4.452454581856728,-3.634588271379471,-3.7978643216192722,-3.9616357249518237,0.018676507270957408
sub-S0001120063051_ses-1,0,-1.7269051373004913,-1.221592951565981,-1.8123386204242706,-1.586945569763581,0.1698140679351238
sub-S0001120063357_ses-1,0,-1.118325114250183,-0.9933633804321289,-0.9296596050262451,-1.0137826999028523,0.2662402231230584
sub-S0001120063453_ses-1,0,-0.3243667781352997,-0.4823225438594818,-0.8202512860298157,-0.5423135360081991,0.3676495591360092
sub-S0001120064899_ses-1,0,-1.3104575872421265,-1.4566534757614136,-1.8828852772712708,-1.5499987800916035,0.17508644435678083
sub-S0001120068741_ses-1,0,-5.805831015110016,-5.70167088508606,-6.045385017991066,-5.850962306062381,0.0028688750227364086
sub-S0001120068963_ses-1,0,-3.878054291009903,-5.0865718126297,-3.9888235330581665,-4.317816545565923,0.01315363080608681
sub-S0001120070938_ses-1,0,-2.7463865876197815,-2.714140832424164,-3.3388436138629913,-2.933123677968979,0.05054022179042589
sub-S0001120071558_ses-1,1,3.481633186340332,3.282747983932495,3.2256190478801727,3.3300000727176666,0.9654437721397372
sub-S0001120075104_ses-1,0,-2.226439744234085,-2.389919936656952,-2.557791292667389,-2.3913836578528085,0.08383209984131296
sub-S0001120075343_ses-1,0,-4.68718159198761,-3.5224642157554626,-4.879655458033085,-4.3631004219253855,0.012578594031069545
sub-S0001120077574_ses-1,0,3.4770070016384125,3.659904420375824,3.522928588092327,3.5532800033688545,0.9721663173113154
sub-S0001120078522_ses-1,0,-2.5450940132141113,-1.3386796712875366,-1.9192276000976562,-1.9343337615331013,0.1262716737039157
sub-S0001120080174_ses-1,0,-4.09434449672699,-3.4839794039726257,-3.9841475635766983,-3.8541571547587714,0.020751698185969666
sub-S0001120080342_ses-1,0,-1.6615177989006042,-0.878801167011261,-0.7902131676673889,-1.1101773778597515,0.24783782132333962
sub-S0001120082464_ses-1,0,0.361435130238533,0.1633242666721344,0.16934612393379211,0.23136850694815317,0.5575854698018594
sub-S0001120084541_ses-1,0,-4.6403825879096985,-5.565505866834428,-3.271236479282379,-4.492374978008836,0.011070107568286067
sub-S0001120085342_ses-1,0,-5.241967439651489,-5.405882507562637,-5.383170247077942,-5.343673398097356,0.00475556244883038
sub-S0001120086427_ses-1,0,-4.169782042503357,-3.915270285215229,-3.312825471162796,-3.7992925996271274,0.021896416180926335
sub-S0001120087926_ses-1,0,-4.421163439750671,-4.58671367628267,-3.5129996687173843,-4.173625594916909,0.015162885023290412
sub-S0001120089604_ses-1,0,-1.627915620803833,-1.4071411043405533,-1.414675012230873,-1.4832439124584198,0.18493794539376743
sub-S0001120089914_ses-1,0,1.643517792224884,1.5261679124087095,1.4956503510475159,1.5551120185603697,0.8256508402140069
sub-S0001120090055_ses-1,0,-2.6994231939315796,-2.8159378599375486,-2.721327632665634,-2.7455628955115876,0.06033773085547443
sub-S0001120090601_ses-1,1,-0.23934578895568848,0.33288872241973877,-0.12223970890045166,-0.009565591812133789,0.4976086202813181
sub-S0001120091123_ses-1,0,-6.484709858894348,-6.81569105386734,-5.706656634807587,-6.335685849189758,0.0017687959620156775
sub-S0001120095686_ses-1,0,-2.503729924559593,-2.766770176589489,-2.8552338927984238,-2.708577997982502,0.06246908154167945
sub-S0001120098569_ses-1,0,-2.8360626697540283,-2.724853290244937,-3.3072024825960398,-2.9560394808650017,0.04945184381553131
sub-S0001120104932_ses-1,0,-5.508056402206421,-5.002766251564026,-5.6565733551979065,-5.389132002989451,0.00454518182994416
sub-S0001120105661_ses-1,0,0.042929649353027344,0.14341193437576294,-0.06051647663116455,0.041941702365875244,0.5104838887802067
sub-S0001120107743_ses-1,0,-3.336891233921051,-3.1048702597618103,-3.0921231508255005,-3.177961548169454,0.040003543786084575
sub-S0001120111336_ses-1,0,-2.408794194459915,-2.1908908165059984,-2.86994968354702,-2.4898782315043113,0.0765708068803962
sub-S0001120112208_ses-1,0,1.084458127617836,1.3855702877044678,1.2481862604618073,1.239404891928037,0.7754604101085034
sub-S0001120112391_ses-1,0,2.1664031744003296,2.1224062591791153,2.1780890822410583,2.1556328386068344,0.8961939724389111
sub-S0001120117259_ses-1,0,-1.1348018050193787,-1.1480887234210968,-1.1223508417606354,-1.1350804567337036,0.24322473968762565
sub-S0001120133351_ses-1,0,-2.9306069016456604,-2.655296802520752,-2.0286847949028015,-2.5381961663564048,0.07322349064318519
sub-S0001120135511_ses-1,0,-4.037543669342995,-4.701818744651973,-3.5642785876989365,-4.101213667231302,0.016283047541850365
sub-S0001120137254_ses-1,0,-4.9483682513237,-4.677259638905525,-5.5012630224227905,-5.0422969708840055,0.00641744576108997
sub-S0001120142077_ses-1,0,-5.065556988120079,-5.066890209913254,-5.230619810521603,-5.1210223361849785,0.005934488113893643
sub-S0001120146461_ses-1,0,-3.1025364995002747,-3.411597430706024,-1.4492824971675873,-2.654472142457962,0.06571390582868428
sub-S0001120146978_ses-1,0,-2.116163969039917,-2.373730033636093,-2.7838067412376404,-2.4245669146378837,0.0813184277104573
sub-S0001120153248_ses-2,0,-4.307481750845909,-3.9072045133798383,-4.233989000320435,-4.149558421515394,0.015526504852739988
sub-S0001120154420_ses-1,0,-2.9146623611450195,-3.3032864332199097,-2.8769877403974533,-3.031645511587461,0.04601653671222347
sub-S0001120158668_ses-1,0,-2.4114226698875427,-2.444713056087494,-2.650826632976532,-2.5023207863171897,0.07569564433883882
sub-S0001120158803_ses-1,0,1.6913884282112122,1.8679232001304626,1.4450001567602158,1.668103928367297,0.8413228618335316
sub-S0001120159034_ses-1,0,-1.271231085062027,-2.0557860182016157,-1.4423490017652512,-1.589788701676298,0.1694136272042734
sub-S0001120160470_ses-1,0,0.3417939394712448,0.4948604926466942,0.8598134219646454,0.5654892846941948,0.6377217010175981
sub-S0001120160906_ses-1,0,-5.6281450390815735,-5.228630244731903,-5.695573031902313,-5.51744943857193,0.004000013776268454
sub-S0001120161574_ses-2,0,-4.876400470733643,-5.355248928070068,-4.626747727394104,-4.952799042065938,0.007014065270758594
sub-S0001120161758_ses-1,0,-2.091728091239929,-1.4650201797485352,-2.181185781955719,-1.9126446843147278,0.12868402706343327
sub-S0001120162915_ses-1,0,-0.22367483377456665,0.7742825150489807,0.445782370865345,0.3321300173799197,0.5822775524461735
sub-S0001120164077_ses-1,0,-4.457994848489761,-5.472575221210718,-4.6410688906908035,-4.857212986797094,0.007712174813376526
sub-S0001120166670_ses-1,0,-3.332025647163391,-3.1674094200134277,-3.190561532974243,-3.2299988667170205,0.038052288554014026
sub-S0001120173185_ses-1,0,-4.048301637172699,-3.418349653482437,-3.946338951587677,-3.8043300807476044,0.021788788076645506
sub-S0001120174551_ses-1,0,-2.3009677305817604,-2.7806165535002947,-2.545509030809626,-2.542364438297227,0.0729411268718276
sub-S0001120176390_ses-1,0,-2.5255427062511444,-2.4277526140213013,-2.4331494718790054,-2.4621482640504837,0.07855469668091379
sub-S0001120178351_ses-1,0,-1.69978666305542,-1.8765269964933395,-1.9628729708492756,-1.8463955434660118,0.13629665720566922
sub-S0001120181593_ses-1,0,-2.009217381477356,-2.4563219845294952,-2.8196926712989807,-2.428410679101944,0.0810317381641326
sub-S0001120183042_ses-1,0,-1.956054836511612,-1.6641916632652283,-2.175155058503151,-1.9318005194266636,0.12655142375786846
sub-S0001120184592_ses-1,0,-1.0906439423561096,-0.23866206407546997,-0.010281115770339966,-0.4465290407339732,0.3901863339250266
sub-S0001120185200_ses-1,0,-4.577256143093109,-3.9009787142276764,-4.328631222248077,-4.268955359856288,0.013803201630939198
sub-S0001120186503_ses-1,0,1.5521767139434814,1.385444700717926,1.8828754127025604,1.6068322757879894,0.8329711249651706
sub-S0001120190749_ses-1,0,-4.193487524986267,-5.240802121348679,-4.639160856604576,-4.691150167646508,0.009092690329038597
sub-S0001120192909_ses-1,0,-2.1976417303085327,-3.361791968345642,-1.2681986689567566,-2.2758774558703103,0.09314058194480714
sub-S0001120195509_ses-1,0,-1.6440967619419098,-1.7212427109479904,-1.8492914736270905,-1.7382103155056636,0.14954040041898897
sub-S0001120195744_ses-1,0,-4.474557727575302,-4.181385949254036,-4.199877072125673,-4.2852735829850035,0.013582820357591674
sub-S0001120198423_ses-1,0,-4.081086337566376,-4.037220329046249,-3.7748129665851593,-3.964373211065928,0.01862640151090155
sub-S0001120204205_ses-1,0,-3.8089675903320312,-3.6177858114242554,-4.702265441417694,-4.043006281057994,0.01724214158797686
sub-S0001120204498_ses-1,0,-4.28377890586853,-4.2440297696739435,-5.114043712615967,-4.547284129386147,0.010484845727634279
sub-S0001120204905_ses-1,0,-3.517065405845642,-3.3450194001197815,-3.5580176413059235,-3.4733674824237823,0.030079580240772757
sub-S0001120206613_ses-1,1,2.6760534048080444,2.9223678708076477,2.408013105392456,2.6688114603360495,0.9351610016691161
sub-S0001120207764_ses-1,0,-0.7158200740814209,-0.16546881571412086,-0.2122417390346527,-0.3645102096100648,0.40986821150584474
sub-S0001120210180_ses-1,0,-3.322105586528778,-2.9184634685516357,-3.0616570115089417,-3.1007420221964517,0.043076657627670524
sub-S0001120210451_ses-1,0,-3.3468892574310303,-3.8192178606987,-3.0675344741903245,-3.411213864106685,0.031946835906094
sub-S0001120211143_ses-1,0,1.6252132058143616,1.6542917042970657,1.630152553319931,1.6365524878104527,0.8370652878179858
sub-S0001120215853_ses-1,0,-4.70179845392704,-4.366509705781937,-5.2139003202319145,-4.760736159980297,0.008486666086613718
sub-S0001120218100_ses-1,0,-4.216739118099213,-3.7322447299957275,-4.0334296226501465,-3.9941378235816956,0.01809004496594574
sub-S0001120218493_ses-1,0,-0.9932150840759277,-0.8006854057312012,-0.4833976626396179,-0.7590993841489156,0.31884183158831064
sub-S0001120221670_ses-1,0,-2.5671645402908325,-3.1745728254318237,-2.4815849661827087,-2.741107443968455,0.06059083737868567
sub-S0001120221954_ses-1,0,-1.4508180618286133,-1.7916641235351562,-0.8088781237602234,-1.3504534363746643,0.20579625038970156
sub-S0001120222517_ses-1,0,-1.0076583623886108,-2.1060869991779327,-1.1532585732638836,-1.4223346449434757,0.19429584580385664
sub-S0001120229992_ses-1,0,-1.6574931144714355,-1.5332743525505066,-1.2722330689430237,-1.4876668453216553,0.18427217944930951
sub-S0001120231673_ses-1,0,-5.881794989109039,-5.389547233411577,-6.220019266009331,-5.830453829509982,0.002928144685672205
sub-S0001120232307_ses-1,0,0.6941581666469574,1.093715339899063,0.4921749383211136,0.7600161482890447,0.6813572397470865
sub-S0001120238224_ses-1,0,-3.044589728116989,-2.9692561952397227,-3.119397819042206,-3.0444145807996392,0.0454592254265415
sub-S0001120241356_ses-1,0,-2.160406172275543,-1.7804933786392212,-1.724997639656067,-1.8886323968569438,0.13140048132605328
sub-S0001120241739_ses-1,0,0.47661644220352173,0.7114959806203842,1.4575716853141785,0.8818947027126948,0.7072146961310474
sub-S0001120246932_ses-1,0,-2.8528063967823982,-2.756152992078569,-3.362033799290657,-2.990331062717208,0.04786459987809831
sub-S0001120247751_ses-1,0,-1.261881172657013,-2.286950469017029,-1.0798299908638,-1.5428872108459473,0.17611595119043544
sub-S0001120248040_ses-1,0,-0.14137935638427734,0.0673983097076416,0.3492206931114197,0.09174654881159465,0.5229205617741269
sub-S0001120249550_ses-1,0,-0.9790909066796303,-0.2856593339238316,-1.4479918628931046,-0.9042473678321888,0.2881784446330114
sub-S0001120254443_ses-1,0,-1.9159295558929443,-1.6708354353904724,-1.9265385270118713,-1.8377678394317627,0.13731550020853944
sub-S0001120254517_ses-1,0,-4.848138451576233,-3.806520953774452,-5.61920540034771,-4.7579549352327986,0.008510101119609346
sub-S0001120257733_ses-2,0,-2.5631781183183193,-2.4136110590188764,-3.0313817858695984,-2.6693903210689314,0.06480390800686031
sub-S0001120258558_ses-1,0,-2.7470397353172302,-1.9158292412757874,-2.7883711457252502,-2.4837467074394226,0.07700548012309609
sub-S0001120258818_ses-1,0,-2.5915516316890717,-3.1134239733219147,-3.47957307100296,-3.061516225337982,0.044722881007015804
sub-S0001120265953_ses-1,0,-3.727567583322525,-4.1280440501868725,-3.926782786846161,-3.9274648067851863,0.01931319120783002
sub-S0001120266625_ses-1,0,-4.742120742797852,-4.5748589634895325,-3.7910276055336,-4.369335770606995,0.012501383586057272
sub-S0001120271629_ses-1,0,-3.0023360550403595,-2.1810340583324432,-1.9052322208881378,-2.362867444753647,0.08604841907955398
sub-S0001120276000_ses-1,0,1.3154248595237732,1.1332155466079712,0.8855614848434925,1.111400630325079,0.7523901400050625
sub-S0001120276437_ses-1,0,-4.035064846277237,-3.7506528347730637,-4.472550064325333,-4.086089248458545,0.01652708986556279
sub-S0001120276526_ses-1,0,-3.952655702829361,-3.8037708401679993,-3.3325034230947495,-3.69630998869737,0.024214055125655342
sub-S0001120277871_ses-1,0,-4.841832518577576,-3.6076364517211914,-4.909421414136887,-4.452963461478551,0.011509986824944916
sub-S0001120278049_ses-1,0,-2.540556311607361,-2.5578718781471252,-2.6704154014587402,-2.589614530404409,0.06980980973410943
sub-S0001120282668_ses-1,0,-1.8580827713012695,-0.7187328338623047,-1.1173170804977417,-1.2313775618871052,0.2259404111306657
sub-S0001120294366_ses-1,0,-3.8012037873268127,-3.268867015838623,-4.303791731595993,-3.791287511587143,0.022068518618354478
sub-S0001120294427_ses-1,0,-3.712801292538643,-3.627118797157891,-3.6003613471984863,-3.6467604789650068,0.02541281321730684
sub-S0001120297473_ses-1,0,1.803235486149788,1.0862439423799515,1.3510881066322327,1.4135225117206573,0.8043209417712655
sub-S0001120297915_ses-1,0,-1.4427488148212433,-0.12597143650054932,-1.2071958631277084,-0.925305371483167,0.2838781227111946
sub-S0001120309904_ses-1,0,-3.4919066429138184,-2.7965688705444336,-3.3026684522628784,-3.19704798857371,0.039276963458394036
sub-S0001120310394_ses-1,0,-4.247993469238281,-3.329310178756714,-4.580213308334351,-4.052505652109782,0.017081912169417478
sub-S0001120313187_ses-1,0,-1.1456774473190308,-1.1526868343353271,-0.03904759883880615,-0.7791372934977213,0.31450584884226923
sub-S0001120313686_ses-1,0,-2.5021992921829224,-1.5257147550582886,-1.7316854596138,-1.9198665022850037,0.12787645378751025
sub-S0001120313884_ses-1,0,2.1015782952308655,2.6032833456993103,2.6216779202222824,2.442179853717486,0.9199876945664203
sub-S0001120319746_ses-1,0,-1.0568541288375854,-0.702063798904419,-1.3174461722373962,-1.0254546999931335,0.263966253807613
sub-S0001120323613_ses-1,0,-5.298261284828186,-5.570347011089325,-5.586420834064484,-5.4850097099939985,0.004131355888817838
sub-S0001120328554_ses-1,0,-3.1650407910346985,-3.7013898491859436,-3.05987685918808,-3.308769166469574,0.03527157743725319
sub-S0001120331188_ses-1,0,-4.9619510769844055,-5.290050387382507,-4.732139229774475,-4.994713564713796,0.006728087254174198
sub-S0001120335891_ses-1,0,0.3149653673171997,-0.09311646223068237,-0.13887357711791992,0.02765844265619914,0.5069141698974171
sub-S0001120336599_ses-1,0,-3.3358682990074158,-3.353183150291443,-3.6534623503684998,-3.4475045998891196,0.030843364721370805
sub-S0001120336844_ses-1,0,2.639856219291687,3.2304608821868896,2.414798229932785,2.7617051104704538,0.9405710165197111
sub-S0001120346164_ses-1,0,-4.482061609625816,-4.741225855425,-4.871106032282114,-4.698131165777643,0.009030006516388028
sub-S0001120348225_ses-1,0,-1.9843921661376953,-1.8491442203521729,-1.3418251276016235,-1.7251205046971638,0.15121278538492286
sub-S0001120350211_ses-1,0,0.19502167403697968,0.13475817441940308,0.7414680421352386,0.35708263019720715,0.5883340381008844
sub-S0001120351284_ses-1,0,-3.148865520954132,-4.037517719902098,-1.852258175611496,-3.0128804721559086,0.0468473568528928
sub-S0001120352250_ses-1,0,-0.5842938125133514,-0.7693523019552231,-2.036781460046768,-1.1301425248384476,0.24413479941021812
sub-S0001120353227_ses-1,0,-4.188690185546875,-3.6268874406814575,-3.4831072092056274,-3.766228278477987,0.022615861092798027
sub-S0001120355536_ses-1,1,1.625533640384674,1.620911955833435,1.8233765959739685,1.6899407307306926,0.8442163652317582
sub-S0001120357631_ses-1,0,-2.9784761667251587,-1.932979941368103,-2.5889543294906616,-2.5001368125279746,0.07584858951109487
sub-S0001120357881_ses-1,0,-8.43910402059555,-12.461820751428604,-7.193641185760498,-9.364855319261551,8.567572751613475e-05
sub-S0001120358774_ses-1,0,-2.3419790267944336,-1.1797871589660645,-1.9673049449920654,-1.8296903769175212,0.13827516222296343
sub-S0001120362598_ses-1,0,-1.4314011335372925,-0.8348631858825684,-2.6429226398468018,-1.6363956530888875,0.16295610352866857
sub-S0001120364859_ses-1,0,-1.3412640690803528,-0.840864896774292,-0.9480500817298889,-1.0433930158615112,0.26049583998459275
sub-S0001120368343_ses-1,0,-1.355365812778473,-1.8348642587661743,-1.575473129749298,-1.5885677337646484,0.16958550218830304
sub-S0001120369288_ses-1,0,0.7078945636749268,0.9839609861373901,1.0255215913057327,0.9057923803726832,0.7121383825556595
sub-S0001120371456_ses-1,0,-2.857008695602417,-3.458342045545578,-3.08702689409256,-3.1341258784135184,0.041721339423598985
sub-S0001120373902_ses-1,0,-4.109610438346863,-4.413555979728699,-3.6610423922538757,-4.061402936776479,0.016933165782078336
sub-S0001120374795_ses-1,0,-0.33599942922592163,-0.8040494918823242,0.7274685502052307,-0.13752679030100504,0.46567239031859725
sub-S0001120374958_ses-1,0,-3.025521397590637,-2.4744086265563965,-2.56982958316803,-2.689919869105021,0.06357078832381319
sub-S0001120375705_ses-1,0,-1.6256250143051147,-1.8767610788345337,-1.7799136638641357,-1.760766585667928,0.14669435635538236
sub-S0001120377604_ses-1,0,1.2351119667291641,1.9150922252447344,1.2397538423538208,1.4633193447759065,0.812039835002493
sub-S0001120378159_ses-1,0,2.1912283897399902,2.201913967728615,2.5914895236492157,2.3282106270392737,0.9111866372590539
sub-S0001120378795_ses-1,0,-5.17386782169342,-5.142382983991411,-5.226022630929947,-5.180757812204926,0.005592293436676389
sub-S0001120379358_ses-1,0,-3.208816170692444,-3.1653897762298584,-3.6194756627082825,-3.331227203210195,0.03451531159110345
sub-S0001120379444_ses-1,0,-5.122720718383789,-6.696997165679932,-5.1620436906814575,-5.660587191581726,0.0034684009195187888
sub-S0001120380970_ses-1,0,-2.149885594844818,-1.6562599837779999,-2.073173999786377,-1.959773192803065,0.12349159540221061
sub-S0001120383560_ses-1,0,-2.06523460149765,-1.6200703382492065,-2.701646566390991,-2.1289838353792825,0.10631149821309353
sub-S0001120383596_ses-1,0,-1.3354036137461662,-0.9511917009949684,-0.7212104201316833,-1.0026019116242726,0.26843016214983284
sub-S0001120384710_ses-1,0,-4.937337040901184,-4.597679376602173,-5.363236725330353,-4.96608438094457,0.006922138064987403
sub-S0001120385300_ses-1,0,-0.9457738399505615,-0.32928603887557983,-0.5913718342781067,-0.6221439043680826,0.34929401101794183
sub-S0001120385725_ses-1,0,2.034341871738434,1.8297432363033295,1.7427618280053139,1.868948978682359,0.866336618698068
sub-S0001120391623_ses-1,0,-4.4997094720602036,-4.2032540291547775,-4.4903596341609955,-4.397774378458659,0.012155129878642505
sub-S0001120392145_ses-1,0,-0.9809578061103821,-0.8604606688022614,-1.3780576288700104,-1.0731587012608845,0.2548028507792234
sub-S0001120393509_ses-1,0,-7.116894006729126,-10.43849229812622,-6.379566073417664,-7.9783174594243365,0.000342698256575872
sub-S0001120402301_ses-1,0,-4.442938715219498,-5.6138492822647095,-5.341913551092148,-5.132900516192119,0.005864825166319329
sub-S0001120407323_ses-1,0,-1.5238376259803772,-1.149470329284668,-2.1005799174308777,-1.5912959575653076,0.16920164290102085
sub-S0001120409024_ses-1,0,2.1436344385147095,1.9020583182573318,2.008306384086609,2.01799971361955,0.8826740167856156
sub-S0001120409260_ses-1,0,-3.4653857946395874,-4.899373829364777,-3.2651862800121307,-3.876648634672165,0.02029954022905064
sub-S0001120409274_ses-1,0,-2.216833680868149,-1.3423764035105705,-1.5707789063453674,-1.7099963302413623,0.15316419175023863
sub-S0001120410335_ses-1,0,-3.5321187376976013,-4.009215709986165,-3.3543041609227657,-3.6318795362021774,0.025783984030597108
sub-S0001120412197_ses-1,0,0.29317981004714966,-0.02755141258239746,0.1382920742034912,0.1346401572227478,0.5336092822952069
sub-S0001120412309_ses-1,0,1.8164717555046082,1.830761432647705,2.158633053302765,1.9352887471516926,0.8738336495279216
sub-S0001120413990_ses-1,0,-4.044260919094086,-3.75602787733078,-3.493683695793152,-3.764657497406006,0.02265060828926279
sub-S0001120414834_ses-1,0,-0.8681603074073792,-0.5127250552177429,0.0035599470138549805,-0.45910847187042236,0.387197340411316
sub-S0001120415443_ses-1,0,-2.4875982999801636,-2.608533635735512,-1.6166093945503235,-2.2375804434219995,0.0964261474354613
sub-S0001120418781_ses-1,1,0.978092610836029,0.7705288827419281,1.0661002397537231,0.9382405777772268,0.7187441253641681
sub-S0001120419464_ses-1,0,-3.519883632659912,-3.1967852115631104,-4.467632159590721,-3.7281003346045813,0.023474174567858132
sub-S0001120426940_ses-1,0,1.3939352631568909,1.5765539929270744,1.4592340886592865,1.4765744482477505,0.8140546137080378
sub-S0001120427113_ses-1,0,-2.1274665147066116,-2.627880884334445,-1.8453589901328087,-2.2002354630579553,0.09972934645227066
sub-S0001120433153_ses-1,0,-3.3450772166252136,-2.9204564690589905,-3.675947278738022,-3.313826988140742,0.03509987639605998
sub-S0001120434928_ses-1,0,-0.713157594203949,-0.7778441905975342,-0.3621922507882118,-0.617731345196565,0.35029759722024545
sub-S0001120436079_ses-1,0,-4.447369158267975,-3.191628873348236,-4.4353251457214355,-4.024774392445882,0.017553812776249792
sub-S0001120440759_ses-3,1,1.139648199081421,1.5435736179351807,1.5408344268798828,1.4080187479654949,0.8034532600953586
sub-S0001120441285_ses-1,0,-3.382993757724762,-2.6056401431560516,-3.7794416546821594,-3.256025185187658,0.03711098333182192
sub-S0001120447257_ses-1,0,-5.920430660247803,-6.110651314258575,-5.445582985877991,-5.825554986794789,0.0029424820871048105
sub-S0001120448976_ses-1,0,0.3484667241573334,0.5680315867066383,-0.10353884100914001,0.27098648995161057,0.5673350707626346
sub-S0001120451201_ses-1,0,-3.9352674782276154,-4.7130797654390335,-3.4156364649534225,-4.021327902873357,0.0176133487545111
sub-S0001120453412_ses-1,0,-1.995832920074463,-1.5580832958221436,-1.726064920425415,-1.7599937121073406,0.14679112731726898
sub-S0001120455885_ses-1,0,-2.277087092399597,-0.2741154432296753,-0.9649630784988403,-1.1720552047093709,0.2364836972899839
sub-S0001120462520_ses-1,0,-4.439676582813263,-3.6494747698307037,-4.54029968380928,-4.209817012151082,0.014631816204872231
sub-S0001120472055_ses-1,0,-1.9748061895370483,-1.591512680053711,-0.3652549386024475,-1.3105246027310689,0.21239907234342478
sub-S0001120476975_ses-1,0,-6.4009678438305855,-6.499615177395754,-5.346909821033478,-6.082497614086606,0.0022772710016390725
sub-S0001120481770_ses-1,0,-0.5291662588715553,-1.713519860059023,0.3290824294090271,-0.6378678965071837,0.3457286631959022
sub-S0001120484089_ses-1,0,-3.144678696990013,-3.050950590753928,-3.5971860885620117,-3.2642717921019844,0.03681742333358799
sub-S0001120486675_ses-1,0,-2.439807265996933,-2.3441303819417953,-2.365445241332054,-2.3831276297569275,0.08446838070495531
sub-S0001120486897_ses-1,1,1.4930942952632904,1.5533416755497456,1.5988040566444397,1.5484133424858253,0.8246844510461452
sub-S0001120489243_ses-1,0,-1.9341383874416351,-2.042151153087616,-1.6119039207696915,-1.8627311537663143,0.13438503123093778
sub-S0001120489504_ses-1,0,-3.403413861989975,-3.2382282316684723,-3.8601863384246826,-3.5006094773610434,0.02929489425136816
sub-S0001120490086_ses-1,0,-2.2716660499572754,-2.1352481842041016,-2.658831238746643,-2.35524849096934,0.08664949757700426
sub-S0001120490639_ses-1,1,3.317330479621887,3.3237226009368896,3.325514256954193,3.3221891125043235,0.9651822326296666
sub-S0001120490865_ses-1,0,-1.916290819644928,-1.6719159483909607,-1.5588543713092804,-1.7156870464483898,0.15242753381013557
sub-S0001120496918_ses-1,0,0.4850924164056778,0.245031476020813,0.6695621013641357,0.46656199793020886,0.6145697052853584
sub-S0001120498596_ses-1,0,-2.7526087760925293,-2.4425967931747437,-2.624654710292816,-2.6066200931866965,0.06871357575987203
sub-S0001120500572_ses-1,0,-2.4290347397327423,-3.957562808820512,-3.0075005292892456,-3.1313660259475,0.04183181983570503
sub-S0001120503019_ses-1,0,-3.2930223047733307,-2.9952957034111023,-3.2814710922539234,-3.1899297001461187,0.03954644963068695
sub-S0001120504818_ses-1,0,-2.4822195172309875,-1.7696481347084045,-2.624615430831909,-2.2921610275904336,0.0917742655257528
sub-S0001120506471_ses-2,0,-1.3096963763237,-1.1000974774360657,-0.9838541746139526,-1.131216009457906,0.24393676048771795
sub-S0001120507300_ses-1,0,-0.9206973314285278,-1.5316264629364014,-1.3467845022678375,-1.2663694322109222,0.21987937884627767
sub-S0001120509308_ses-1,0,-2.495596170425415,-1.923200850316789,-2.7677431106567383,-2.3955133771329806,0.08351546436768667
sub-S0001120511586_ses-1,0,-2.309288829565048,-2.794509671162814,-2.264557346701622,-2.456118615809828,0.07899225645952351
sub-S0001120515792_ses-1,0,-3.384096473455429,-3.651119649410248,-3.912275478243828,-3.6491638670365014,0.02535335634594191
sub-S0001120517150_ses-1,0,-2.591112971305847,-2.475580655038357,-1.7279179245233536,-2.2648705169558525,0.0940744603338423
sub-S0001120518360_ses-1,0,-2.5498436093330383,-2.519203409552574,-2.426284857094288,-2.498443958659967,0.07596733632146882
sub-S0001120521094_ses-1,0,-3.321695864200592,-3.137866973876953,-3.293752998113632,-3.2511052787303925,0.03728719101454303
sub-S0001120522125_ses-1,1,-1.1083332300186157,-1.2372982501983643,-1.0008712708950043,-1.115500917037328,0.24684677055898746
sub-S0001120522425_ses-1,0,-3.5042766332626343,-2.906403660774231,-4.037878558039665,-3.482852950692177,0.02980407372238881
sub-S0001120524723_ses-1,0,-3.3849325627088547,-3.0616828249185346,-2.4776390173938125,-2.9747514683404006,0.048579640110060815
sub-S0001120526774_ses-1,0,-5.065079882740974,-4.998384884558618,-5.011897698044777,-5.0251208217814565,0.006527899081440829
sub-S0001120527660_ses-1,0,2.3058876991271973,2.3339501917362213,2.373691582120955,2.337843157661458,0.9119630738027609
sub-S0001120528040_ses-1,0,-3.6586036682128906,-4.20637571811676,-2.775315135717392,-3.5467648406823478,0.028010519639971764
sub-S0001120531112_ses-1,0,-4.353928089141846,-4.814488530158997,-4.478278398513794,-4.548898339271545,0.01046811166587663
sub-S0001120532758_ses-1,0,-2.345570385456085,-3.1181374192237854,-2.0441670566797256,-2.502624953786532,0.07567436576069331
sub-S0001120535122_ses-1,0,-6.420199692249298,-6.546976387500763,-6.728439211845398,-6.565205097198486,0.0014065538543071706
sub-S0001120538156_ses-1,0,-4.868286162614822,-4.66653192503145,-5.308208525180817,-4.94767553760903,0.0070498400861434395
sub-S0001120540535_ses-1,0,-1.2064162194728851,-1.4440033473074436,-0.8353261798620224,-1.1619152488807838,0.23831944865735574
sub-S0001120542225_ses-1,0,-3.2277204245328903,-2.8733756691217422,-3.23054688423872,-3.1105476592977843,0.042674264994256764
sub-S0001120544140_ses-1,0,0.7195473909378052,0.7644778192043304,0.9982356131076813,0.8274202744166056,0.695809184274333
sub-S0001120545987_ses-1,0,-3.0769360065460205,-3.4199917018413544,-3.2805494545027614,-3.259159054296712,0.036999160715859805
sub-S0001120548848_ses-1,0,-4.828777968883514,-4.562609821557999,-4.80295330286026,-4.731447031100591,0.008736705327542059
sub-S0001120554627_ses-1,1,-0.2937771677970886,-0.07422736519947648,0.2831934094429016,-0.02827037451788783,0.492932877042937
sub-S0001120556988_ses-1,0,-1.9596302658319473,-2.9791614497080445,-1.963331202045083,-2.300707639195025,0.09106437159769411
sub-S0001120557243_ses-1,0,-1.7953202724456787,-2.1760193407535553,-1.6937412023544312,-1.8883602718512218,0.13143154326438097
sub-S0001120557658_ses-1,0,-2.2785972356796265,-3.046475738286972,-3.7241243720054626,-3.0163991153240204,0.04669049028124557
sub-S0001120559275_ses-1,0,-1.3951871395111084,-1.75052872300148,-1.856597177684307,-1.6674376800656319,0.15876610167880192
sub-S0001120559785_ses-1,0,-4.136883080005646,-4.0053306221961975,-4.8314169049263,-4.324543535709381,0.013066595720756979
sub-S0001120560474_ses-1,0,-2.1227132081985474,-2.5042725801467896,-0.8955520987510681,-1.8408459623654683,0.13695127281508732
sub-S0001120563460_ses-1,0,-3.3797695636749268,-3.3770517110824585,-2.508407548069954,-3.088409607609113,0.04358788710184614
sub-S0001120563893_ses-1,0,-2.876626670360565,-3.0937666296958923,-2.7352044582366943,-2.9018659194310508,0.05206140106309364
sub-S0001120565090_ses-1,0,0.557489275932312,0.5565537214279175,0.1970807909965515,0.4370412627855937,0.6075537975167511
sub-S0001120566469_ses-1,0,-3.324399709701538,-2.686355769634247,-3.499193012714386,-3.16998283068339,0.040311079631305945
sub-S0001120567479_ses-1,0,-2.969773590564728,-1.7411130666732788,-2.8504414558410645,-2.52044270435969,0.07443743863540958
sub-S0001120567585_ses-1,0,-3.84977126121521,-2.9924744367599487,-3.522964656352997,-3.455070118109385,0.030618016788299316
sub-S0001120570420_ses-1,0,1.432117521762848,1.7515836656093597,0.4142087697982788,1.1993033190568287,0.7684008246475982
sub-S0001120573023_ses-1,1,1.7399408221244812,1.3970623537898064,1.422624409198761,1.5198758617043495,0.8205201998703242
sub-S0001120575396_ses-1,0,-3.3829156160354614,-2.6220988631248474,-3.2074919939041138,-3.0708354910214744,0.044326421383785196
sub-S0001120577245_ses-2,1,3.355740785598755,3.3591529428958893,3.2585875019431114,3.324493743479252,0.9652595979083766
sub-S0001120578669_ses-1,0,-2.4521485567092896,-1.8608901500701904,-1.6253005266189575,-1.9794464111328125,0.12137786315683274
sub-S0001120584279_ses-1,0,-0.320675253868103,0.7685397267341614,0.6210567951202393,0.35630708932876587,0.5881461914940624
sub-S0001120586263_ses-1,1,0.9486467242240906,0.9133733464987017,0.5127735693240538,0.7915978800156154,0.6881743233910149
sub-S0001120587834_ses-1,0,0.45651814341545105,-0.5762355373590253,-0.021037667989730835,-0.04691835397776837,0.48827256275847997
sub-S0001120591362_ses-1,1,-1.5404834747314453,-0.6476415395736694,-0.5167860984802246,-0.9016370375951132,0.2887142018548666
sub-S0001120592076_ses-1,1,2.420707046985626,2.7293078899383545,2.793858766555786,2.647957901159922,0.9338850152420045
sub-S0001120595221_ses-1,0,-9.712414622306824,-8.746311664581299,-6.7618014216423035,-8.406842569510141,0.00022328403922872633
sub-S0001120596213_ses-1,0,0.3657847046852112,0.7045627534389496,1.290297269821167,0.7868815759817759,0.6871613525875285
sub-S0001120598778_ses-1,0,-2.276357352733612,-2.4351606369018555,-2.663654088973999,-2.458390692869822,0.07882711525777991
sub-S0001120599925_ses-1,0,-2.9011117815971375,-3.0572178959846497,-3.207913398742676,-3.055414358774821,0.04498429490296134
sub-S0001120601077_ses-1,0,-3.2825151681900024,-2.8851265907287598,-2.8024383783340454,-2.9900267124176025,0.047878472119630214
sub-S0001120602680_ses-1,0,-3.936534881591797,-4.444651126861572,-3.956444263458252,-4.11254342397054,0.016102559595139707
sub-S0001120602693_ses-1,0,-3.1054986119270325,-3.741986572742462,-3.2957581281661987,-3.3810811042785645,0.03289198738587095
sub-S0001120607244_ses-1,0,-1.1757043600082397,-1.5326013565063477,-0.6944475769996643,-1.134251097838084,0.24337742935619572
sub-S0001120609277_ses-1,0,-1.3831132650375366,-1.4255168437957764,-1.1077543497085571,-1.3054614861806233,0.21324729270221437
sub-S0001120614911_ses-1,0,-6.597997307777405,-7.226817429065704,-6.356783926486969,-6.727199554443359,0.0011964496645319091
sub-S0001120616948_ses-1,0,-1.5928418338298798,-1.8305523991584778,-1.943747840821743,-1.7890473579367001,0.14318955989640883
sub-S0001120619911_ses-1,0,-3.9640122056007385,-3.8482139110565186,-4.278130114078522,-4.030118743578593,0.01746188307271626
sub-S0001120621983_ses-1,0,1.0605610460042953,2.02214378118515,1.5373048186302185,1.5400032152732213,0.823465192626503
sub-S0001120626186_ses-1,0,-2.310177594423294,-1.196881741285324,-2.086950957775116,-1.8646700978279114,0.13415964206672135
sub-S0001120633409_ses-1,0,1.8875734359025955,2.6839384138584137,1.6249521970748901,2.0654880156119666,0.8875032664374164
sub-S0001120636243_ses-1,0,1.6428971886634827,1.357852727174759,1.7988666146993637,1.5998721768458684,0.8320005193270121
sub-S0001120637581_ses-1,0,-5.035746216773987,-4.7933312356472015,-4.776866838335991,-4.86864809691906,0.007625156186352679
sub-S0001120639390_ses-1,0,-1.9020490050315857,-1.6402520537376404,-2.3358646631240845,-1.9593885739644368,0.12353323312108733
sub-S0001120640586_ses-1,0,-2.3608564734458923,-2.8724537789821625,-1.1295381970703602,-2.120949483166138,0.10707725489726892
sub-S0001120640751_ses-2,1,3.133990854024887,2.6814034432172775,2.3761450350284576,2.730513110756874,0.9388033228747393
sub-S0001120642168_ses-1,0,-5.421600043773651,-5.71949964761734,-5.486329048871994,-5.542476246754329,0.0039015342264007093
sub-S0001120648160_ses-1,0,-3.1159844398498535,-4.132507652044296,-4.156973414123058,-3.8018218353390694,0.02184231308520121
sub-S0001120648438_ses-1,0,-4.949346899986267,-4.164526462554932,-3.8797608017921448,-4.3312113881111145,0.012980886628876179
sub-S0001120648666_ses-1,0,-7.278498828411102,-8.101251304149628,-5.59700184315443,-6.99225065857172,0.0009181321600834216
sub-S0001120650017_ses-1,0,-2.009960889816284,-1.8822555541992188,-1.967498779296875,-1.9532384077707927,0.12420067191134636
sub-S0001120652285_ses-1,0,-1.0293614864349365,-0.5706965923309326,-0.1277562975883484,-0.5759381254514059,0.35986776551141053
sub-S0001120656107_ses-1,0,-0.36078590154647827,-0.7081100046634674,-0.5694360136985779,-0.5461106399695078,0.3667672401138694
sub-S0001120656196_ses-1,1,1.4764217138290405,0.9685680568218231,1.3997668623924255,1.281585544347763,0.7827195502782304
sub-S0001120656742_ses-1,0,-1.0076245069503784,-1.7226882800459862,-1.0150317996740341,-1.2484481955567996,0.22296887919202668
sub-S0001120663455_ses-1,0,-1.569409430027008,-1.5289922654628754,-1.6336231976747513,-1.5773416310548782,0.17117230144073856
sub-S0001120665461_ses-1,0,-2.477357268333435,-1.355357050895691,-2.1876217126846313,-2.006778677304586,0.11849303952594908
sub-S0001120666945_ses-1,0,-5.682956427335739,-6.183985434472561,-5.25560000911355,-5.70751395697395,0.003309926242283076
sub-S0001120667434_ses-1,0,-3.857649028301239,-3.652819871902466,-3.354830414056778,-3.6217664380868277,0.02603923863615737
sub-S0001120669136_ses-1,0,0.09605920314788818,0.31964266300201416,0.49572646617889404,0.3038094441095988,0.575373501948257
sub-S0001120669813_ses-1,0,-5.80566143989563,-5.5065813064575195,-5.695462107658386,-5.669234951337178,0.003438639032120475
sub-S0001120670364_ses-1,0,-0.22525078058242798,-0.8195641413331032,-0.4887482775375247,-0.5111877331510186,0.3749151344551377
sub-S0001120670482_ses-1,1,0.7056800723075867,0.592631995677948,0.5341359376907349,0.6108160018920898,0.6481269206652724
sub-S0001120671069_ses-1,0,-4.955839991569519,-4.64674761146307,-5.027524456381798,-4.876704019804795,0.007564438080493634
sub-S0001120671314_ses-1,0,-1.7230886220932007,-1.8308579921722412,-0.8189772367477417,-1.4576412836710613,0.1888283498458039
sub-S0001120672470_ses-1,0,-5.136916562914848,-4.509426956006791,-4.881719119846821,-4.842687546256154,0.007824132216195946
sub-S0001120672848_ses-1,0,-5.173446416854858,-4.612893104553223,-5.498324364423752,-5.094887961943944,0.006090669583256571
sub-S0001120673661_ses-2,0,0.9269034117460251,0.906644843518734,0.2938689589500427,0.7091390714049339,0.6702108981605845
sub-S0001120675303_ses-1,0,-3.4036166965961456,-4.205578364431858,-4.639871187508106,-4.08302208284537,0.01657701740523711
sub-S0001120677146_ses-1,0,-4.692910194396973,-5.392162685224321,-4.17941752076149,-4.754830133460928,0.008536507728839982
sub-S0001120681273_ses-1,0,-3.229712128639221,-2.749377727508545,-2.7186644673347473,-2.8992514411608377,0.052190579421004926
sub-S0001120683024_ses-1,0,-1.1452307254076004,-1.2320014610886574,-1.4799016267061234,-1.2857112710674603,0.21657960727155093
sub-S0001120683266_ses-1,0,-0.08032101392745972,-0.26091814041137695,-0.2990201711654663,-0.21341977516810098,0.44684665559641473
sub-S0001120683395_ses-1,0,-4.331589728593826,-4.366678982973099,-4.945047661662102,-4.547772124409676,0.01047978403060423
sub-S0001120685696_ses-1,0,-5.427666455507278,-5.409481480717659,-4.9272622019052505,-5.254803379376729,0.005195241528100722
sub-S0001120685815_ses-1,0,-4.577013611793518,-4.4224457666277885,-4.120334059000015,-4.373264479140441,0.01245297606457473
sub-S0001120686175_ses-1,0,-5.907739639282227,-6.419054388999939,-5.708794265985489,-6.011862764755885,0.0024435355547430186
sub-S0001120688704_ses-1,0,4.551742970943451,5.358908832073212,5.284028768539429,5.064893523852031,0.9937250405342374
sub-S0001120694634_ses-1,1,-0.16176819801330566,0.49890804290771484,0.37055110931396484,0.23589698473612467,0.5587022792815524
sub-S0001120695798_ses-1,0,-3.259252190589905,-3.6757874488830566,-2.8818479776382446,-3.272295872370402,0.036533929354941305
sub-S0001120701496_ses-1,1,-1.7138985991477966,-1.2642910480499268,-1.3954700231552124,-1.457886556784312,0.18879078368974492
sub-S0001120702680_ses-1,0,-5.314108908176422,-4.9873038828372955,-5.336827963590622,-5.2127469182014465,0.005417185763941612
sub-S0001120707123_ses-1,0,-3.793067216873169,-2.837814301252365,-3.9508254528045654,-3.5272356569767,0.028547149201767135
sub-S0001120712738_ses-1,0,-2.600425601005554,-2.8580719749443233,-3.4200071580708027,-2.9595015780068934,0.04928935685073661
sub-S0001120719402_ses-1,0,2.4202895835042,2.3720118701457977,2.8197812885046005,2.5373609140515327,0.9267198074136912
sub-S0001120720639_ses-1,0,-0.6143015623092651,-0.029386281967163086,0.005740642547607422,-0.21264906724294028,0.44703716290837925
sub-S0001120724719_ses-1,0,-3.4710546135902405,-3.840589165687561,-2.911295473575592,-3.407646417617798,0.032057348007521684
sub-S0001120725602_ses-1,0,-3.6739748120307922,-3.858536183834076,-4.0785471349954605,-3.870352710286776,0.02042512911283581
sub-S0001120728409_ses-1,0,-3.369649589061737,-2.5024611949920654,-2.928518235683441,-2.933543006579081,0.05052010371839031
sub-S0001120730798_ses-1,1,1.123570442199707,0.909217581152916,0.7552648186683655,0.9293509473403295,0.7169435882288714
sub-S0001120731251_ses-1,0,-3.013741910457611,-2.6503291726112366,-3.396375834941864,-3.020148972670237,0.04652386573066384
sub-S0001120731362_ses-1,0,0.8477082848548889,0.5625951290130615,0.43771713972091675,0.6160068511962891,0.649309825335179
sub-S0001120732631_ses-1,0,-4.75100702047348,-4.560599207878113,-5.496480762958527,-4.9360289971033735,0.007131837331124025
sub-S0001120733564_ses-1,0,-1.1019097566604614,-1.0753472447395325,-1.0495383888483047,-1.0755984634160995,0.2543398699425597
sub-S0001120739083_ses-1,0,-1.8925676941871643,-1.732628583908081,-1.8033112287521362,-1.8095025022824605,0.1406982635826391
sub-S0001120740445_ses-1,0,-4.683597207069397,-4.576976373791695,-5.2276754304766655,-4.829416337112586,0.00792783130347272
sub-S0001120741409_ses-1,0,-1.8646886125206947,-1.3013581857085228,-2.132222607731819,-1.7660898019870122,0.1460292745071324
sub-S0001120745788_ses-1,0,-2.9606711864471436,-2.374983534216881,-2.2625380754470825,-2.5327309320370355,0.07359523749151896
sub-S0001120747382_ses-1,0,1.309930756688118,1.1139792730100453,1.0860195010900497,1.1699765102627377,0.7631407698201825
sub-S0001120751683_ses-1,0,-4.207522213459015,-4.577986627817154,-4.054828926920891,-4.28011258939902,0.013652142912289451
sub-S0001120752810_ses-1,0,2.3371298909187317,2.442266821861267,1.959635078907013,2.2463439305623374,0.9043347031668831
sub-S0001120754677_ses-1,1,2.04235702753067,3.61984059214592,2.5003916770219803,2.7208630988995233,0.9382465605649016
sub-S0001120757181_ses-1,0,-3.6711712330579758,-4.3954227194190025,-2.8827211931347847,-3.649771715203921,0.02533834040785753
sub-S0001120758396_ses-1,0,-0.5761788561940193,-1.2656201170175336,-0.7688807845115662,-0.8702265859077064,0.29520715637509914
sub-S0001120762266_ses-1,0,-4.92305451631546,-3.9784606397151947,-4.540968641638756,-4.48082793255647,0.011197235859612551
sub-S0001120763800_ses-1,0,-2.034232974052429,-1.2929458618164062,-1.4111075401306152,-1.579428791999817,0.17087639421717682
sub-S0001120765385_ses-1,0,-4.3503976464271545,-4.186590269207954,-4.763422638177872,-4.433470184604327,0.011733896760478169
sub-S0001120768028_ses-1,0,-1.7645475715398788,-2.212758034467697,-1.1845723390579224,-1.7206259816884995,0.15179055083312884
sub-S0001120770645_ses-1,0,-7.054763317108154,-5.827282786369324,-6.110840320587158,-6.3309621413548784,0.0017771561186544632
sub-S0001120771030_ses-1,1,4.746637344360352,5.304729580879211,5.0405967235565186,5.030654549598694,0.9935078908994963
sub-S0001120773077_ses-2,0,-5.878800332546234,-5.382597118616104,-5.473784118890762,-5.578393856684367,0.003764405374494311
sub-S0001120773164_ses-1,0,-4.8161314725875854,-4.329198718070984,-4.725845098495483,-4.6237250963846845,0.00972074135261297
sub-S0001120775739_ses-1,0,-1.4699519872665405,-1.632246732711792,-2.3578846752643585,-1.8200277984142303,0.13943053740587158
sub-S0001120780724_ses-1,0,-0.38858941197395325,-0.6957698464393616,-0.5031327307224274,-0.5291639963785807,0.37071189370235424
sub-S0001120782142_ses-1,0,0.7705515176057816,1.2278439700603485,0.8551047295331955,0.9511667390664419,0.7213497581296402
sub-S0001120782734_ses-1,0,-5.338506311178207,-5.517325013875961,-5.459251672029495,-5.438360999027888,0.004327790339784701
sub-S0001120783234_ses-1,0,-4.186331808567047,-3.3113052248954773,-4.37687873840332,-3.9581719239552817,0.018740096713664747
sub-S0001120783402_ses-1,0,-0.5144124031066895,-0.24631738662719727,0.33152779936790466,-0.14306733012199402,0.4642940499285253
sub-S0001120783470_ses-1,0,-0.4993727207183838,-0.2889094352722168,-0.17456573247909546,-0.32094929615656537,0.42044441454070053
sub-S0001120783618_ses-1,0,1.8672586381435394,1.681093679741025,1.6632398068904877,1.7371973749250174,0.8503307300168905
sub-S0001120783770_ses-1,1,2.611583709716797,3.5701487064361572,2.853105664253235,3.0116126934687295,0.953096000895299
sub-S0001120785808_ses-1,0,-5.302688479423523,-5.121982455253601,-4.574324816465378,-4.999665250380834,0.006695076726259244
sub-S0001120790760_ses-1,0,-4.70124739408493,-3.9331082105636597,-4.585054665803909,-4.406470090150833,0.012051158857223888
sub-S0001120792183_ses-1,0,3.348435491323471,3.30040380358696,3.6224985122680664,3.4237792690594993,0.968439487608823
sub-S0001120792646_ses-1,0,-5.489521771669388,-5.20208565890789,-4.9101307913661,-5.20057940731446,0.0054831384432327615
sub-S0001120795938_ses-1,0,-3.5414135456085205,-4.089605085551739,-3.6836210191249847,-3.7715465500950813,0.022498601955921908
sub-S0001120796578_ses-1,0,-0.395365834236145,-0.6335272789001465,0.6711969375610352,-0.11923205852508545,0.47022724850474545
sub-S0001120800714_ses-1,0,-0.5327199697494507,-0.9207450151443481,-0.02791571617126465,-0.4937935670216878,0.3790003082801783
sub-S0001120803023_ses-1,1,-0.33067387342453003,-0.19225794076919556,-0.08936867117881775,-0.20410016179084778,0.44915135343564955
sub-S0001120803473_ses-1,0,-2.9336532652378082,-2.8844298273324966,-3.221811458468437,-3.0132981836795807,0.04682870844322904
sub-S0001120808287_ses-1,0,-4.214203715324402,-3.6588699892163277,-4.197912931442261,-4.02366221199433,0.01757300337552098
sub-S0001120813401_ses-1,0,-4.282938838005066,-4.901845323853195,-3.8067853339016438,-4.330523165253301,0.01298970736002929
sub-S0001120815415_ses-1,0,-1.9249604046344757,-1.5610914826393127,-2.126578986644745,-1.8708769579728444,0.13344028379564293
sub-S0001120817454_ses-1,0,-3.80703604221344,-3.830459237098694,-3.867271766066551,-3.834922348459562,0.02114619433970111
sub-S0001120818000_ses-2,0,-5.108168125152588,-5.4692869782447815,-5.2265825271606445,-5.268012543519338,0.005127417533298062
sub-S0001120821892_ses-1,0,0.4451955705881119,0.5187159925699234,0.4982531666755676,0.4873882432778676,0.619490976491287
sub-S0001120825890_ses-1,0,-1.9867735505104065,-1.8771169781684875,-0.9202556908130646,-1.5947154064973195,0.1687215061710424
sub-S0001120827384_ses-1,0,-2.7839441895484924,-4.133012056350708,-2.611148178577423,-3.1760348081588745,0.040077602499035477
sub-S0001120827718_ses-1,0,1.6654858589172363,2.1200681924819946,2.6768816113471985,2.1541452209154763,0.8960554972752728
sub-S0001120828748_ses-1,0,-2.797909200191498,-3.955072320997715,-3.2439604699611664,-3.3323139970501265,0.03447911358352736
sub-S0001120830792_ses-1,0,2.503746837377548,2.475492149591446,3.1548307090997696,2.7113565653562546,0.9376934522689205
sub-S0001120832749_ses-1,0,-1.5232453346252441,-1.329310417175293,-0.4588240385055542,-1.1037932634353638,0.24902982601303333
sub-S0001120836364_ses-1,0,-4.083607614040375,-3.672765139490366,-4.288086548447609,-4.014819767326117,0.017726314045167516
sub-S0001120838667_ses-1,0,-3.9111725091934204,-4.162384882569313,-3.9343676269054413,-4.002641672889392,0.0179396102335291
sub-S0001120846313_ses-1,0,-0.3931015431880951,-0.17189234867691994,-0.6031410694122314,-0.3893783204257488,0.403866966358161
sub-S0001120849809_ses-1,0,-2.9515364170074463,-3.7704588220804,-2.8929218649864197,-3.2049723680247553,0.03897903196714294
sub-S0001120850184_ses-1,0,-2.2018827199935913,-1.5080296993255615,-2.7597732543945312,-2.1565618912378945,0.10371962929059737
sub-S0001120852726_ses-1,0,-1.3748498558998108,-1.4672600030899048,-2.2789472341537476,-1.707019031047821,0.15355076100924583
sub-S0001120855019_ses-1,0,-1.177562952041626,-2.0144036039710045,-0.9178802520036697,-1.3699489360054333,0.202628096712955
sub-S0001120858216_ses-1,0,-2.5863378047943115,-1.844687819480896,-2.442104697227478,-2.291043440500895,0.0918674608737319
sub-S0001120860145_ses-1,0,-4.718569397926331,-3.9779131412506104,-4.240135550498962,-4.312206029891968,0.013226658016958071
sub-S0001120861585_ses-1,0,-8.554542168974876,-12.967321056872606,-8.255996078252792,-9.925953101366758,4.888685608081368e-05
sub-S0001120862456_ses-1,0,-4.807044446468353,-4.553957283496857,-4.340480744838715,-4.567160824934642,0.010280620549194782
sub-S0001120869188_ses-1,1,3.4485388845205307,3.3848596662282944,4.05756426602602,3.6303209389249482,0.9741768363489377
sub-S0001120870702_ses-1,0,-3.6248366236686707,-3.6612857580184937,-2.835034191608429,-3.3737188577651978,0.03312698831554046
sub-S0001120873485_ses-3,0,-4.042900919914246,-4.057154983282089,-3.4828445315361023,-3.860966811577479,0.020613769371662677
sub-S0001120883535_ses-1,0,-4.33754139393568,-3.056798877660185,-4.27659247815609,-3.890310916583985,0.020029605321449664
sub-S0001120889962_ses-1,0,-4.271939337253571,-4.2139003202319145,-4.690118461847305,-4.3919860397775965,0.012224829299771206
sub-S0001120890053_ses-1,0,-2.6593580842018127,-2.6457510590553284,-2.618282452225685,-2.6411305318276086,0.06653778325132721
sub-S0001120890533_ses-1,0,-6.340981125831604,-5.880904480814934,-6.171199634671211,-6.131028413772583,0.002169626172529363
sub-S0001120892281_ses-2,0,-3.774716854095459,-3.339009404182434,-3.172193169593811,-3.428639809290568,0.031412290443336766
sub-S0001120894407_ses-1,1,3.770776867866516,4.3414371609687805,4.463764190673828,4.191992739836375,0.9851089625712863
sub-S0001120894795_ses-1,0,-6.119532436132431,-6.622120067477226,-5.750295996665955,-6.163982833425204,0.0020994403271237133
sub-S0001120897408_ses-1,0,-1.0684245824813843,-0.9264933466911316,-0.389525830745697,-0.7948145866394043,0.31113582033659043
sub-S0001120901165_ses-1,0,-5.117044396698475,-4.598694006446749,-4.926831007003784,-4.880856470049669,0.0075333283921742555
sub-S0001120902286_ses-1,0,-1.0441715717315674,-1.3830214738845825,-1.654369592666626,-1.360520879427592,0.20415565877112055
sub-S0001120903503_ses-1,0,-3.0451695322990417,-3.167416512966156,-2.791989505290985,-3.0015251835187278,0.04735701802192478
sub-S0001120904243_ses-1,0,-5.444706439971924,-4.8884157538414,-4.515316307544708,-4.949479500452678,0.00703722331702735
sub-S0001120905736_ses-1,0,-0.1856898069381714,0.868998110294342,0.7067027688026428,0.4633370240529378,0.6138055118290041
sub-S0001120911044_ses-1,0,-0.6830312758684158,-1.3197988644242287,-0.5699638575315475,-0.8575979992747307,0.29784143661812545
sub-S0001120912228_ses-1,0,-3.211165100336075,-3.129488430917263,-3.450476199388504,-3.2637099102139473,0.036837353919779776
sub-S0001120913582_ses-1,0,-3.640560060739517,-3.730167206376791,-3.879806697368622,-3.7501779881616435,0.022973374519978402
sub-S0001120914707_ses-1,0,-3.282689869403839,-3.1883771121501923,-3.020943284034729,-3.1640034218629203,0.04054303649920398
sub-S0001120914977_ses-1,0,-3.6624674797058105,-3.492170810699463,-3.7921254634857178,-3.648921251296997,0.02535935220805434
sub-S0001120916619_ses-1,0,-2.889923095703125,-2.2328003644943237,-2.9258566424250603,-2.682860034207503,0.06399235421367962
sub-S0001120916629_ses-1,0,-5.432900786399841,-5.1453492641448975,-5.796762108802795,-5.458337386449178,0.0042425576625883315
sub-S0001120917823_ses-1,0,-1.571118026971817,-1.882369488477707,-1.1216705441474915,-1.5250526865323384,0.17871869028724316
sub-S0001120923841_ses-1,0,-2.7089602649211884,-2.040312048047781,-2.724603295326233,-2.491291869431734,0.07647091157940662
sub-S0001120927647_ses-1,0,-1.575229436159134,-2.100009687244892,-1.8403639048337936,-1.83853434274594,0.13722472550120984
sub-S0001120931117_ses-1,0,0.19720131158828735,-0.35263781249523163,-0.11573947966098785,-0.09039199352264404,0.4774173758699102
sub-S0001120932438_ses-1,0,-3.095800906419754,-3.6448490023612976,-2.6449568271636963,-3.128535578648249,0.0419454168333154
sub-S0001120932766_ses-1,0,-3.951282501220703,-3.059325873851776,-3.469612777233124,-3.493407050768534,0.02950040335275643
sub-S0001120934776_ses-1,0,-1.8039093613624573,-1.3845130801200867,-2.0873265862464905,-1.7585830092430115,0.14696789672060068
sub-S0001120938967_ses-1,0,0.7286211997270584,0.3539303243160248,0.8241827040910721,0.6355780760447184,0.6537531957946111
sub-S0001120941137_ses-1,0,-3.5413620471954346,-3.248213529586792,-2.64616122841835,-3.1452456017335257,0.041279024010122845
sub-S0001120942410_ses-1,0,-2.3105546832084656,-2.682400494813919,-2.7752336636185646,-2.5893962805469832,0.06982398342489124
sub-S0001120944763_ses-1,0,-3.702768385410309,-4.319242667406797,-3.759434148669243,-3.9271484004954496,0.019319184915208107
sub-S0001120945571_ses-1,0,-8.225027978420258,-12.462942719459534,-7.8499497175216675,-9.512640138467154,7.390618440492213e-05
sub-S0001120945871_ses-1,0,-3.010710835456848,-3.128619909286499,-2.6859607100486755,-2.9417638182640076,0.050127223221157174
sub-S0001120949032_ses-1,0,-4.039945039898157,-3.7730332658975385,-4.72697788476944,-4.179985396855045,0.015068206536605877
sub-S0001120949499_ses-1,0,-3.13756000995636,-3.2101229429244995,-3.2524101734161377,-3.200031042098999,0.03916455464437779
sub-S0001120953162_ses-1,0,-7.095351159572601,-8.180533294507768,-7.2286680694669485,-7.501517507849106,0.0005519408898012963
sub-S0001120954860_ses-1,0,-6.1721141040325165,-5.936757877469063,-6.395929425954819,-6.168267135818799,0.002090483693211592
sub-S0001120955203_ses-1,0,-3.8330274522304535,-3.927354156970978,-3.9168568179011345,-3.8924128090341887,0.019988390088157643
sub-S0001120957672_ses-1,0,-3.2554038166999817,-3.5189231634140015,-2.7834340929985046,-3.1859203577041626,0.0396990160429747
sub-S0001120960093_ses-1,0,-0.935968428850174,-1.3654119297862053,-1.3993371054530144,-1.2335724880297978,0.22555676848316528
sub-S0001120963790_ses-1,0,-0.11030220985412598,0.26015782356262207,0.8913865089416504,0.34708070755004883,0.58590947955434
sub-S0001120964843_ses-1,0,-2.4685075730085373,-2.5682839155197144,-3.1499574184417725,-2.7289163023233414,0.061288480700522605
sub-S0001120967758_ses-1,0,-2.432612121105194,-2.367396716901567,-3.0321841165423393,-2.6107309848497002,0.06845097744646987
sub-S0001120968628_ses-1,1,1.536269724369049,1.8635714054107666,2.1457701921463013,1.8485371073087056,0.8639552511234195
sub-S0001120969985_ses-1,0,-1.6659623384475708,-1.6678688526153564,-1.0136855840682983,-1.4491722583770752,0.19012898894402844
sub-S0001120972229_ses-1,0,-1.3002066910266876,-1.9054824113845825,-0.7149561196565628,-1.3068817406892776,0.2130091095490085
sub-S0001120973331_ses-1,0,-3.0215019583702087,-2.7822297662496567,-3.6116303503513336,-3.1384540249904,0.041548640045130904
sub-S0001120974563_ses-1,0,-3.720884159207344,-4.377140594180673,-3.691836655139923,-3.929953802842647,0.01926610550392265
sub-S0001120974700_ses-1,0,-1.7281655669212341,-0.7325003147125244,-1.3830789923667908,-1.2812482913335164,0.21733781169465746
sub-S0001120975947_ses-1,0,-1.8908843994140625,-2.2330145239830017,-2.3709211200475693,-2.1649400144815445,0.10294336510964583
sub-S0001120976257_ses-1,0,-5.437851428985596,-5.140917539596558,-5.163308620452881,-5.247359196345012,0.005233856992992139
sub-S0001120979596_ses-1,0,-1.8600029945373535,-0.3814206123352051,-1.5573554039001465,-1.2662596702575684,0.21989820716058017
sub-S0001120982813_ses-1,0,-1.0771808624267578,-0.8810912668704987,-1.1068667769432068,-1.0217129687468212,0.2646938693151751
sub-S0001120984892_ses-1,0,-4.882048189640045,-4.389241427183151,-4.916038766503334,-4.729109461108844,0.008756972826181496
sub-S0001120984904_ses-1,0,-4.368052184581757,-4.553366422653198,-4.246825575828552,-4.389414727687836,0.012255917852501616
sub-S0001120985544_ses-1,0,-4.502094894647598,-3.4987127780914307,-3.6315910518169403,-3.8774662415186563,0.02028328647405412
sub-S0001120985907_ses-1,0,-1.6076322495937347,-1.6561960205435753,-1.9557832777500153,-1.7398705159624417,0.14932938215653763
sub-S0001120985952_ses-1,1,3.701957881450653,4.287344455718994,4.7746687307953835,4.25465702265501,0.986000800577238
sub-S0001120988946_ses-1,0,-3.0527337789535522,-2.6290132999420166,-3.83919545263052,-3.173647510508696,0.04016954606162713
sub-S0001120990371_ses-1,0,-0.9266386032104492,-0.8289074599742889,-1.1383263394236565,-0.9646241342027982,0.27595332205085976
sub-S0001120990529_ses-1,0,-4.069445341825485,-3.560146003961563,-4.833659499883652,-4.1544169485569,0.015452414706770569
sub-S0001120990606_ses-1,0,0.0192105770111084,-0.3331775963306427,-0.8414746150374413,-0.38514721145232517,0.40488605454652343
sub-S0001120991986_ses-1,0,-0.566667228937149,-1.44553604722023,-1.3360923677682877,-1.1160985479752223,0.24673567974450508
sub-S0001120992042_ses-1,0,2.404576599597931,2.754985749721527,3.3290392756462097,2.829533874988556,0.9442510698711919
sub-S0001120992272_ses-1,0,-1.584434151649475,-0.7135971784591675,-1.022426724433899,-1.1068193515141804,0.24846433516048558
sub-S0001120999556_ses-1,0,-0.06593850255012512,-1.2128046303987503,0.17432822287082672,-0.36813830335934955,0.40899094958899385
sub-S0001121002255_ses-1,0,-3.5077429115772247,-3.827531804330647,-3.9147686809301376,-3.75001446561267,0.022977045167791223
sub-S0001121002834_ses-1,0,-3.624556839466095,-3.866484490223229,-3.3803964406251907,-3.6238125901048384,0.025987396067167892
sub-S0001121004468_ses-1,1,2.3940869569778442,2.668797791004181,2.9116432070732117,2.658175985018412,0.9345131283145224
sub-S0001121013018_ses-1,0,-3.6129060983657837,-3.126613754313439,-3.908951163291931,-3.5494903386570513,0.02793641080168414
sub-S0001121013430_ses-1,0,-1.2389603704214096,-0.9237346202135086,-0.26485392451286316,-0.8091829717159271,0.3080646267947525
sub-S0001121014052_ses-1,0,-1.4167360067367554,-1.0490198135375977,-1.4057206511497498,-1.2904921571413677,0.21576951976978975
sub-S0001121015530_ses-1,0,-3.292866662144661,-3.3557601855136454,-4.107439309358597,-3.585355385672301,0.026978776693376606
sub-S0001121016268_ses-1,0,-3.3096554279327393,-3.564455509185791,-2.721025198698044,-3.198378711938858,0.03922678033996047
sub-S0001121017443_ses-1,0,2.096343517303467,2.4757471084594727,1.9417173266410828,2.1712693174680076,0.8976396537593065
sub-S0001121017473_ses-1,0,1.8602235913276672,2.226940870285034,2.553553819656372,2.2135727604230246,0.9014617451710072
sub-S0001121018902_ses-1,0,-1.2975493371486664,-0.9512822031974792,-1.5722112061921507,-1.2736809155127655,0.218627791241719
sub-S0001121018978_ses-1,1,2.387932062149048,2.894647479057312,2.6915053129196167,2.6580282847086587,0.9345040887204286
sub-S0001121020937_ses-1,0,-2.293757736682892,-1.6732690930366516,-2.332577884197235,-2.0998682379722595,0.10910962842663634
sub-S0001121023516_ses-1,0,-4.940601229667664,-5.001954527571797,-4.36178857088089,-4.768114776040117,0.008424802310995145
sub-S0001121025703_ses-1,0,-4.221524924039841,-4.119379311800003,-4.423999831080437,-4.25496802230676,0.013994907274353248
sub-S0001121028626_ses-1,0,-1.433295726776123,-1.2534473538398743,-0.8333886861801147,-1.173377255598704,0.23624507206178177
sub-S0001121031337_ses-1,0,-2.4739575386047363,-4.43091145157814,-2.7897938191890717,-3.2315542697906494,0.03799539498513905
sub-S0001121032083_ses-1,0,-4.6157156229019165,-4.580000154674053,-3.6020499616861343,-4.265921913087368,0.013844555910378012
sub-S0001121037209_ses-1,0,-4.767127871513367,-4.08382785320282,-5.176121816039085,-4.675692513585091,0.009233026110152313
sub-S0001121038180_ses-1,0,-1.421964019536972,-1.4729118458926678,-1.6656538546085358,-1.5201765733460586,0.1794355195563143
sub-S0001121039076_ses-1,0,-2.774659603834152,-2.773441255092621,-2.533088356256485,-2.693729738394419,0.06334436530147945
sub-S0001121040867_ses-1,0,-2.304046094417572,-1.2285433113574982,-1.904543161392212,-1.812377522389094,0.1403510260832748
sub-S0001121044022_ses-1,0,-4.445436000823975,-4.051308035850525,-4.335037887096405,-4.2772606412569685,0.013690599882184936
sub-S0001121049341_ses-1,0,-2.9335307627916336,-1.8623108909814619,-2.147648625075817,-2.314496759616304,0.0899294410237337
sub-S0001121050513_ses-1,0,-2.4688220024108887,-2.420498847961426,-3.0879974365234375,-2.6591060956319175,0.06542997345793634
sub-S0001121051581_ses-1,0,-2.506043314933777,-3.0082342624664307,-2.1270546913146973,-2.5471107562383017,0.07262082727547393
sub-S0001121054747_ses-1,0,-0.5883386135101318,0.33265411853790283,-0.028073430061340332,-0.09458597501118977,0.476371119948765
sub-S0001121056688_ses-1,0,-2.8653624653816223,-1.3880237340927124,-2.7403259873390198,-2.3312373956044516,0.08856872448749824
sub-S0001121058198_ses-1,0,-4.631554871797562,-3.914241075515747,-4.0322152972221375,-4.192670414845149,0.014881099681857133
sub-S0001121058430_ses-1,0,-4.339665651321411,-3.3754923939704895,-3.021367311477661,-3.5788417855898538,0.02715029254917896
sub-S0001121059400_ses-1,0,-1.5568245947360992,-1.8735007848590612,-2.1881173476576805,-1.8728142424176137,0.13321642693322605
sub-S0001121059935_ses-1,1,1.425367683172226,1.2008744329214096,1.3334580063819885,1.319900040825208,0.789165075439712
sub-S0001121062241_ses-1,0,-2.277912959456444,-2.7556715309619904,-2.7945974469184875,-2.609393979112307,0.06853628141338793
sub-S0001121063935_ses-1,0,0.7860998213291168,0.5990994162857533,0.2857433259487152,0.5569808545211951,0.6357536808961509
sub-S0001121064863_ses-1,0,-2.8881234526634216,-3.620352566242218,-2.7574380189180374,-3.0886380126078925,0.04357836635064359
sub-S0001121068013_ses-1,0,-3.679987907409668,-4.155616372823715,-3.816603183746338,-3.884069154659907,0.020152488990911203
sub-S0001121070204_ses-1,0,-5.356116890907288,-5.070591449737549,-4.546995580196381,-4.991234640280406,0.006751376221967836
sub-S0001121070636_ses-1,0,-2.6603718400001526,-3.4177578687667847,-2.5348133891820908,-2.870981032649676,0.05360685931538275
sub-S0001121071512_ses-1,0,-3.465597152709961,-4.0377195458859205,-4.103120196610689,-3.86881229840219,0.020455972365480947
sub-S0001121073340_ses-1,0,-7.471017926931381,-11.727123770862818,-7.632356822490692,-8.943499506761631,0.00013056621287798874
sub-S0001121073690_ses-1,0,-2.657233312726021,-2.2592081874608994,-2.631899520754814,-2.516113673647245,0.07473624374149478
sub-S0001121075119_ses-1,0,-6.355514109134674,-5.595275342464447,-6.265559285879135,-6.072116245826085,0.002300980648970504
sub-S0001121077179_ses-1,0,-2.3988471627235413,-1.491755485534668,-1.1258268356323242,-1.6721431612968445,0.15813864894309182
sub-S0001121077480_ses-1,0,0.06451290845870972,-0.3839627206325531,-0.0553895179182291,-0.12494644336402416,0.46880396364202526
sub-S0001121080480_ses-1,0,-2.0117988735437393,-2.9312685774057172,-1.5206733345985413,-2.1545802618493326,0.10390398997440724
sub-S0001121081954_ses-1,0,-0.41258518397808075,0.31533362716436386,-0.5220766961574554,-0.20644275099039078,0.44857183239503823
sub-S0001121083747_ses-1,0,2.6544331908226013,2.8352991938591003,3.277152180671692,2.922294855117798,0.9489376109667462
sub-S0001121085045_ses-1,0,-2.6184858083724976,-2.454033851623535,-1.951568841934204,-2.3413628339767456,0.08775475340110246
sub-S0001121086691_ses-1,0,-0.7557674050331116,-0.5657163858413696,-1.1012109518051147,-0.807564914226532,0.30840964031686136
sub-S0001121092939_ses-1,0,1.8215826451778412,1.405238963663578,1.3056226894259453,1.5108147660891216,0.819181923750226
sub-S0001121093127_ses-1,0,-0.9921900033950806,-0.1702026128768921,-1.1591564416885376,-0.7738496859868368,0.3156469308348854
sub-S0001121099762_ses-1,1,2.342944324016571,2.2901106476783752,2.2293853759765625,2.287480115890503,0.9078348260328973
sub-S0001121100471_ses-1,0,-2.0153698921203613,-1.3413821682333946,-1.7812835145741701,-1.7126785249759753,0.1528166214375798
sub-S0001121109447_ses-1,0,-4.447169065475464,-4.432821184396744,-4.725505158305168,-4.535165136059125,0.010611328037517591
sub-S0001121110389_ses-1,0,0.5628024935722351,0.119195356965065,0.3369169682264328,0.3396382729212443,0.5841026524281742
sub-S0001121110844_ses-1,0,-4.068172827363014,-4.466469936072826,-3.7952926463913172,-4.109978469942386,0.01614324732535944
sub-S0001121111880_ses-1,0,-3.77165088057518,-4.137361317873001,-4.22502887994051,-4.044680359462897,0.017213797493874607
sub-S0001121114173_ses-1,0,0.27858538180589676,0.05735490098595619,0.047242436558008194,0.1277275731166204,0.5318885516918425
sub-S0001121115446_ses-1,0,-4.753031492233276,-4.252965569496155,-5.229568362236023,-4.745188474655151,0.008618499099992558
sub-S0001121116084_ses-1,0,-2.5177049338817596,-1.8590470552444458,-3.031133707612753,-2.4692952322463193,0.07803892728379203
sub-S0001121118694_ses-1,1,8.230262756347656,10.007044792175293,9.641749680042267,9.293019076188406,0.9999079437851593
sub-S0001121121018_ses-1,0,0.24879807233810425,-0.06346309185028076,0.6816244274377823,0.2889864693085353,0.5717479857512501
sub-S0001121127328_ses-1,0,-2.532383143901825,-1.727377712726593,-2.0955744981765747,-2.118445118268331,0.10731693725101397
sub-S0001121127393_ses-1,0,-2.3304108381271362,-2.5977894216775894,-2.654809206724167,-2.5276698221762977,0.07394104433309788
sub-S0001121129287_ses-1,0,-0.941274106502533,-0.9356887936592102,-1.1111626029014587,-0.9960418343544006,0.26972035534088223
sub-S0001121129312_ses-1,0,-1.3277218341827393,-2.051538199186325,-1.3478485345840454,-1.57570285598437,0.1714049236044853
sub-S0001121129885_ses-1,0,-2.082753449678421,-1.3174962401390076,-1.7943645343184471,-1.7315380747119586,0.15039094884462167
sub-S0001121132124_ses-1,0,-1.1670229062438011,-1.5083309457986616,-1.389948084950447,-1.3551006456643033,0.20503772963493747
sub-S0001121132407_ses-1,0,-4.386715143918991,-3.331168085336685,-4.119493693113327,-3.9457923074563346,0.01896910577993011
sub-S0001121133998_ses-1,0,-5.660053722560406,-5.01087892515352,-5.451092593371868,-5.374008413695265,0.004614124134286874
sub-S0001121135145_ses-1,0,-3.5524460077285767,-4.171553432941437,-2.665831536054611,-3.4632769922415414,0.030375368301230277
sub-S0001121136742_ses-1,0,-1.856594117358327,-2.0041643427102827,-1.9729962944984436,-1.9445849181890178,0.12514501917373402
sub-S0001121137247_ses-1,0,-3.5168615579605103,-2.9613414257764816,-2.7132036089897156,-3.063802197575569,0.044625319577837955
sub-S0001121142759_ses-1,0,-2.6919015049934387,-3.193911001086235,-2.5737870782613754,-2.819866528113683,0.056260019820573486
sub-S0001121142848_ses-1,0,-3.3077781200408936,-3.734155063459184,-3.364302970468998,-3.4687453846563585,0.030214722304944115
sub-S0001121144043_ses-1,0,-1.2652228474617004,-0.7113077044487,-1.3750801384449005,-1.117203563451767,0.2465303621609386
sub-S0001121149230_ses-1,0,-2.1430665850639343,-2.3872718811035156,-1.5602841824293137,-2.0302075495322547,0.11606762663430556
sub-S0001121150152_ses-2,1,1.6538304388523102,1.5097387983114459,1.6785132735967636,1.6140275035868399,0.8339698017218644
sub-S0001121157822_ses-1,0,-5.8175394386053085,-5.5460698045790195,-5.605937443673611,-5.656515562285979,0.0034825024709266065
sub-S0001121157836_ses-1,0,-2.3240975737571716,-2.6731963604688644,-2.261233329772949,-2.419509087999662,0.08169707742599673
sub-S0001121160141_ses-1,0,-5.0900596380233765,-3.9740594774484634,-5.199059695005417,-4.754392936825752,0.008540208797093095
sub-S0001121161423_ses-1,0,-4.367023348808289,-4.079504668712616,-3.7318765223026276,-4.059468179941177,0.016965402702534903
sub-S0001121164225_ses-1,0,-3.062849372625351,-3.0771254152059555,-3.7757022976875305,-3.3052256951729455,0.03539235164169427
sub-S0001121164946_ses-1,1,1.38203626871109,1.1987546794116497,1.3607882857322693,1.3138597446183364,0.7881583140670936
sub-S0001121166907_ses-1,0,-4.659501016139984,-4.168075084686279,-4.760499358177185,-4.529358486334483,0.010672464031044803
sub-S0001121167485_ses-1,0,-2.3286508321762085,-1.8716055797412992,-2.0413637682795525,-2.0805400600656867,0.1110026618086849
sub-S0001121168953_ses-1,0,-2.116383820772171,-2.1318403528421186,-0.5096875131130219,-1.5859705622424372,0.16995156606884335
sub-S0001121169279_ses-1,0,-3.4653652906417847,-3.16690731048584,-3.20514777302742,-3.279140124718348,0.03629377984898312
sub-S0001121170017_ses-1,0,0.19826363679021597,0.9419952807947993,1.0560060888528824,0.7320883354792992,0.6752633760304669
sub-S0001121170319_ses-1,0,-3.182251587510109,-2.4783830316737294,-3.2620291262865067,-2.974221248490115,0.048604152557094514
sub-S0001121170858_ses-1,0,-4.409348487854004,-4.620493412017822,-4.248099267482758,-4.425980389118195,0.011821068400309248
sub-S0001121171794_ses-1,0,-4.519404470920563,-5.296672634780407,-4.388963401317596,-4.735013502339522,0.00870587240241226
sub-S0001121171827_ses-1,0,-2.8536890745162964,-3.2781589925289154,-2.889991909265518,-3.0072799921035767,0.047098068927699535
sub-S0001121172620_ses-1,0,-5.459001004695892,-5.974736452102661,-5.390515603125095,-5.608084353307883,0.003654683688464965
sub-S0001121176088_ses-1,0,-0.43524906039237976,-0.6826803861185908,-0.5961828306317329,-0.5713707590475678,0.3609205895555279
sub-S0001121176618_ses-1,0,-1.3491721153259277,-1.925147533416748,1.07647705078125,-0.7326141993204752,0.3246213217302787
sub-S0001121178863_ses-1,1,2.4897835329174995,1.7698994828970172,1.6355628669261932,1.96508196091357,0.8770818855849852
sub-S0001121180112_ses-1,0,-4.090899229049683,-3.8689749240875244,-3.8309446573257446,-3.930272936820984,0.01926007641710132
sub-S0001121180707_ses-1,0,-4.172645449638367,-3.7626067399978638,-3.535488724708557,-3.8235803047815957,0.021382243167241712
sub-S0001121185265_ses-1,0,-1.9265035931020975,-1.7524544046609662,-1.9445249438285828,-1.874494313863882,0.1330225489192707
sub-S0001121197021_ses-1,0,-3.1657155752182007,-2.8454147577285767,-2.3431928157806396,-2.784774382909139,0.058152506499274975
sub-S0001121198626_ses-1,0,-4.409188866615295,-5.42530807107687,-4.003594547510147,-4.612697161734104,0.009827474994743105
sub-S0001121199745_ses-1,0,-2.840990662574768,-2.6634036898612976,-3.8668643832206726,-3.1237529118855796,0.04213803467936796
sub-S0001121200296_ses-1,0,-1.9492961764335632,-1.8129761815071106,-2.8248209431767464,-2.19569776703914,0.10013749687268306
sub-S0001121202388_ses-1,0,-3.6502179503440857,-3.068363845348358,-3.7849360406398773,-3.5011726121107736,0.02927888479955827
sub-S0001121203538_ses-1,1,-2.538667619228363,-2.2401535511016846,-2.3493590354919434,-2.3760600686073303,0.08501654732818861
sub-S0001121204818_ses-1,1,2.2382789254188538,1.9127577543258667,2.024599313735962,2.0585453311602273,0.8868082332972308
sub-S0001121205684_ses-1,0,-0.09848961234092712,-0.5717319399118423,-0.9395608492195606,-0.53659413382411,0.36898022862095614
sub-S0001121207313_ses-1,0,-0.15322455763816833,-0.40776169300079346,-0.5868395026773214,-0.38260858443876106,0.40549789260291846
sub-S0001121207401_ses-1,0,-4.06726747751236,-4.144138276576996,-4.1870094537734985,-4.132805069287618,0.015784676513378962
sub-S0001121211212_ses-1,0,0.0515693724155426,0.01392248272895813,-0.5966818854212761,-0.1770633434255918,0.45584945247399206
sub-S0001121214235_ses-1,0,-2.859600245952606,-3.13455867767334,-2.819131586700678,-2.937763503442208,0.05031803929447898
sub-S0001121215759_ses-1,0,-3.089365005493164,-2.7928916811943054,-2.475624740123749,-2.7859604756037393,0.058087577297622525
sub-S0001121219213_ses-1,0,-1.3029791116714478,-1.1573615670204163,-1.5247506871819496,-1.3283637886246045,0.20943014255562153
sub-S0001121224175_ses-1,0,-3.2640188932418823,-3.4922361969947815,-3.358358860015869,-3.371537983417511,0.033196911996808354
sub-S0001121228267_ses-1,0,-4.335458546876907,-4.575098637491465,-3.9371922481805086,-4.2825831441829605,0.013618914951717295
sub-S0001121229267_ses-1,0,-7.7220258712768555,-12.136115550994873,-7.484647810459137,-9.114263077576956,0.00011007229773477939
sub-S0001121230226_ses-1,0,-2.7158897519111633,-2.3134998083114624,-2.229700982570648,-2.419696847597758,0.08168299230686672
sub-S0001121233044_ses-1,1,1.4860871732234955,1.0737571961944923,0.549641989171505,1.0364954528631642,0.7381732355444218
sub-S0001121237665_ses-1,0,-3.1902880668640137,-2.7948905275552534,-3.0615217983722687,-3.0155667975971787,0.046727551130597865
sub-S0001121237826_ses-1,0,-3.6512487828731537,-3.896276116371155,-3.154316410422325,-3.5672804365555444,0.0274573393810932
sub-S0001121243695_ses-1,0,-3.2211265563964844,-2.925451636314392,-3.75017774105072,-3.2989186445871987,0.0356083047576603
sub-S0001121247397_ses-1,0,-4.586842656135559,-4.581245958805084,-4.725953280925751,-4.631347298622131,0.009647641667447032
sub-S0001121247808_ses-1,0,-2.850755751132965,-2.7592896819114685,-1.9996574521064758,-2.5365676283836365,0.0733340830190638
sub-S0001121249291_ses-1,0,-1.541269302368164,-1.992092490196228,-1.1246501803398132,-1.552670657634735,0.1747008768785563
sub-S0001121253574_ses-1,0,-2.8764232397079468,-3.421915590763092,-2.7401049733161926,-3.0128146012624106,0.04685029825275225
sub-S0001121255336_ses-1,0,1.20022651553154,1.719063550233841,1.4500573873519897,1.4564491510391235,0.8109889808303437
sub-S0001121255507_ses-1,0,-2.4983277320861816,-2.7429928183555603,-1.2826159596443176,-2.17464550336202,0.1020505493438845
sub-S0001121256181_ses-1,0,-0.301996111869812,0.6009484529495239,0.29914069175720215,0.19936434427897134,0.5496766570081715
sub-S0001121260694_ses-1,0,-6.190881758928299,-5.81198838353157,-5.79287276417017,-5.931914302210013,0.0026463758312036353
sub-S0001121264507_ses-1,0,1.4659093022346497,2.2076743841171265,1.9742292761802673,1.8826043208440144,0.867909977831769
sub-S0001121269560_ses-1,0,-1.8150776326656342,-2.703138589859009,-1.9351580440998077,-2.1511247555414834,0.10422616573118168
sub-S0001121270386_ses-1,0,-5.580378070473671,-5.288771979510784,-6.43480421602726,-5.767984755337238,0.0031163091868731704
sub-S0001121270643_ses-1,0,-3.574251264333725,-3.2993797473609447,-3.1663359999656677,-3.346655670553446,0.03400484939035361
sub-S0001121277894_ses-1,0,-2.95805399492383,-2.504110936948564,-2.3579279631376266,-2.606697631670007,0.06870861408160404
sub-S0001121279197_ses-1,0,-3.9678497165441513,-4.667541071772575,-4.284286826848984,-4.306559205055237,0.01330056170154584
sub-S0001121279960_ses-1,0,-2.6881966590881348,-2.3239801228046417,-2.5432676672935486,-2.5184814830621085,0.07457267275709593
sub-S0001121283878_ses-1,0,-2.3953136801719666,-2.4654477648437023,-2.5427586436271667,-2.4678400295476117,0.0781436917599851
sub-S0001121286916_ses-1,0,-6.331304669380188,-5.702272891998291,-5.7399861216545105,-5.924521227677663,0.0026659608333150556
sub-S0001121290449_ses-1,0,-1.5275099575519562,-2.6587527990341187,-1.86927030980587,-2.018511022130648,0.11727304215962406
sub-S0001121292770_ses-1,0,-2.7778838872909546,-2.9685380458831787,-2.73488662019372,-2.8271028511226177,0.05587703991788472
sub-S0001121293072_ses-1,0,-1.6111955642700195,-1.4403908252716064,-1.1011401414871216,-1.3842421770095825,0.20032855161686475
sub-S0001121294481_ses-1,0,-2.1653103828430176,-2.211134433746338,-2.2973098754882812,-2.2245848973592124,0.0975643788848491
sub-S0001121294677_ses-1,0,-4.643877148628235,-3.9649204909801483,-4.419872522354126,-4.342890053987503,0.012832103018856508
sub-S0001121294718_ses-1,0,-2.513758063316345,-2.27067232131958,-2.1136571764945984,-2.299362520376841,0.09117577056427348
sub-S0001121295515_ses-1,0,0.7999002486467361,0.4953853189945221,1.3494819402694702,0.8815891693035761,0.7071514277458972
sub-S0001121306130_ses-1,0,-1.8231858760118484,-1.7583751380443573,-1.6769216936081648,-1.7528275692214568,0.14769091371778925
sub-S0001121307611_ses-1,0,0.7404206991195679,1.2790410816669464,1.3166613280773163,1.1120410362879436,0.7525094278498249
sub-S0001121308178_ses-1,0,-2.8582611680030823,-2.68949818611145,-2.2696622014045715,-2.6058071851730347,0.06876561362736927
sub-S0001121313440_ses-1,0,-3.9251018166542053,-3.807061195373535,-3.5131718814373016,-3.7484449644883475,0.02301230544807794
sub-S0001121314923_ses-1,0,-2.5330641865730286,-1.8028838634490967,-2.3755679428577423,-2.2371719976266227,0.09646174042674466
sub-S0001121325285_ses-1,0,-2.065044581890106,-1.5264419317245483,-1.2927550673484802,-1.6280805269877117,0.16409347948249017
sub-S0001121325915_ses-1,0,-1.9398927092552185,-2.249697118997574,-2.7346300184726715,-2.3080732822418213,0.0904565387414781
sub-S0001121326361_ses-1,1,1.90965074300766,2.0577927827835083,2.3111131489276886,2.0928522249062858,0.8902065093244423
sub-S0001121329705_ses-1,0,-1.247355431318283,-2.067226067185402,-1.181469775736332,-1.4986837580800056,0.18262191868444458
sub-S0001121329950_ses-1,1,2.2058026790618896,2.525879442691803,2.840277135372162,2.5239864190419516,0.9258063430302598
sub-S0001121330019_ses-1,0,-4.319148063659668,-4.008661389350891,-4.773209989070892,-4.367006480693817,0.012530171577107424
sub-S0001121337883_ses-1,0,0.7680819034576416,0.5003201812505722,0.3746638000011444,0.5476886282364527,0.6335991690233616
sub-S0001121340082_ses-1,0,-2.210444390773773,-2.428888976573944,-2.0179792642593384,-2.219104210535685,0.09804799454847543
sub-S0001121341368_ses-1,0,-3.7614764273166656,-4.607972025871277,-3.2959019392728806,-3.8884501308202744,0.020066162245629512
sub-S0001121343342_ses-1,1,1.753816306591034,1.7127891182899475,1.2904524207115173,1.585685948530833,0.8300082802635749
sub-S0001121343979_ses-1,0,-2.5030831396579742,-2.9835705757141113,-2.11928328871727,-2.5353123346964517,0.07341943370386611
sub-S0001121344098_ses-1,1,-3.2236995100975037,-2.9020638465881348,-2.7298710346221924,-2.9518781304359436,0.0496478208999778
sub-S0001121345568_ses-1,0,-3.659556567668915,-3.367985486984253,-3.0670846104621887,-3.364875555038452,0.03341140811490664
sub-S0001121349317_ses-1,1,2.910400852560997,3.6514114141464233,3.049164801836014,3.2036590228478112,0.9609717407607917
sub-S0001121352620_ses-1,1,1.180114597082138,1.6754198670387268,2.6251339316368103,1.8268894652525585,0.8613907564914515
sub-S0001121352626_ses-1,0,-3.500081479549408,-2.491849720478058,-2.8657970428466797,-2.9525760809580484,0.049614899909151515
sub-S0001121357449_ses-1,0,-3.3361037969589233,-2.6482015252113342,-2.865282118320465,-2.949862480163574,0.049743011532310026
sub-S0001121358245_ses-1,0,-1.0695783495903015,-1.080582469701767,-1.5509209036827087,-1.2336939076582591,0.22553555949841775
sub-S0001121361585_ses-1,0,-3.7866903245449066,-3.0654380470514297,-3.26858189702034,-3.3735700895388923,0.03313175363194738
sub-S0001121365567_ses-1,0,-3.071042776107788,-2.0669469833374023,-2.7674394845962524,-2.6351430813471475,0.06691063339082194
sub-S0001121368722_ses-1,0,-3.27251797914505,-3.297635108232498,-2.935621500015259,-3.1685915291309357,0.04036493809476046
sub-S0001121368736_ses-1,0,-1.5682690739631653,-2.353634297847748,-1.3575536906719208,-1.7598190208276112,0.14681300761322286
sub-S0001121369974_ses-1,0,-4.265554904937744,-3.8483230620622635,-3.7135079503059387,-3.9424619724353156,0.019031180298488406
sub-S0001121370986_ses-1,0,1.1314571499824524,1.049690157175064,1.3505400270223618,1.1772291113932927,0.7644492249100624
sub-S0001121371360_ses-1,1,-2.039776563644409,-1.9824628829956055,-1.4074233770370483,-1.8098876078923543,0.14065170988538336
sub-S0001121371759_ses-1,1,1.8911937475204468,1.7628917396068573,1.9443529546260834,1.8661461472511292,0.866011724494311
sub-S0001121372125_ses-1,0,-4.352684855461121,-3.656118631362915,-4.078707933425903,-4.029170473416646,0.01747815995807126
sub-S0001121375325_ses-1,0,-2.4469115138053894,-1.5829919576644897,-2.4097657203674316,-2.1465563972791037,0.10465345350188368
sub-S0001121377451_ses-1,0,-2.0631606578826904,-1.3063124418258667,-1.837338793091476,-1.7356039642666776,0.14987217399793773
sub-S0001121380276_ses-1,0,-5.498657822608948,-5.485264241695404,-5.634172320365906,-5.539364794890086,0.003913644984149666
sub-S0001121381640_ses-1,0,-3.582660973072052,-3.948947548866272,-3.7869010269641876,-3.772836516300837,0.022470249951612856
sub-S0001121382979_ses-1,0,-5.6737483739852905,-5.56186318397522,-4.1760150492191315,-5.13720886905988,0.005839759023154121
sub-S0001121384547_ses-1,0,-3.967654913663864,-3.5182963041588664,-4.068991377949715,-3.8516475319241485,0.0208027577794734
sub-S0001121389566_ses-2,0,-3.0262920558452606,-2.8977600932121277,-3.8299080431461334,-3.2513200640678406,0.037279481662342996
sub-S0001121390954_ses-1,0,-5.333823621273041,-3.5740512050688267,-4.428668946027756,-4.445514590789874,0.011595045513222161
sub-S0001121391161_ses-1,0,-5.170967325568199,-5.078213100263383,-6.007589727640152,-5.418923384490578,0.00441236034084753
sub-S0001121393589_ses-1,0,-0.20642340183258057,-1.1590818166732788,-0.2129538655281067,-0.526153028011322,0.3714145792223042
sub-S0001121396673_ses-1,0,-1.5833895802497864,-1.7476842999458313,-1.3562461733818054,-1.562440017859141,0.17329679910345033
sub-S0001121399210_ses-1,0,-4.557539999485016,-3.9713274091482162,-4.623616337776184,-4.384161248803139,0.012319678175932564
sub-S0001121401338_ses-1,1,1.2593067288398743,0.7644793689250946,0.033612728118896484,0.6857996086279551,0.6650318783045661
sub-S0001121403185_ses-1,0,-3.286377429962158,-2.9661542288959026,-2.7534776479005814,-3.0020031022528806,0.047335461701640096
sub-S0001121408634_ses-1,0,-1.5677157640457153,-1.526031255722046,-0.9704664945602417,-1.3547378381093342,0.2050968726004726
sub-S0001121411606_ses-1,0,-3.0014477521181107,-2.133339528867509,-3.8238587975502014,-2.9862153595119403,0.0480525166277859
sub-S0001121413709_ses-1,0,0.2606732100248337,0.5572649240493774,0.05437520146369934,0.29077111184597015,0.5721849033892532
sub-S0001121415879_ses-1,1,2.2374672889709473,2.3049747943878174,2.4931200742721558,2.3451873858769736,0.9125509343922005
sub-S0001121420172_ses-1,0,-4.110833078622818,-3.9711146354675293,-3.6803763806819916,-3.9207746982574463,0.019440311472041807
sub-S0001121424251_ses-1,0,-4.286385357379913,-3.8820709884166718,-3.70228011906147,-3.956912154952685,0.018763276537103468
sub-S0001121424418_ses-1,0,-2.5007845759391785,-1.628323256969452,-2.469427764415741,-2.1995118657747903,0.09979433229873651
sub-S0001121424528_ses-1,0,-3.990882456302643,-3.903851270675659,-3.4758322834968567,-3.7901886701583862,0.02209224572206225
sub-S0001121425049_ses-1,1,2.185317099094391,2.5102572441101074,2.4713396430015564,2.3889713287353516,0.9159824368574416
sub-S0001121426523_ses-1,0,-1.3678277730941772,-0.6076159477233887,-1.0744123458862305,-1.0166186889012654,0.26568656203154
sub-S0001121427705_ses-1,0,-3.5224287807941437,-4.043257161974907,-4.228302001953125,-3.931329314907392,0.01924013248869865
sub-S0001121430281_ses-1,0,-2.8581716790795326,-2.4644066141336225,-2.037666842341423,-2.4534150451848595,0.0791891719410353
sub-S0001121431368_ses-1,0,-5.301423162221909,-4.322420194745064,-4.782947659492493,-4.802263672153155,0.008144264980266028
sub-S0001121435766_ses-1,0,-4.237650275230408,-3.875377893447876,-3.878046214580536,-3.9970247944196067,0.018038835575234457
sub-S0001121448918_ses-1,0,-1.117725431919098,-0.9512668401002884,-0.6056104898452759,-0.8915342539548874,0.2907933127783922
sub-S0001121449477_ses-1,0,-0.31865355372428894,-0.702653244137764,-0.8365670144557953,-0.619291270772616,0.3499426579800141
sub-S0001121450798_ses-1,0,-3.9557846784591675,-4.397454887628555,-3.922238349914551,-4.091825972000758,0.01643410363269468
sub-S0001121455604_ses-1,0,-3.6414348483085632,-2.990902304649353,-3.5388960242271423,-3.390411059061686,0.032596490496290716
sub-S0001121455640_ses-1,0,-3.3963286876678467,-4.5330124497413635,-3.9197621047496796,-3.9497010807196298,0.018896502931753156
sub-S0001121456639_ses-1,0,1.9715394377708435,2.3540533781051636,1.557491958141327,1.961028258005778,0.8766441904566877
sub-S0001121456852_ses-1,0,-1.0352595150470734,-0.7587740421295166,-0.5016299337148666,-0.7652211636304855,0.31751376998480657
sub-S0001121458486_ses-1,0,-5.951218992471695,-5.850142841169145,-5.578655373305082,-5.793339068981974,0.003038527602184877
sub-S0001121460550_ses-1,0,-2.849168837070465,-3.503055661916733,-2.887110471725464,-3.079778323570887,0.043949128766720295
sub-S0001121463071_ses-1,0,-2.4671497344970703,-1.7704581022262573,-1.4861645698547363,-1.9079241355260212,0.12921424438012669
sub-S0001121463467_ses-1,0,-0.9234534502029419,-0.7738261222839355,-0.5960730314254761,-0.7644508679707845,0.3176807155703209
sub-S0001121463831_ses-1,0,-2.6948364973068237,-2.526749849319458,-3.154411554336548,-2.7919993003209433,0.057758052981389245
sub-S0001121465464_ses-1,0,-4.234220743179321,-3.4336202144622803,-3.2300185561180115,-3.632619837919871,0.02576539479259378
sub-S0001121469380_ses-1,0,-2.109770715236664,-3.5057877004146576,-0.8791488260030746,-2.1649024138847985,0.10294683742727148
sub-S0001121469988_ses-1,0,3.1768447160720825,3.527519106864929,3.012270927429199,3.2388782501220703,0.9622714053077827
sub-S0001121470081_ses-1,0,0.4324151277542114,1.300627052783966,1.0085908770561218,0.9138776858647665,0.7137930013829094
sub-S0001121471041_ses-1,0,-2.538662552833557,-2.564742922782898,-3.3165959417819977,-2.8066671391328177,0.05696495778955186
sub-S0001121473889_ses-1,1,1.167710304260254,1.9817110300064087,2.517927825450897,1.88911638657252,0.8686547486932157
sub-S0001121475046_ses-1,0,-5.416085779666901,-5.323043972253799,-4.050605982542038,-4.929911911487579,0.007175283106638795
sub-S0001121477570_ses-1,0,-4.141890048980713,-2.891627073287964,-3.638047695159912,-3.5571882724761963,0.027728123884483123
sub-S0001121477789_ses-1,0,-4.771364510059357,-4.436409592628479,-4.9103138744831085,-4.706029325723648,0.008959603476650313
sub-S0001121484642_ses-1,0,1.6582910418510437,1.5194886922836304,1.4739561080932617,1.5505786140759785,0.824997285973776
sub-S0001121485233_ses-1,0,-3.6001516580581665,-2.9685797691345215,-4.418046683073044,-3.6622593700885773,0.025031762621770277
sub-S0001121485826_ses-1,0,-2.134787857532501,-2.3036030530929565,-1.4763265252113342,-1.971572478612264,0.12222008740098664
sub-S0001121488589_ses-1,0,2.929329067468643,3.233480781316757,2.837472289800644,3.0000940461953483,0.9525783753345675
sub-S0001121488998_ses-1,0,1.9230037033557892,2.0313382651656866,1.8229872286319733,1.9257763990511496,0.8727811937113522
sub-S0001121489921_ses-1,0,-3.01600182056427,-1.9691767990589142,-2.2290884256362915,-2.4047556817531586,0.08281077011440882
sub-S0001121492906_ses-1,0,-3.7503356337547302,-3.166301302611828,-4.119723789393902,-3.67878690858682,0.024631555932329463
sub-S0001121497585_ses-1,0,-3.7907699793577194,-3.3206479474902153,-3.881075620651245,-3.66416451583306,0.024985309258310714
sub-S0001121498824_ses-1,0,-0.696747899055481,-1.000249370932579,-0.8964307308197021,-0.8644760002692541,0.29640503000667356
sub-S0001121503113_ses-1,0,-3.140843689441681,-3.1762648224830627,-3.9392325058579445,-3.418780339260896,0.03171366022006195
sub-S0001121503238_ses-1,0,-6.037988841533661,-5.510981440544128,-6.136717319488525,-5.895229200522105,0.002744989677250445
sub-S0001121506804_ses-1,0,-4.141920983791351,-3.9208216667175293,-3.8371892273426056,-3.9666439592838287,0.01858493880248562
sub-S0001121509555_ses-1,0,-0.7650469541549683,-0.8104009330272675,-0.7381330728530884,-0.771193653345108,0.3162209516567983
sub-S0001121511327_ses-1,0,-6.072566390037537,-5.056511104106903,-5.674303650856018,-5.601127048333486,0.0036801051944023427
sub-S0001121513329_ses-1,1,0.37842410802841187,0.8620356321334839,0.7621207237243652,0.6675268212954203,0.6609491521132419
sub-S0001121513366_ses-1,0,-0.9788428544998169,-0.5396981835365295,-1.399703472852707,-0.9727481702963511,0.27433307259772627
sub-S0001121514183_ses-1,0,-0.2556895911693573,-0.8576654493808746,-0.2155943065881729,-0.44298311571280163,0.3910303825047454
sub-S0001121516993_ses-1,0,-3.684703677892685,-2.823307603597641,-3.2030293941497803,-3.237013558546702,0.037796350981381864
sub-S0001121519887_ses-1,0,-1.941339761018753,-1.1434779479168355,-2.100416482426226,-1.728411397120605,0.15079089227758488
sub-S0001121520349_ses-1,0,-0.9450199007987976,-1.1645760536193848,-0.6477245092391968,-0.9191068212191263,0.2851399205819715
sub-S0001121525060_ses-1,0,-1.862749695777893,-1.7196533679962158,-1.807822048664093,-1.7967417041460674,0.1422481581439573
sub-S0001121526905_ses-1,0,-2.466473639011383,-2.9874958395957947,-1.6917648166418076,-2.381911431749662,0.08456248106493824
sub-S0001121527535_ses-1,0,-1.5529702305793762,-1.0733250379562378,-1.285158634185791,-1.3038179675738018,0.213523160510022
sub-S0001121529475_ses-1,0,1.0226232707500458,1.067562694719527,0.8241298943758011,0.9714386199484579,0.7254061523753523
sub-S0001121529909_ses-1,0,-0.667913556098938,-0.2083398699760437,-0.798259973526001,-0.5581711332003275,0.3639707297170631
sub-S0001121532741_ses-1,1,0.922536239027977,1.1578185260295868,1.2704653143882751,1.1169400264819462,0.7534206817487853
sub-S0001121533343_ses-1,0,-5.37092037498951,-5.391413496457972,-4.640465751290321,-5.134266540912601,0.005856866029846777
sub-S0001121533738_ses-1,1,3.083289325237274,3.775983974337578,3.4364187121391296,3.4318973372379937,0.9686866705183989
sub-S0001121534276_ses-1,0,-1.4020441174507141,-1.0117498636245728,-1.379402995109558,-1.264398992061615,0.22021755980149332
sub-S0001121538741_ses-1,0,-3.1288971602916718,-2.7843712866306305,-2.4919400811195374,-2.8017361760139465,0.05723042829469226
sub-S0001121541781_ses-1,0,0.840124249458313,0.5991338491439819,0.9505352973937988,0.7965977986653646,0.6892462472946432
sub-S0001121542423_ses-1,0,-2.4886032938957214,-1.9425748586654663,-3.442985773086548,-2.6247213085492453,0.06756424639543358
sub-S0001121542668_ses-1,0,-1.6963879019021988,-1.6950268521904945,-2.2569031566381454,-1.8827726369102795,0.13207072723087185
sub-S0001121549727_ses-1,0,-36.115224838256836,-31.408755898475647,-62.02249491214752,-43.18215854962667,1.7628965393436742e-19
sub-S0001121550942_ses-1,0,-4.437893629074097,-4.44286784529686,-4.07664680480957,-4.319136093060176,0.013136513270067433
sub-S0001121553349_ses-1,0,-1.4123774766921997,-1.6076873540878296,-1.4935583285987377,-1.5045410531262557,0.18174921832149837
sub-S0001121559876_ses-1,0,-2.70394928753376,-3.82092360034585,-2.809171497821808,-3.111348128567139,0.04264157525408246
sub-S0001121570172_ses-1,0,-0.6888604164123535,-0.42204105854034424,-0.0838962197303772,-0.39826589822769165,0.4017290476811882
sub-S0001121570567_ses-1,0,-0.2544488310813904,-0.3014918565750122,0.13404861092567444,-0.14063069224357605,0.46490015532505047
sub-S0001121572743_ses-1,0,-4.565955448895693,-4.80065550096333,-4.731150418519974,-4.699253789459665,0.009019966292071926
sub-S0001121573952_ses-1,0,-0.5143330842256546,-0.02412470430135727,-0.029533833265304565,-0.1893305405974388,0.45280825053400137
sub-S0001121574219_ses-1,0,0.994896873831749,0.9202631711959839,1.2458918392658234,1.0536839614311855,0.7414816931645668
sub-S0001121575821_ses-1,0,1.5812712013721466,1.1001307368278503,0.8812583684921265,1.1875534355640411,0.7663032126018176
sub-S0001121576376_ses-1,0,-2.606086313724518,-2.178777515888214,-2.348489761352539,-2.377784530321757,0.0848824995954469
sub-S0001121577621_ses-1,0,-3.2003706097602844,-3.0282565653324127,-2.6409193873405457,-2.956515520811081,0.04942947170971478
sub-S0001121579252_ses-1,0,-3.1935316920280457,-2.8731104135513306,-2.286910593509674,-2.7845175663630166,0.058166574141260655
sub-S0001121580849_ses-1,0,-2.0161453783512115,-2.089956884214189,-2.1631501019001007,-2.089750788155167,0.11009698868050796
sub-S0001121582767_ses-1,0,-3.7053858498111367,-4.0092157171457075,-3.946112245321274,-3.886904604092706,0.020096575280855098
sub-S0001121583936_ses-1,0,-2.2759411334991455,-1.706248164176941,-2.68097060918808,-2.2210533022880554,0.09787576241591434
sub-S0001121584564_ses-1,0,-2.1163119971752167,-3.2315683127380908,-1.578115075826645,-2.308665128579984,0.09040785688635816
sub-S0001121586511_ses-1,0,-3.7057885229587555,-4.198344841599464,-4.60554876178503,-4.169894042114417,0.015218709128518327
sub-S0001121588196_ses-1,0,-0.004137635231018066,-0.0032767057418823242,0.052124738693237305,0.01490346590677897,0.5037257975145195
sub-S0001121591487_ses-1,0,-5.297203242778778,-4.559919595718384,-5.968902170658112,-5.275341669718425,0.005090166006286216
sub-S0001121592642_ses-1,0,-0.9559415578842163,0.2269914150238037,-0.24722814559936523,-0.32539276281992596,0.41936205537816423
sub-S0001121594163_ses-1,0,-3.888251841068268,-3.3832651376724243,-4.105332851409912,-3.792283276716868,0.02204703873831013
sub-S0001121594285_ses-1,0,2.143340438604355,2.298433780670166,2.6152543127536774,2.3523428440093994,0.913120269204901
sub-S0001121594287_ses-1,0,0.6652947664260864,1.0706825256347656,1.3554829061031342,1.0304867327213287,0.7370102482417835
sub-S0001121596771_ses-1,0,-2.319637656211853,-1.7344652265310287,-2.400737479329109,-2.151613454023997,0.10418054816350703
sub-S0001121597157_ses-1,0,-3.142277181148529,-3.039317637681961,-2.88587087392807,-3.0224885642528534,0.04642019290086447
sub-S0001121599008_ses-1,0,-0.9618041515350342,-1.2088382244110107,-0.9835265800356865,-1.0513896519939105,0.2589583387916741
sub-S0001121608119_ses-1,0,-0.2871347665786743,-0.1038672924041748,-0.12650609016418457,-0.17250271638234457,0.4569809452070686
sub-S0001121610217_ses-1,1,1.0857620239257812,1.0632352828979492,0.9777041077613831,1.0422338048617046,0.739280790217674
sub-S0001121611579_ses-1,0,0.34791290760040283,-0.39662522077560425,0.3961787223815918,0.11582213640213013,0.5289232081517274
sub-S0001121613312_ses-1,0,-1.5260118693113327,-1.7010383754968643,-1.9616007674485445,-1.7295503374189138,0.15064510555587715
sub-S0001121613321_ses-1,0,-35.82757115364075,-31.087151288986206,-61.22485160827637,-42.71319135030111,2.817712587419768e-19
sub-S0001121614563_ses-1,0,-2.8664574027061462,-2.443422019481659,-2.402078092098236,-2.570652504762014,0.07105122479026632
sub-S0001121618457_ses-1,0,-2.575555682182312,-2.4984928369522095,-1.5073712468147278,-2.1938065886497498,0.100308039832554
sub-S0001121625320_ses-1,0,-1.3515732288360596,-2.150864005088806,-1.7634825706481934,-1.755306601524353,0.14737912979397608
sub-S0001121627311_ses-1,0,-3.677225649356842,-3.9506887197494507,-2.876065671443939,-3.5013266801834106,0.02927450625109491
sub-S0001121627394_ses-1,0,1.2619149684906006,1.2223497331142426,1.093830805271864,1.1926985022922356,0.767223341780564
sub-S0001121629093_ses-1,0,-3.6292881965637207,-2.917319178581238,-3.236473500728607,-3.2610269586245217,0.03693266439654494
sub-S0001121631105_ses-1,0,-5.203245103359222,-5.463817656040192,-5.807424545288086,-5.491495768229167,0.004104756023248081
sub-S0001121631113_ses-1,0,-2.3260944485664368,-2.8781620860099792,-2.0679762959480286,-2.4240776101748147,0.08135498905228579
sub-S0001121638476_ses-1,0,-1.243394374847412,-1.0140142738819122,-1.5000706613063812,-1.2524931033452351,0.22226886907798823
sub-S0001121641025_ses-1,0,-5.7297322154045105,-5.717729579657316,-5.858442854136229,-5.768634883066018,0.003114290153793923
sub-S0001121645870_ses-1,0,-4.788538098335266,-4.2061251401901245,-5.235680341720581,-4.74344786008199,0.008633384022240904
sub-S0001121645959_ses-1,0,-3.050395965576172,-2.517151713371277,-2.418616533279419,-2.662054737408956,0.06524989815767478
sub-S0001121649886_ses-1,0,-2.1345914751291275,-2.3069067001342773,-2.489984944462776,-2.31049437324206,0.09025754293917104
sub-S0001121650531_ses-1,0,-5.022529751062393,-6.0341819524765015,-4.749201416969299,-5.268637706836064,0.005124229482157899
sub-S0001121653086_ses-1,0,-1.7000972032546997,-1.0085294246673584,-1.2406806349754333,-1.3164357542991638,0.21141190229318652
sub-S0001121656507_ses-1,0,-7.390657961368561,-11.33817458152771,-7.375721961259842,-8.701518168052038,0.00016630543551245696
sub-S0001121657088_ses-1,0,-1.4672385156154633,-1.8113882914185524,-1.368975339224562,-1.549200715419526,0.17520173967035962
sub-S0001121659687_ses-1,0,-5.2317014038562775,-5.620474623516202,-5.613063335418701,-5.488413120930393,0.004117376881858345
sub-S0001121660605_ses-1,0,-5.5157851576805115,-5.0075836181640625,-5.419591426849365,-5.314320067564647,0.004896529333200232
sub-S0001121667953_ses-1,0,-2.7684305906295776,-2.315873436629772,-2.361720621585846,-2.482008216281732,0.07712913538958249
sub-S0001121669180_ses-1,0,-1.0592721700668335,-1.090441882610321,-0.2907228469848633,-0.813478966554006,0.30714964490313146
sub-S0001121669805_ses-1,0,-3.5367138981819153,-4.068534001708031,-3.649031475186348,-3.7514264583587646,0.022945368541787525
sub-S0001121674407_ses-1,0,2.053797721862793,2.2717974185943604,1.4598913192749023,1.9284954865773518,0.8730827994686953
sub-S0001121676005_ses-1,0,-5.117683172225952,-4.9797304682433605,-4.894848145544529,-4.997420595337947,0.006710020790738938
sub-S0001121677213_ses-1,0,-0.45088720321655273,-0.9319955408573151,-0.5376055538654327,-0.6401627659797668,0.34520974684837996
sub-S0001121677375_ses-2,1,0.28073926270008087,0.1961163580417633,0.04796040058135986,0.17493867377440134,0.5436234724256453
sub-S0001121677543_ses-1,0,-0.39003098011016846,-0.15235459804534912,-0.4764213562011719,-0.3396023114522298,0.4159060836008186
sub-S0001121680362_ses-2,0,-2.4747607707977295,-3.095199465751648,-2.6370585560798645,-2.735672930876414,0.06090090729984336
sub-S0001121680738_ses-1,0,-2.940396726131439,-3.6287940740585327,-2.3715677857398987,-2.9802528619766235,0.048325998118605634
sub-S0001121681451_ses-1,0,-5.586339071393013,-5.2489408300607465,-4.950492173433304,-5.2619240249623545,0.005158569606683624
sub-S0001121682691_ses-1,0,-4.352368354797363,-4.249678373336792,-4.439111292362213,-4.34705267349879,0.012779480075094043
sub-S0001121684137_ses-1,0,-2.464012861251831,-2.4173628091812134,-2.4260069131851196,-2.435794194539388,0.0804836183656917
sub-S0001121686233_ses-1,0,-1.2476760149002075,-1.5652219653129578,-0.5136241316795349,-1.1088407039642334,0.24808708034366364
sub-S0001121688216_ses-1,0,-2.878304034471512,-2.672024831175804,-2.6282401233911514,-2.7261896630128226,0.06144553804234646
sub-S0001121690268_ses-1,0,-1.6023024320602417,-1.7706275582313538,-2.2552245557308197,-1.876051515340805,0.13284306329219653
sub-S0001121693026_ses-1,0,-3.4838823676109314,-3.9107778668403625,-2.508066952228546,-3.3009090622266135,0.03554001625641847
sub-S0001121693187_ses-1,0,-4.709326386451721,-3.8047345876693726,-4.70919394493103,-4.407751639684041,0.012035910357645828
sub-S0001121693594_ses-1,0,3.5097672790288925,3.470596509054303,3.5335927442647517,3.504652177449316,0.9708198483099273
sub-S0001121695154_ses-1,0,2.146941661834717,-0.4567328095436096,1.5516845285892487,1.0806311269601185,0.7466133996741507
sub-S0001121695339_ses-1,0,-3.6478774696588516,-3.5356599138467573,-3.5526787117123604,-3.57873869840599,0.02715301553958772
sub-S0001121695905_ses-1,1,2.7083232402801514,2.7362122535705566,3.3401867151260376,2.928240736325582,0.9492249509166621
sub-S0001121696166_ses-1,0,-3.6826303005218506,-3.815469413995743,-3.9018695652484894,-3.7999897599220276,0.021881490100276898
sub-S0001121697041_ses-1,0,-1.4760740995407104,-1.411787986755371,-1.4666404128074646,-1.4515008330345154,0.18977069381209077
sub-S0001121697478_ses-1,0,-2.315773844718933,-1.5438998937606812,-2.1190356016159058,-1.9929031133651733,0.11995006559509028
sub-S0001121698368_ses-1,0,-4.504470482468605,-4.535552889108658,-5.218846023082733,-4.752956464886665,0.008552380388727973
sub-S0001121703409_ses-1,0,-3.2806092500686646,-3.19917368888855,-2.4059848189353943,-2.961922585964203,0.04917603233297944
sub-S0001121709832_ses-1,0,-2.324727714061737,-2.013346642255783,-1.9739989638328552,-2.104024440050125,0.10870628184344489
sub-S0001121710749_ses-2,1,-2.957663655281067,-3.028180181980133,-3.00358647108078,-2.9964767694473267,0.04758529500225259
sub-S0001121716260_ses-1,0,0.6757605671882629,1.0831701681017876,0.3131519556045532,0.6906942302982012,0.6661213439403462
sub-S0001121716656_ses-1,0,0.4791002869606018,0.17878055572509766,-0.08820128440856934,0.1898931860923767,0.5473311540885915
sub-S0001121718929_ses-1,0,-6.210531882941723,-5.3152202413766645,-4.868995890021324,-5.464916004779904,0.004214856350412498
sub-S0001121721144_ses-1,0,-5.364187955856323,-5.851279318332672,-4.917450450360775,-5.37763924151659,0.0045974783033378855
sub-S0001121722842_ses-1,0,-1.0226486027240753,-1.0110151320695877,-1.285834938287735,-1.1064995576937993,0.24852405500291347
sub-S0001121724389_ses-1,0,-1.87249755859375,-2.0016225576400757,-1.3919843435287476,-1.7553681532541912,0.14737139546245617
sub-S0001121725599_ses-1,0,-5.0212180614471436,-5.200932331383228,-4.788368407636881,-5.003506266822417,0.0066695813362127486
sub-S0001121728902_ses-1,0,-5.894398391246796,-5.3826465010643005,-4.4605245143175125,-5.245856468876203,0.005241686708970563
sub-S0001121729242_ses-1,0,-4.912339985370636,-4.511092782020569,-3.1011658310890198,-4.174866199493408,0.015144370248807151
sub-S0001121729625_ses-1,1,2.5509720742702484,2.4243444204330444,2.302965559065342,2.4260940179228783,0.9187955827550418
sub-S0001121730879_ses-1,0,-2.551866054534912,-1.925312876701355,-2.2940449714660645,-2.2570746342341104,0.09474096601330118
sub-S0001121731197_ses-2,0,-3.3508477807044983,-3.708522915840149,-2.824341356754303,-3.2945706844329834,0.035757917100931166
sub-S0001121744399_ses-1,0,-4.303284764289856,-4.046631719917059,-3.9845712780952454,-4.1114959207673865,0.016119163883179945
sub-S0001121752544_ses-1,0,-2.475821375846863,-3.5072303786873817,-3.251136399805546,-3.0780627181132636,0.044021270821973525
sub-S0001121758592_ses-1,0,-4.155035600066185,-4.191308949608356,-4.536382742226124,-4.294242430633555,0.013463175565434702
sub-S0001121759055_ses-1,0,-3.833728104829788,-3.7067789882421494,-4.368621025234461,-3.9697093727687993,0.018529109507159604
sub-S0001121762218_ses-1,0,-4.830428779125214,-5.083221018314362,-4.598412871360779,-4.837354222933452,0.00786564321793471
sub-S0001121762969_ses-1,0,-3.1043196320533752,-2.895517885684967,-3.346730589866638,-3.1155227025349936,0.0424714804933357
sub-S0001121765767_ses-1,0,-1.2718252539634705,-1.3632052391767502,-1.6267613917589188,-1.4205972949663799,0.19456796366154516
sub-S0001121765827_ses-1,0,-0.08552652597427368,0.2509603202342987,-0.28569620847702026,-0.04008747140566508,0.48997947403255865
sub-S0001121769919_ses-1,0,0.35304051637649536,0.8704822063446045,0.8928326070308685,0.7054517765839895,0.6693953909356924
sub-S0001121773638_ses-1,0,-2.6405581533908844,-2.893756751844194,-2.5076072365045547,-2.680640713913211,0.06412541427968184
sub-S0001121780061_ses-1,0,-4.251405403017998,-4.535501175560057,-5.099945232272148,-4.628950603616734,0.00967056797748831
sub-S0001121780396_ses-1,0,0.015447378158569336,0.666465274989605,0.32116295397281647,0.3343585357069969,0.582819496266501
sub-S0001121781985_ses-1,0,-0.13448429107666016,0.05304551124572754,-0.0703115463256836,-0.050583442052205406,0.4873568351945936
sub-S0001121789471_ses-1,0,-2.746599853038788,-4.234276160597801,-2.6683103442192078,-3.216395452618599,0.03855337328874855
sub-S0001121794960_ses-1,0,-1.3930449783802032,-1.8360354602336884,-1.3404712229967117,-1.5231838872035344,0.17899315422429207
sub-S0001121795362_ses-1,0,0.3896029591560364,0.7207413613796234,0.8323446810245514,0.6475630005200704,0.6564610804695464
sub-S0001121796209_ses-1,0,-5.009685456752777,-4.706071525812149,-4.745215535163879,-4.820324172576268,0.007999661878164283
sub-S0001121800061_ses-1,0,-4.591189086437225,-3.8058019280433655,-4.243426263332367,-4.213472425937653,0.014579206849131538
sub-S0001121800965_ses-1,0,-5.507353901863098,-5.298504531383514,-5.328753665089607,-5.37820403277874,0.00459489434870465
sub-S0001121801400_ses-1,0,-2.6035155057907104,-2.9862202405929565,-2.9105494022369385,-2.833428382873535,0.055544273732925774
sub-S0001121803084_ses-1,0,-2.490863800048828,-3.5846221446990967,-1.8974952399730682,-2.6576603949069977,0.06551843201488101
sub-S0001121803739_ses-1,0,-1.393310897052288,-1.634332064539194,-1.5396227091550827,-1.5224218902488549,0.1791051605777849
sub-S0001121808900_ses-1,0,-2.1329592168331146,-2.0153049276559614,-2.1786462366580963,-2.1089701270490573,0.10822802456353328
sub-S0001121815887_ses-1,0,-2.7981573939323425,-2.4910308066755533,-2.702702760696411,-2.663963653768102,0.06513356544501324
sub-S0001121816231_ses-1,0,-5.076651573181152,-5.299042642116547,-5.381879508495331,-5.252524574597676,0.005207032252852074
sub-S0001121819513_ses-1,0,-2.556032806634903,-1.9692378044128418,-2.0900269001722336,-2.2050991704066596,0.09929351558527928
sub-S0001121825709_ses-1,0,-3.3911998867988586,-3.4858255684375763,-3.7393762469291687,-3.5388005673885345,0.028228171404692616
sub-S0001121825775_ses-1,0,-5.41216117143631,-4.028388977050781,-4.811647266149521,-4.750732471545537,0.008571258781604084
sub-S0001121826505_ses-1,0,-3.2351338863372803,-3.1191270910203457,-3.5561859011650085,-3.303482292840878,0.03545191916646589
sub-S0001121827366_ses-1,1,4.383867919445038,4.935551285743713,5.2492289543151855,4.856216053167979,0.9922801922099912
sub-S0001121828407_ses-1,0,-1.6766155660152435,-1.0902222841978073,-1.1667278781533241,-1.311188576122125,0.2122880202961719
sub-S0001121829856_ses-1,0,-2.762104570865631,-2.596664309501648,-3.070577710866928,-2.809782197078069,0.05679784778847913
sub-S0001121830922_ses-1,0,-2.5245829820632935,-2.8035165667533875,-2.418015480041504,-2.5820383429527283,0.0703033863793249
sub-S0001121831173_ses-1,0,-4.031877517700195,-3.2734417021274567,-3.4271115511655807,-3.577476923664411,0.027186366133001207
sub-S0001121834137_ses-1,0,2.69365257024765,2.5289721488952637,2.9750999212265015,2.7325748801231384,0.9389216678041264
sub-S0001121840645_ses-1,0,-4.359007656574249,-3.749700129032135,-4.361365258693695,-4.156691014766693,0.01541785598252647
sub-S0001121841143_ses-1,0,-1.3173285722732544,-1.1323236525058746,-1.0107103437185287,-1.1534541894992192,0.23985872690992668
sub-S0001121841182_ses-1,0,0.8921562135219574,0.6372255198657513,1.074686549603939,0.8680227609972159,0.7043341091999736
sub-S0001121841380_ses-1,0,-3.7128971219062805,-3.8850015997886658,-3.4492456316947937,-3.6823814511299133,0.024545345018467824
sub-S0001121852497_ses-1,0,-3.3523547276854515,-3.1764708803384565,-2.763762205839157,-3.0975292712876885,0.04320928520372743
sub-S0001121854664_ses-1,0,-2.2839975357055664,-2.2553250789642334,-2.644752860069275,-2.394691824913025,0.08357836801328934
sub-S0001121854978_ses-1,1,3.2019290030002594,2.6783777624368668,2.9927795827388763,2.9576954493920007,0.9506259391843026
sub-S0001121855200_ses-1,0,-6.205968886613846,-6.334163632243872,-4.763732578605413,-5.76795503248771,0.003116401525175961
sub-S0001121855340_ses-1,0,-2.7339521646499634,-2.5831058025360107,-2.6188939809799194,-2.645317316055298,0.06627821141516223
sub-S0001121856035_ses-1,0,-1.001909077167511,-0.29023951292037964,-0.6354235410690308,-0.6425240437189738,0.34467619894241724
sub-S0001121859539_ses-1,0,-3.642112284898758,-3.901791475713253,-3.953992784023285,-3.8326321815450988,0.02119365060220422
sub-S0001121863737_ses-1,0,-5.028020799160004,-4.19270946085453,-5.244790345430374,-4.821840201814969,0.007987640143683819
sub-S0001121864837_ses-1,0,-3.0546301901340485,-3.4958890676498413,-3.358062267303467,-3.302860508362452,0.03547318727940108
sub-S0001121865164_ses-1,0,-5.076686337590218,-5.581171188503504,-4.507648356258869,-5.055168627450864,0.0063358919601393384
sub-S0001121866224_ses-1,0,-4.768906407058239,-4.774835396325216,-3.7751254588365555,-4.439622420740004,0.011662768013358816
sub-S0001121868009_ses-1,1,2.551386296749115,2.7721886038780212,2.114494174718857,2.479356358448664,0.9226818929541624
sub-S0001121870207_ses-1,0,-5.298503875732422,-4.448997914791107,-5.502533674240112,-5.083345154921214,0.006160944677049805
sub-S0001121872476_ses-1,0,-0.8118068631738424,0.5839792444021441,-0.33616289496421814,-0.18799683791197216,0.4531387267189475
sub-S0001121873685_ses-1,0,-3.464306592941284,-2.596221446990967,-2.938228726387024,-2.999585588773092,0.04744459840423545
sub-S0001121879468_ses-1,0,-1.4436004161834717,-0.847545862197876,-1.3614240884780884,-1.217523455619812,0.22837257000703767
sub-S0001121881205_ses-1,0,-4.588334083557129,-4.6441808342933655,-3.1087800413370132,-4.113764986395836,0.016083217491005764
sub-S0001121882611_ses-1,0,-4.660404598340392,-4.959507827588823,-4.838195741176605,-4.819369389035273,0.008007242283025988
sub-S0001121886457_ses-1,0,-4.49878054857254,-3.314497947692871,-4.14567905664444,-3.9863191843032837,0.01822945040731833
sub-S0001121887520_ses-1,0,3.008108377456665,3.345971941947937,3.7473372370004654,3.3671391854683557,0.966661618863206
sub-S0001121888695_ses-1,1,1.6190319061279297,1.4571050107479095,1.2840547561645508,1.4533972243467967,0.8105207195709747
sub-S0001121890766_ses-1,0,-2.619331479072571,-2.7427552938461304,-3.381679356098175,-2.914588709672292,0.05143708491173629
sub-S0001121892229_ses-1,0,-2.00528222322464,-1.731366515159607,-2.0512768626213074,-1.929308533668518,0.12682713473842333
sub-S0001121894185_ses-1,0,-1.478906661272049,-1.2499200440943241,-1.390792965888977,-1.3732065570851166,0.20210227287798482
sub-S0001121895062_ses-1,0,-3.983503222465515,-3.5665364265441895,-3.2005659341812134,-3.5835351943969727,0.027026599554878312
sub-S0001121895124_ses-1,0,-3.625489354133606,-3.2597235441207886,-3.8264285922050476,-3.5705471634864807,0.027370241082736765
sub-S0001121895434_ses-1,0,0.5228016674518585,-0.047207461670041084,-0.24388183280825615,0.07723745765785377,0.5192997707689246
sub-S0001121897209_ses-1,0,-0.2812161445617676,-0.08604627847671509,0.20375189185142517,-0.05450351039568583,0.48637749452241685
sub-S0001121898673_ses-1,0,-0.46134036779403687,-0.41728830337524414,-0.7003907561302185,-0.5263398090998331,0.37137097327542434
sub-S0001121901421_ses-1,0,-1.1627611815929413,-1.8139908015727997,-1.0880125164985657,-1.3549214998881023,0.20506693144841268
sub-S0001121902705_ses-1,0,-1.8301188945770264,-1.8838133811950684,-2.6276880502700806,-2.1138734420140586,0.10775569078696463
sub-S0001121903400_ses-1,0,-5.403310060501099,-10.652539849281311,-3.1457910537719727,-6.4005469878514605,0.0016578954881136723
sub-S0001121903621_ses-1,0,-3.0836973190307617,-1.936777949333191,-2.988789439201355,-2.669754902521769,0.06478181628610612
sub-S0001121904231_ses-1,0,-1.378036916255951,-1.624082863330841,-1.1902609169483185,-1.3974602321783702,0.19821944356914878
sub-S0001121906104_ses-1,0,-3.8419639468193054,-3.896848827600479,-3.7329567670822144,-3.823923180500666,0.0213750696554194
sub-S0001121906812_ses-1,0,-2.541911005973816,-1.9326991699635983,-1.798403412103653,-2.0910045293470225,0.10997421261625241
sub-S0001121907919_ses-1,0,-1.5994170308113098,-0.943189799785614,-2.077009379863739,-1.5398720701535542,0.17655387278358606
sub-S0001121908637_ses-1,0,-4.700841903686523,-5.297215640544891,-5.211525931954384,-5.0698611587285995,0.0062440592103965775
sub-S0001121913286_ses-1,0,-1.247232735157013,-0.6869937181472778,-1.196938693523407,-1.0437217156092327,0.2604325249873955
sub-S0001121913965_ses-1,0,-3.5977160781621933,-3.6630417855922133,-3.043201267719269,-3.4346530438245586,0.031229849044476603
sub-S0001121916472_ses-1,0,-3.214357763528824,-3.5279217436909676,-3.4374473839998245,-3.3932422970732055,0.03250732840254168
sub-S0001121920528_ses-1,0,-2.47040955722332,-2.8819270879030228,-1.4735178500413895,-2.2752848317225776,0.09319065025949821
sub-S0001121920660_ses-1,0,-1.0148057043552399,-1.2496857643127441,-0.593157023191452,-0.9525494972864786,0.2783723866319132
sub-S0001121923608_ses-1,0,-4.205201745033264,-3.7673632502555847,-4.631684392690659,-4.201416462659836,0.01475342816753976
sub-S0001121924032_ses-1,1,1.5333077311515808,1.2869936227798462,1.7032793164253235,1.5078602234522502,0.8187438755511752
sub-S0001121928677_ses-1,0,-2.927788197994232,-2.07172954082489,-2.599592089653015,-2.5330366094907126,0.07357439943121712
sub-S0001121929439_ses-1,0,-2.106059730052948,-1.704664707183838,-1.6453518867492676,-1.818692107995351,0.1395908836490136
sub-S0001121933931_ses-1,0,-5.440348297357559,-4.776871055364609,-5.095017924904823,-5.104079092542331,0.0060352822257567825
sub-S0001121936906_ses-1,0,-5.201863586902618,-5.0087990164756775,-5.641488283872604,-5.2840502957503,0.005046252835393316
sub-S0001121938340_ses-1,0,-1.612420231103897,-1.6096345484256744,-2.430017478764057,-1.8840240860978763,0.1319273420901779
sub-S0001121943679_ses-1,0,-3.8353596925735474,-3.4377105236053467,-3.7636461555957794,-3.6789054572582245,0.02462870797968177
sub-S0001121943865_ses-2,0,-4.743438422679901,-4.642741084098816,-4.853040784597397,-4.746406763792038,0.008608095997934087
sub-S0001121946704_ses-1,0,-3.8133015632629395,-2.936971664428711,-4.161257833242416,-3.6371770203113556,0.025651249385629973
sub-S0001121950411_ses-2,0,-2.460090398788452,-1.3808927536010742,-1.7981985807418823,-1.8797272443771362,0.13242020595614776
sub-S0001121950517_ses-3,0,-3.3493061661720276,-2.7851139903068542,-3.0612714886665344,-3.0652305483818054,0.04456446300536379
sub-S0001121950536_ses-1,0,-2.045284867286682,-2.3903564363718033,-2.0034337043762207,-2.1463583360115686,0.10467201351537873
sub-S0001121951340_ses-1,0,-3.405723810195923,-3.073121666908264,-2.8530355095863342,-3.110626995563507,0.04267102397373338
sub-S0001121951865_ses-1,0,0.9507192969322205,1.7389898300170898,1.4066918790340424,1.3654670019944508,0.7966467922127733
sub-S0001121951873_ses-1,0,-3.4521397948265076,-1.6429848670959473,-2.5705543756484985,-2.5552263458569846,0.07207615845201731
sub-S0001121953316_ses-1,0,0.6138747185468674,1.6891499757766724,0.7573048174381256,1.0201098372538884,0.7349939938798897
sub-S0001121953887_ses-1,0,-0.590680718421936,-1.4949181079864502,-0.7724132239818573,-0.9526706834634145,0.2783480432609956
sub-S0001121954340_ses-1,0,-0.5826870203018188,-0.4359414577484131,0.8523331880569458,-0.055431763331095375,0.48614560649583166
sub-S0001121955880_ses-1,0,-1.5322426557540894,-1.5703558921813965,-1.0172209739685059,-1.3732731739679973,0.20209153065620455
sub-S0001121956467_ses-1,0,-3.514378249645233,-2.971010208129883,-3.2397175431251526,-3.2417020003000894,0.03762621173704625
sub-S0001121959023_ses-1,0,-3.6626757383346558,-4.0577691197395325,-2.1739927530288696,-3.298145870367686,0.03563485162299961
sub-S0001121960499_ses-1,0,-4.204967141151428,-3.881772994995117,-3.562412992119789,-3.883051042755445,0.020172602826031963
sub-S0001121962344_ses-1,0,-2.7366231083869934,-3.314120054244995,-3.3660377264022827,-3.1389269630114236,0.04152981062439528
sub-S0001121963904_ses-1,0,-3.1968603879213333,-3.026380330324173,-3.0979259610176086,-3.1070555597543716,0.042817156394111
sub-S0001121964122_ses-1,0,-2.6628007888793945,-3.771898001432419,-2.9835778176784515,-3.139425535996755,0.04150996941983958
sub-S0001121965324_ses-1,0,-0.7471956610679626,-1.4833669178187847,-0.18811794742941856,-0.8062268421053886,0.30869511505540137
sub-S0001121965807_ses-1,0,-3.282521069049835,-2.5525787472724915,-3.7532013654708862,-3.196100393931071,0.03931273587817618
sub-S0001121970543_ses-1,0,-2.236204117536545,-1.6763739753514528,-1.5593945384025574,-1.8239908770968516,0.13895568809632333
sub-S0001121972054_ses-1,0,-1.7064554989337921,-2.1195637583732605,-1.8584381267428398,-1.8948191280166309,0.1306959713392565
sub-S0001121985734_ses-1,0,-2.5747702047228813,-3.060795907804277,-1.8708831518888474,-2.5021497548053353,0.07570761156617103
sub-S0001121985785_ses-1,0,-3.5043507516384125,-4.067431375384331,-3.9510415494441986,-3.8409412254889808,0.02102196782261827
sub-S0001121986524_ses-1,0,-1.7680387496948242,-1.7769746780395508,-1.066874623298645,-1.5372960170110066,0.17692869819702833
sub-S0001121986539_ses-1,0,-4.389886528253555,-4.5720728021115065,-4.229224413633347,-4.39706124799947,0.01216369568863526
sub-S0001121992464_ses-1,0,-0.4146342873573303,-0.6412348747253418,-0.10182678699493408,-0.3858986496925354,0.40470500594318093
sub-S0001121995464_ses-1,0,-2.8720229268074036,-2.339518941938877,-2.6443424224853516,-2.618628097077211,0.0679491275098314
sub-S0001121996079_ses-1,0,-1.4104816317558289,-1.3524848818778992,-1.2450092434883118,-1.33599191904068,0.20816995874003905
sub-S0001121998528_ses-1,0,-4.375192224979401,-4.814342737197876,-4.462551474571228,-4.550695478916168,0.010449512308331159
sub-S0001122000009_ses-1,0,-3.2345536947250366,-2.906942754983902,-3.045614868402481,-3.0623704393704734,0.044686400828306806
sub-S0001122002202_ses-1,1,5.06583833694458,6.615264654159546,6.357508897781372,6.012870629628499,0.9975589199495126
sub-S0001122004990_ses-1,0,-3.3373077511787415,-3.083844304084778,-3.2925886511802673,-3.2379135688145957,0.03776363321221965
sub-S0001122006767_ses-1,0,-2.4708089530467987,-3.282319823745638,-2.0125836208462715,-2.588570799212903,0.06987761631966058
sub-S0001122007099_ses-1,0,3.194394826889038,2.640067398548126,3.290575861930847,3.0416793624560037,0.9544219384364085
sub-S0001122008137_ses-1,1,3.4193567633628845,3.88919734954834,3.1471259593963623,3.4852266907691956,0.970264488293527
sub-S0001122012278_ses-1,0,-3.988839343190193,-3.902998646721244,-4.062781810760498,-3.984873266890645,0.01825534622465703
sub-S0001122013699_ses-1,1,-1.3502447605133057,-0.8676892518997192,-0.6229271292686462,-0.9469537138938904,0.2794978671820868
sub-S0001122014931_ses-1,0,-4.645817279815674,-4.208513170480728,-5.067580066621304,-4.6406368389725685,0.00955928725614609
sub-S0001122014982_ses-1,0,-0.31817692518234253,0.26615381240844727,-0.43160778284072876,-0.161210298538208,0.4597844836150024
sub-S0001122019177_ses-1,0,-2.6569274067878723,-3.37066800147295,-3.2879378497600555,-3.105177752673626,0.04289418225732679
sub-S0001122024052_ses-1,0,1.4855908676981926,1.405192770063877,1.3387592136859894,1.409847617149353,0.8037419077458532
sub-S0001122028504_ses-1,0,-0.5330360531806946,-0.3462707996368408,-0.5191646814346313,-0.4661571780840556,0.38552619036922353
sub-S0001122028612_ses-1,0,-2.549076199531555,-1.9620977640151978,-2.6815508604049683,-2.3975749413172402,0.08335780636549484
sub-S0001122030041_ses-1,0,-0.9359534680843353,-1.8418911918997765,-1.0498608350753784,-1.2759018316864967,0.2182486299374457
sub-S0001122030840_ses-1,0,-6.112446561455727,-6.3316837549209595,-5.88701169192791,-6.110380669434865,0.0022147894970222562
sub-S0001122031059_ses-1,0,-3.997486650943756,-3.9312394857406616,-4.32918918132782,-4.085971772670746,0.01652899941902951
sub-S0001122038013_ses-1,0,-0.7458290457725525,-0.70744788646698,-1.449814647436142,-0.9676971932252248,0.275339738315005
sub-S0001122039790_ses-3,0,-1.9923737049102783,-1.8828977942466736,-1.3138380646705627,-1.7297031879425049,0.1506255491987539
sub-S0001122040966_ses-1,0,-4.4956419467926025,-3.9230890199542046,-4.152446210384369,-4.190392392377059,0.014914531631332542
sub-S0001122043134_ses-1,0,-2.1860779523849487,-2.5763348266482353,-1.40622179210186,-2.0562115237116814,0.11342624443740737
sub-S0001122044826_ses-1,0,-1.2784043550491333,-0.7328730821609497,-1.632076621055603,-1.2144513527552288,0.22891438318564827
sub-S0001122053381_ses-1,0,-2.5496256053447723,-2.8998502538888715,-2.34515468031168,-2.5982101798484414,0.06925369899218649
sub-S0001122053605_ses-1,0,1.882942020893097,1.5147011578083038,1.8099887073040009,1.7358772953351338,0.8501626479189494
sub-S0001122054242_ses-1,0,-2.5442931056022644,-2.9299421906471252,-1.7066130936145782,-2.393616129954656,0.08366079565840677
sub-S0001122058103_ses-1,0,-0.24145221710205078,-1.066000074148178,-0.6369037851691246,-0.6481186921397845,0.3434136108931809
sub-S0001122062477_ses-1,1,4.338042378425598,4.834799528121948,4.572874546051025,4.581905484199524,0.9898683271061277
sub-S0001122067138_ses-1,0,-4.549055486917496,-4.875507026910782,-4.55264338850975,-4.659068634112676,0.009386344971666535
sub-S0001122068360_ses-1,0,-1.776078701019287,-1.8303765654563904,-2.228715479373932,-1.9450569152832031,0.12509335230741414
sub-S0001122069461_ses-1,0,-6.196509003639221,-9.13352370262146,-5.615301728248596,-6.981778144836426,0.0009277888676544291
sub-S0001122081629_ses-1,0,-6.229666266590357,-7.1006613075733185,-6.50819256901741,-6.612840047727029,0.0013412112448978892
sub-S0001122082698_ses-1,0,-0.4594564437866211,-0.6280369758605957,-0.39681315422058105,-0.4947688579559326,0.37877079181183393
sub-S0001122083172_ses-1,0,-1.0644894540309906,-1.214129239320755,-1.7021365780383348,-1.3269184237966936,0.20966955089800754
sub-S0001122083588_ses-2,0,-2.3313074707984924,-2.178068369626999,-2.887817621231079,-2.4657311538855233,0.07829574459054377
sub-S0001122083719_ses-1,0,-5.058384537696838,-5.142188090831041,-5.577583096921444,-5.2593852418164415,0.00517161491885969
sub-S0001122089090_ses-1,0,0.1853805035352707,0.07771620340645313,-0.15532344579696655,0.035924420381585755,0.5089801393291401
sub-S0001122094686_ses-1,0,-1.8846160769462585,-1.5397733449935913,-1.6427246928215027,-1.6890380382537842,0.15590238934565043
sub-S0001122094999_ses-1,0,0.5147402286529541,0.7051063776016235,-0.24306216835975647,0.32559481263160706,0.5806871424485361
sub-S0001122095728_ses-1,0,-0.6377923488616943,0.1580883264541626,0.9755120873451233,0.16526935497919717,0.5412235499005107
sub-S0001122096498_ses-1,0,-3.897551953792572,-3.773581862449646,-3.647406429052353,-3.772846748431524,0.022470025200503885
sub-S0001122097908_ses-2,0,-1.6486389636993408,-1.5913939476013184,-1.9285423755645752,-1.7228584289550781,0.15150334622724174
sub-S0001122098349_ses-1,0,0.3275423049926758,0.5662308931350708,0.3782689571380615,0.42401405175526935,0.6044433770806763
sub-S0001122100927_ses-1,0,-3.003153383731842,-3.417816936969757,-3.29627788066864,-3.2390827337900796,0.037721171584130166
sub-S0001122102106_ses-1,0,-1.2331104278564453,-1.6617967784404755,-1.658167839050293,-1.5176916817824047,0.17980168253409445
sub-S0001122106822_ses-1,0,-6.202815532684326,-5.584753632545471,-5.359810888767242,-5.715793351332347,0.00328272477922641
sub-S0001122108327_ses-1,1,1.5004494190216064,2.0239216089248657,1.444882720708847,1.6564179162184398,0.839756564687349
sub-S0001122109080_ses-1,0,-0.9592020213603973,-0.7108138352632523,-0.8395787477493286,-0.8365315347909927,0.30226578532544623
sub-S0001122110486_ses-1,0,-3.132150650024414,-2.6523128747940063,-2.829426884651184,-2.8712968031565347,0.05359084153645158
sub-S0001122115803_ses-1,0,0.6488826870918274,0.3527885675430298,0.7759821563959122,0.5925511370102564,0.6439502806595706
sub-S0001122116208_ses-1,0,-3.629773050546646,-3.7529472410678864,-3.6148988297209144,-3.665873040445149,0.024943721577387855
sub-S0001122117229_ses-1,0,-1.1871398091316223,-1.5508693531155586,-0.3515315651893616,-1.0298469091455142,0.2631137850983963
sub-S0001122120184_ses-4,1,2.8788197338581085,3.1037683188915253,3.15368365496397,3.0454239025712013,0.9545845516667194
sub-S0001122121846_ses-1,0,-1.4706648588180542,-1.564949095249176,-1.7370334682054818,-1.590882474090904,0.16925977523527963
sub-S0001122122868_ses-1,0,-0.9060590267181396,-0.20530647039413452,0.6698900684714317,-0.14715847621361414,0.4632766293107289
sub-S0001122125768_ses-1,0,-0.4896200895309448,-0.5927268266677856,-0.20759177207946777,-0.4299795627593994,0.3941312118031437
sub-S0001122126038_ses-2,1,6.15661096572876,7.414831161499023,6.201093912124634,6.590845346450806,0.9986290032978363
sub-S0001122126461_ses-1,0,-1.5426584482192993,-1.3212751150131226,-0.9361753463745117,-1.2667029698689778,0.2198221716642003
sub-S0001122130257_ses-1,0,-4.636695772409439,-5.650553524494171,-2.3490711748600006,-4.212106823921204,0.014598838991156977
sub-S0001122132769_ses-1,0,-2.533324360847473,-3.032241211272776,-3.4891841895878315,-3.0182499205693603,0.04660817911738851
sub-S0001122133894_ses-1,0,-3.5022014379501343,-3.3775886967778206,-4.023087978363037,-3.634292704363664,0.02572343656649179
sub-S0001122134538_ses-1,0,-0.9822500348091125,-0.7520725131034851,-0.8738837838172913,-0.8694021105766296,0.29537872558194667
sub-S0001122137855_ses-1,1,2.1968477368354797,2.961861789226532,2.5483372807502747,2.569015602270762,0.9288406589299047
sub-S0001122138746_ses-1,0,-5.878056854009628,-6.138677716255188,-6.026986852288246,-6.014573807517688,0.0024369361186377986
sub-S0001122139763_ses-1,0,-0.3185797929763794,-0.5503994822502136,-0.33038169890642166,-0.39978699137767154,0.40136351857364816
sub-S0001122141360_ses-1,0,-2.8435537815093994,-2.4524582028388977,-2.608555108308792,-2.634855697552363,0.06692857802918195
sub-S0001122143208_ses-1,0,-2.8184037506580353,-1.9787516593933105,-2.3362823724746704,-2.3778125941753387,0.08488031969195434
sub-S0001122145802_ses-1,0,-4.0652077198028564,-3.807194232940674,-4.274985253810883,-4.049129068851471,0.01713869795070855
sub-S0001122147663_ses-1,0,0.04396325349807739,0.8815791308879852,0.9462220221757889,0.6239214688539505,0.651109899224623
sub-S0001122147807_ses-1,0,0.12891560792922974,-0.13062942028045654,0.2865518033504486,0.0949459969997406,0.5237186837745431
sub-S0001122148722_ses-1,0,-3.179352819919586,-3.1873775124549866,-3.2604503333568573,-3.2090602219104767,0.03882619057733634
sub-S0001122160181_ses-1,0,-6.593776345252991,-10.221355199813843,-7.242180824279785,-8.01910412311554,0.00032900645619243546
sub-S0001122160579_ses-1,0,-0.8919236660003662,-1.3856397867202759,-1.8435064554214478,-1.3736899693806965,0.2020243305142196
sub-S0001122160941_ses-1,0,1.32183837890625,1.451749861240387,1.6714295446872711,1.481672594944636,0.8148250833770437
sub-S0001122161925_ses-2,0,-1.0253862738609314,-0.31137996912002563,-1.1988050267100334,-0.8451904232303301,0.30044274825190237
sub-S0001122165779_ses-1,0,-4.073585659265518,-3.58969156537205,-4.336195506155491,-3.9998242435976863,0.017989314558794885
sub-S0001122169613_ses-1,0,-2.023419737815857,-2.009136915206909,-2.247224807739258,-2.093260486920675,0.1097535939598519
sub-S0001122170374_ses-1,0,-4.419413089752197,-4.086114287376404,-3.479195475578308,-3.9949076175689697,0.018076376344316008
sub-S0001122171525_ses-1,0,-3.684438556432724,-2.870305033400655,-3.011829163879156,-3.188857584570845,0.03958719139914829
sub-S0001122173321_ses-1,0,-4.746330246329308,-4.8138014525175095,-4.192894726991653,-4.5843421419461565,0.010107264746138822
sub-S0001122177534_ses-1,0,-2.7596596777439117,-1.8258113786578178,-2.6356381103396416,-2.4070363889137902,0.08263770797069217
sub-S0001122179354_ses-1,0,0.9919116348028183,0.6497954428195953,0.7839647233486176,0.8085572669903437,0.6918019814622371
sub-S0001122179715_ses-1,0,-4.140138208866119,-4.738509654998779,-3.0875998437404633,-3.988749235868454,0.018186010318088745
sub-S0001122180883_ses-1,0,-1.1948820054531097,-1.074631154537201,-1.1978141367435455,-1.1557757655779521,0.23943569770045017
sub-S0001122181275_ses-1,0,-0.9956502020359039,-0.6849821209907532,-0.20471537113189697,-0.6284492313861847,0.3478622529838477
sub-S0001122182225_ses-1,0,-3.9837373793125153,-4.357610326260328,-4.378051459789276,-4.2397997217873735,0.014205765788309324
sub-S0001122184000_ses-1,0,-0.05682873725891113,0.8924098014831543,-0.2579994201660156,0.19252721468607584,0.5479836786571151
sub-S0001122184192_ses-1,0,-3.3322973251342773,-3.2528590857982635,-3.2995808124542236,-3.294912407795588,0.03574613659153903
sub-S0001122184574_ses-1,0,-6.193297833204269,-5.644894972443581,-6.37652837112546,-6.0715737255911035,0.00230222644150112
sub-S0001122185497_ses-1,0,-3.1645618081092834,-3.499587018042803,-2.5643254220485687,-3.0761580827335515,0.044101493999155285
sub-S0001122189645_ses-3,0,-2.7473191916942596,-2.7762017250061035,-3.1695899665355682,-2.8977036277453103,0.05226719776906892
sub-S0001122191487_ses-1,0,-0.9303224980831146,-1.8121127933263779,-0.33674629032611847,-1.026393860578537,0.263783826562148
sub-S0001122192889_ses-1,0,-0.6564232409000397,-0.890237420797348,-0.6275227293372154,-0.7247277970115343,0.32635274062613273
sub-S0001122193365_ses-1,0,-4.79847526550293,-4.712814152240753,-4.396912485361099,-4.636067301034927,0.009602648318148102
sub-S0001122195030_ses-1,0,-1.5946879386901855,-0.708183765411377,-1.6094096899032593,-1.3040937980016072,0.2134768436850176
sub-S0001122203719_ses-1,0,-2.5870721638202667,-2.4846280217170715,-2.3373496532440186,-2.4696832795937858,0.07801101229336384
sub-S0001122205544_ses-1,0,-1.2782469391822815,-1.3812317252159119,-0.6410424709320068,-1.1001737117767334,0.24970734746519896
sub-S0001122209791_ses-1,0,-2.7869898080825806,-3.0387374460697174,-1.874919205904007,-2.566882153352102,0.0713004819244442
sub-S0001122210569_ses-1,0,-3.245320290327072,-2.2376195546239614,-3.5327589362859726,-3.005232927079002,0.04719002610337047
sub-S0001122214855_ses-1,0,-1.3610938787460327,-1.1773998737335205,-1.5038674473762512,-1.347453733285268,0.20628696702373636
sub-S0001122215505_ses-1,0,-0.9495164155960083,-0.258744478225708,-0.7971958518028259,-0.6684855818748474,0.3388360272453483
sub-S0001122220009_ses-1,0,-2.7931025624275208,-2.43658846616745,-2.67425599694252,-2.634649008512497,0.06694148673811365
sub-S0001122220161_ses-1,1,2.3469882011413574,1.937790036201477,1.6186379790306091,1.9678054054578145,0.8773751967024253
sub-S0001122221329_ses-1,0,0.8933910727500916,0.41669613122940063,1.7752105593681335,1.028432587782542,0.7366119074592223
sub-S0001122221499_ses-1,0,-4.840313717722893,-4.118203447200358,-5.127358514815569,-4.6952918932462735,0.009055449098483147
sub-S0001122227415_ses-1,0,-1.3319700360298157,-1.3645796477794647,-1.367003172636032,-1.3545176188151042,0.20513277775613667
sub-S0001122228121_ses-3,0,-2.200620174407959,-1.1327084302902222,-2.6303816214203835,-1.9879034087061882,0.12047884831341636
sub-S0001122229570_ses-1,0,-5.833840489387512,-6.1785895228385925,-5.716098576784134,-5.909509529670079,0.0027061742098901703
sub-S0001122231849_ses-1,0,-0.44909897446632385,-0.510017916560173,0.24530439637601376,-0.23793749821682772,0.44079468430084157
sub-S0001122236206_ses-1,0,-4.29310155659914,-4.840836887189653,-4.099661350250244,-4.411199931346346,0.011994975477993114
sub-S0001122236228_ses-1,0,-5.789034962654114,-5.6739013865590096,-6.0944624319672585,-5.85246626039346,0.0028645759589914963
sub-S0001122239404_ses-1,0,-2.851715624332428,-2.6182010173797607,-3.090648263692856,-2.853521635135015,0.054499564641946045
sub-S0001122241400_ses-1,1,1.3796969056129456,1.4666841477155685,1.7386021614074707,1.5283277382453282,0.8217615105984121
sub-S0001122242472_ses-1,0,-4.688774511218071,-4.763557796308305,-5.533693894743919,-4.995342067423432,0.006723888385518761
sub-S0001122245184_ses-1,0,-3.5343921184539795,-2.9525855481624603,-4.32160734385252,-3.60286167015632,0.026523006382424316
sub-S0001122245686_ses-1,0,-2.5559290051460266,-2.699751858599484,-3.1168929245322943,-2.790857929425935,0.05782020009982131
sub-S0001122246925_ses-1,0,-1.5801920592784882,-0.913810198137071,-1.4865010380744934,-1.3268344318300176,0.2096834693975672
sub-S0001122251876_ses-1,0,-0.49019700288772583,-0.6938207149505615,-0.6737951040267944,-0.619270940621694,0.34994728275365894
sub-S0001122251982_ses-1,0,-4.787269055843353,-4.461621999740601,-4.9730034917593,-4.740631515781085,0.008657522074678401
sub-S0001122256480_ses-1,0,-2.3282898664474487,-1.9413667917251587,-2.1940807104110718,-2.1545791228612265,0.10390409602330367
sub-S0001122256741_ses-1,0,-4.873572289943695,-5.20561683177948,-4.466913104057312,-4.848700741926829,0.007777590172034552
sub-S0001122257862_ses-3,1,-0.1613389253616333,0.47323232889175415,-0.5110323429107666,-0.06637964646021526,0.4834111791556408
sub-S0001122257894_ses-1,0,-3.1351863145828247,-3.5395360589027405,-3.545576751232147,-3.4067663749059043,0.032084666694702856
sub-S0001122258370_ses-1,0,-3.4219437688589096,-3.5201212130486965,-3.249102473258972,-3.3970558183888593,0.032387604449566613
sub-S0001122262097_ses-1,0,-3.57352913916111,-3.1599842355935834,-3.9223509430885315,-3.5519547726144083,0.02786956451337609
sub-S0001122263259_ses-1,0,-4.664241135120392,-3.355557471513748,-3.7076491117477417,-3.909149239460627,0.01966316295275558
sub-S0001122265269_ses-1,1,1.1559149399399757,1.0107581569463946,0.4500017478130758,0.8722249482331487,0.7052084524465648
sub-S0001122266695_ses-1,0,-2.5444775819778442,-1.6213430166244507,-1.7500146627426147,-1.97194508711497,0.12218011871640767
sub-S0001122267112_ses-1,0,-2.7663984298706055,-3.0574445128440857,-2.292078971862793,-2.7053073048591614,0.06266090957009451
sub-S0001122267237_ses-1,0,-3.1536874175071716,-3.4910994404926896,-2.8701489567756653,-3.171645271591842,0.0402468154077966
sub-S0001122267836_ses-1,0,-2.4955314695835114,-2.4872674643993378,-2.5989434123039246,-2.527247448762258,0.0739699710366436
sub-S0001122267903_ses-1,0,-0.2848351001739502,0.17567023634910583,-0.33172278478741646,-0.14696254953742027,0.463325347102268
sub-S0001122269505_ses-1,0,-3.212413251399994,-3.0841568410396576,-2.661618649959564,-2.986062914133072,0.048059490489214166
sub-S0001122271082_ses-1,0,-1.618768572807312,-2.360690116882324,-1.0515319108963013,-1.6769968668619792,0.15749354284478345
sub-S0001122271251_ses-1,0,-1.980810284614563,-2.1854571104049683,-1.6952334642410278,-1.9538336197535198,0.12413594228892404
sub-S0001122273592_ses-1,0,-5.17045921087265,-4.047530330717564,-5.162617862224579,-4.793535801271598,0.008215071675315967
sub-S0001122274453_ses-1,0,-0.5276103615760803,-1.1271247416734695,-1.0503318309783936,-0.9016889780759811,0.28870353556247424
sub-S0001122279204_ses-1,0,-1.6858248710632324,-1.323262870311737,-1.4614890217781067,-1.4901922543843586,0.18389287284239642
sub-S0001122281690_ses-1,0,-2.6246704310178757,-2.9135297536849976,-2.2464194744825363,-2.59487321972847,0.06946910092871397
sub-S0001122289028_ses-1,0,-3.1755495071411133,-3.971139132976532,-2.542406737804413,-3.2296984593073526,0.038063286286631845
sub-S0001122289212_ses-1,0,-3.974016845226288,-3.4576897621154785,-3.9332206547260284,-3.7883090873559317,0.02213288906085844
sub-S0001122292767_ses-1,0,2.90270659327507,3.329504842928145,2.7302035689353943,2.9874716683795364,0.9520049186835673
sub-S0001122293535_ses-1,0,-3.5881197452545166,-4.020297585986555,-4.586319476366043,-4.064912269202371,0.01687484683717704
sub-S0001122294304_ses-1,0,-3.9576092958450317,-4.337738215923309,-3.4763194555416703,-3.9238889891033373,0.019381034420663884
sub-S0001122295491_ses-1,0,-3.0858937203884125,-4.417334772646427,-2.1337572932243347,-3.212328595419725,0.03870440274743236
sub-S0001122298144_ses-1,0,2.256521224975586,3.4458882808685303,3.2760504484176636,2.9928199847539267,0.9522487016492779
sub-S0001122298372_ses-1,0,-4.792098939418793,-4.754561066627502,-5.100992560386658,-4.882550855477651,0.007520670753372868
sub-S0001122300510_ses-1,0,-3.0248507857322693,-3.612884044647217,-2.682446539402008,-3.106727123260498,0.04283061900665813
sub-S0001122301678_ses-1,1,1.810276061296463,2.1209089159965515,1.1857584118843079,1.7056477963924408,0.8462709309323454
sub-S0001122305290_ses-1,0,-3.5064017176628113,-3.2900669276714325,-3.3397156298160553,-3.3787280917167664,0.03296691928537701
sub-S0001122309156_ses-1,0,-0.4903278946876526,-0.14496219158172607,-0.5131111741065979,-0.3828004201253255,0.40545164773683523
sub-S0001122312092_ses-1,0,-4.5442535281181335,-4.5270503759384155,-5.225305482745171,-4.76553646226724,0.00844636841478261
sub-S0001122313330_ses-1,0,-4.935656324028969,-4.6446646497934125,-5.360937833786011,-4.980419602536131,0.006824287886303503
sub-S0001122317003_ses-1,0,-3.6017303466796875,-2.998917465447448,-4.058087557554245,-3.5529117898937934,0.027843647898035593
sub-S0001122317219_ses-1,0,-3.2302105724811554,-3.17482627928257,-3.0148882269859314,-3.1399750262498856,0.04148811241767228
sub-S0001122319601_ses-1,0,-1.1479649245738983,-1.6124695837497711,-2.120250031352043,-1.6268948465585709,0.16425618026505776
sub-S0001122320865_ses-1,0,-1.4722648859024048,-1.210568755865097,-1.8996333181858063,-1.5274889866511028,0.1783613741103031
sub-S0001122321888_ses-2,1,3.21398788690567,4.882910668849945,3.6585977375507355,3.91849876443545,0.9805162563154541
sub-S0001122322927_ses-1,0,-4.974078670144081,-4.529003505536821,-6.464013576507568,-5.32236525072949,0.004857484483121001
sub-S0001122323719_ses-1,0,-0.8007045686244965,-1.0318062007427216,-1.1154884099960327,-0.9826663931210836,0.2723630334845505
sub-S0001122324717_ses-1,0,-5.03039875626564,-5.536770805716515,-4.986526817083359,-5.184565459688504,0.005571158846085341
sub-S0001122325292_ses-1,0,-2.1065274477005005,-1.5989700555801392,-1.797842800617218,-1.8344467679659526,0.13770938825688997
sub-S0001122326953_ses-1,0,-1.9696856141090393,-1.753793179988861,-1.8576419353485107,-1.860373576482137,0.13465951451411856
sub-S0001122332739_ses-1,0,-0.9342058897018433,-0.7987448573112488,-0.8767743110656738,-0.869908352692922,0.2952733722579985
sub-S0001122335896_ses-1,0,-2.7057988047599792,-3.6948491380899213,-3.1980918645858765,-3.1995799358119257,0.039181533615661526
sub-S0001122337564_ses-1,0,-4.740594804286957,-3.9388667941093445,-4.676674246788025,-4.452045281728108,0.011520438108401285
sub-S0001122338062_ses-1,1,-0.17201316356658936,-0.10873383283615112,0.20558151602745056,-0.025055160125096638,0.49373653762844
sub-S0001122338965_ses-2,0,-3.895181030035019,-3.2644628332345746,-4.272052228450775,-3.8105653639067896,0.021656284547965674
sub-S0001122339088_ses-1,0,-1.0421345233917236,-0.2023686170578003,-0.3108179569244385,-0.5184403657913208,0.3732170005883709
sub-S0001122340001_ses-1,0,-5.7536581158638,-4.975068211555481,-5.083744555711746,-5.270823627710342,0.005113097765553752
sub-S0001122341243_ses-1,0,-3.6531954407691956,-1.8599908202886581,-2.890088677406311,-2.8010916461547217,0.05726521389765548
sub-S0001122342481_ses-1,0,-5.368687212467194,-5.62221485376358,-5.759362280368805,-5.583421448866527,0.0037455976865603947
sub-S0001122346621_ses-1,0,-1.0217194557189941,-1.7700011134147644,-1.0323268473148346,-1.2746824721495311,0.21845674385901573
sub-S0001122347623_ses-1,0,-4.946314174681902,-5.0026286886422895,-3.7963257133960724,-4.581756192240088,0.01013317025573682
sub-S0001122348072_ses-1,0,-7.89017117023468,-7.220603704452515,-5.579551637172699,-6.896775503953298,0.0010100191039859353
sub-S0001122352782_ses-1,0,-2.4230945706367493,-2.5165293216705322,-1.9014624953269958,-2.280362129211426,0.092762472698459
sub-S0001122354269_ses-1,0,-2.8138204514980316,-2.670865058898926,-3.3702771812677383,-2.9516542305548987,0.049658386214281
sub-S0001122357646_ses-1,0,-1.1306639611721039,-1.6884136348962784,-1.2497450560331345,-1.3562742173671722,0.2048465068795546
sub-S0001122358657_ses-1,0,-3.269465759396553,-2.81064379675081,-3.5341644138097763,-3.2047579899857133,0.03898706329083207
sub-S0001122358866_ses-1,1,5.044963598251343,5.5577826499938965,5.308244705200195,5.3036636511484785,0.9950512718007186
sub-S0001122359908_ses-1,0,-2.213733047246933,-2.743990898132324,-2.2690055556595325,-2.4089098336795964,0.08249579552984887
sub-S0001122360613_ses-1,0,-3.371034622192383,-2.596452832221985,-3.998933881521225,-3.3221404453118644,0.03481940289223103
sub-S0001122366750_ses-1,0,-1.7559109926223755,-1.5797088146209717,-1.302169680595398,-1.5459298292795818,0.17567490489609475
sub-S0001122371003_ses-1,0,-6.3072503209114075,-5.241621911525726,-6.201781511306763,-5.916884581247966,0.002686342868483519
sub-S0001122400544_ses-1,0,-1.3659478425979614,-0.35780298709869385,-1.5344972610473633,-1.0860826969146729,0.25235664958715864
